{"_id":"node-homedir","_rev":"2479614","name":"node-homedir","description":"Get the effective user's homedir.","dist-tags":{"latest":"1.0.0"},"maintainers":[{"name":"ngot","email":"zhuanghengfei@gmail.com"}],"time":{"modified":"2017-03-27T17:00:50.000Z","created":"2016-10-13T03:48:25.899Z","1.0.0":"2016-11-04T04:49:39.512Z","0.0.1":"2016-10-13T03:48:25.899Z"},"users":{},"author":{"name":"ngot"},"repository":{"type":"git","url":"git+https://github.com/node-modules/node-homedir.git"},"versions":{"1.0.0":{"name":"node-homedir","version":"1.0.0","description":"Get the effective user's homedir.","main":"index.js","scripts":{"test":"npm run lint && mocha -t 15000 -r intelli-espower-loader test/*.test.js","test-cov":"istanbul cover _mocha -- -t 15000 -r intelli-espower-loader test/*.test.js","lint":"eslint test *.js","ci":"npm run lint && npm run test-cov"},"repository":{"type":"git","url":"git+https://github.com/node-modules/node-homedir.git"},"keywords":["homedir","effective","node"],"author":{"name":"ngot"},"license":"MIT","bugs":{"url":"https://github.com/node-modules/node-homedir/issues"},"homepage":"https://github.com/node-modules/node-homedir#readme","devDependencies":{"eslint":"3","eslint-config-egg":"3","intelli-espower-loader":"^1.0.1","istanbul":"*","mm":"^2.0.0","mocha":"*","power-assert":"^1.4.1"},"files":["index.js","README.md"],"engines":{"node":">=4.0.0"},"ci":{"version":"4, 6"},"gitHead":"d2f13e047e011e865507f22d00d02748bdc964e0","_id":"node-homedir@1.0.0","_shasum":"c636636e2d5047d0225eefb8db4b663e58594f49","_from":".","_npmVersion":"3.10.8","_nodeVersion":"6.9.0","_npmUser":{"name":"ngot","email":"zhuanghengfei@gmail.com"},"dist":{"shasum":"c636636e2d5047d0225eefb8db4b663e58594f49","size":2019,"noattachment":false,"tarball":"http://registry.npm.taobao.org/node-homedir/download/node-homedir-1.0.0.tgz"},"maintainers":[{"name":"ngot","email":"zhuanghengfei@gmail.com"}],"_npmOperationalInternal":{"host":"packages-12-west.internal.npmjs.com","tmp":"tmp/node-homedir-1.0.0.tgz_1478234977458_0.7161178383976221"},"directories":{},"publish_time":1478234979512,"_cnpm_publish_time":1478234979512,"_hasShrinkwrap":false},"0.0.1":{"name":"node-homedir","version":"0.0.1","description":"Get the effective user's homedir.","main":"index.js","scripts":{"test":"npm run lint && mocha -t 15000 -r intelli-espower-loader test/*.test.js","test-cov":"istanbul cover _mocha -- -t 15000 -r intelli-espower-loader test/*.test.js","lint":"eslint test *.js","ci":"npm run lint && npm run test-cov"},"repository":{"type":"git","url":"git+https://github.com/node-modules/node-homedir.git"},"keywords":["homedir","effective","node"],"author":{"name":"ngot"},"license":"MIT","bugs":{"url":"https://github.com/node-modules/node-homedir/issues"},"homepage":"https://github.com/node-modules/node-homedir#readme","devDependencies":{"egg-ci":"~1.0.3","eslint":"3","eslint-config-egg":"3","intelli-espower-loader":"^1.0.1","istanbul":"*","mm":"^2.0.0","mocha":"*","power-assert":"^1.4.1"},"files":["index.js"],"engines":{"node":">=4.0.0"},"ci":{"version":"4, 6"},"gitHead":"7f112eeb2402ed3c561f9915f315fa2177cc0b0f","_id":"node-homedir@0.0.1","_shasum":"8ecae27633ba917fda0bc2c12a8a2ed7cca3dbd3","_from":".","_npmVersion":"3.8.6","_nodeVersion":"6.0.0","_npmUser":{"name":"ngot","email":"zhuanghengfei@gmail.com"},"dist":{"shasum":"8ecae27633ba917fda0bc2c12a8a2ed7cca3dbd3","size":1398,"noattachment":false,"tarball":"http://registry.npm.taobao.org/node-homedir/download/node-homedir-0.0.1.tgz"},"maintainers":[{"name":"ngot","email":"zhuanghengfei@gmail.com"}],"_npmOperationalInternal":{"host":"packages-16-east.internal.npmjs.com","tmp":"tmp/node-homedir-0.0.1.tgz_1476330505056_0.5042987801134586"},"directories":{},"publish_time":1476330505899,"_cnpm_publish_time":1476330505899,"_hasShrinkwrap":false}},"readme":"# node-homedir\n\nGet the effective user's homedir, if node.js >= v6.0.0 .\n\nAways return the homedir of the current executor， even execute with `sudo -u [user] node app.js` without `-i`.\n\n[Reference Issue](https://github.com/nodejs/node/issues/5582)\n\n[![NPM version][npm-image]][npm-url]\n[![build status][travis-image]][travis-url]\n[![Test coverage][codecov-image]][codecov-url]\n[![David deps][david-image]][david-url]\n[![Known Vulnerabilities][snyk-image]][snyk-url]\n[![npm download][download-image]][download-url]\n\n[npm-image]: https://img.shields.io/npm/v/node-homedir.svg?style=flat-square\n[npm-url]: https://npmjs.org/package/node-homedir\n[travis-image]: https://img.shields.io/travis/node-modules/node-homedir.svg?style=flat-square\n[travis-url]: https://travis-ci.org/node-modules/node-homedir\n[codecov-image]: https://codecov.io/github/node-modules/node-homedir/coverage.svg?branch=master\n[codecov-url]: https://codecov.io/github/node-modules/node-homedir?branch=master\n[david-image]: https://img.shields.io/david/node-modules/node-homedir.svg?style=flat-square\n[david-url]: https://david-dm.org/node-modules/node-homedir\n[snyk-image]: https://snyk.io/test/npm/node-homedir/badge.svg?style=flat-square\n[snyk-url]: https://snyk.io/test/npm/node-homedir\n[download-image]: https://img.shields.io/npm/dm/node-homedir.svg?style=flat-square\n[download-url]: https://npmjs.org/package/node-homedir\n\n## Installation\n\n```bash\n$ npm install node-homedir --save\n```\n\n## Usage\n\n```js\n  const homedir = require('node-homedir');\n  console.log(homedir());\n```\n\n## License\n[MIT](LICENSE)\n","_attachments":{},"homepage":"https://github.com/node-modules/node-homedir#readme","bugs":{"url":"https://github.com/node-modules/node-homedir/issues"},"license":"MIT","_etag":"\"15f6-1pWywvAtYbOFf+h8eo+8etiY1vc\""}