{"_id":"brace-expansion","_rev":"3415843","name":"brace-expansion","description":"Brace expansion as known from sh/bash","dist-tags":{"latest":"1.1.7"},"maintainers":[{"name":"isaacs","email":"i@izs.me"},{"name":"juliangruber","email":"julian@juliangruber.com"}],"time":{"modified":"2017-04-07T08:13:57.000Z","created":"2013-10-13T12:58:50.153Z","1.1.7":"2017-04-07T08:13:51.907Z","1.1.6":"2016-07-20T20:48:37.117Z","1.1.5":"2016-06-15T11:21:03.644Z","1.1.4":"2016-05-01T19:14:21.252Z","1.1.3":"2016-02-11T18:51:31.874Z","1.1.2":"2015-11-28T12:58:57.647Z","1.1.1":"2015-09-27T21:58:47.098Z","1.1.0":"2014-12-16T18:58:15.116Z","1.0.1":"2014-12-03T07:58:39.708Z","1.0.0":"2014-11-30T09:58:55.317Z","0.0.0":"2013-10-13T12:58:50.153Z"},"users":{"fotooo":true,"i-erokhin":true,"scottfreecode":true,"shaomingquan":true,"danielbayley":true,"sbruchmann":true},"author":{"name":"Julian Gruber","email":"mail@juliangruber.com","url":"http://juliangruber.com"},"repository":{"type":"git","url":"git://github.com/juliangruber/brace-expansion.git"},"versions":{"1.1.7":{"name":"brace-expansion","description":"Brace expansion as known from sh/bash","version":"1.1.7","repository":{"type":"git","url":"git://github.com/juliangruber/brace-expansion.git"},"homepage":"https://github.com/juliangruber/brace-expansion","main":"index.js","scripts":{"test":"tape test/*.js","gentest":"bash test/generate.sh","bench":"matcha test/perf/bench.js"},"dependencies":{"balanced-match":"^0.4.1","concat-map":"0.0.1"},"devDependencies":{"matcha":"^0.7.0","tape":"^4.6.0"},"keywords":[],"author":{"name":"Julian Gruber","email":"mail@juliangruber.com","url":"http://juliangruber.com"},"license":"MIT","testling":{"files":"test/*.js","browsers":["ie/8..latest","firefox/20..latest","firefox/nightly","chrome/25..latest","chrome/canary","opera/12..latest","opera/next","safari/5.1..latest","ipad/6.0..latest","iphone/6.0..latest","android-browser/4.2..latest"]},"gitHead":"892512024872ca7680554be90f6e8ce065053372","bugs":{"url":"https://github.com/juliangruber/brace-expansion/issues"},"_id":"brace-expansion@1.1.7","_shasum":"3effc3c50e000531fb720eaff80f0ae8ef23cf59","_from":".","_npmVersion":"4.2.0","_nodeVersion":"7.8.0","_npmUser":{"name":"juliangruber","email":"julian@juliangruber.com"},"dist":{"shasum":"3effc3c50e000531fb720eaff80f0ae8ef23cf59","size":3936,"noattachment":false,"tarball":"http://registry.npm.taobao.org/brace-expansion/download/brace-expansion-1.1.7.tgz"},"maintainers":[{"name":"isaacs","email":"i@izs.me"},{"name":"juliangruber","email":"julian@juliangruber.com"}],"_npmOperationalInternal":{"host":"packages-12-west.internal.npmjs.com","tmp":"tmp/brace-expansion-1.1.7.tgz_1491552830231_0.7213963181711733"},"directories":{},"publish_time":1491552831907,"_hasShrinkwrap":false,"_cnpm_publish_time":1491552831907},"1.1.6":{"name":"brace-expansion","description":"Brace expansion as known from sh/bash","version":"1.1.6","repository":{"type":"git","url":"git://github.com/juliangruber/brace-expansion.git"},"homepage":"https://github.com/juliangruber/brace-expansion","main":"index.js","scripts":{"test":"tape test/*.js","gentest":"bash test/generate.sh"},"dependencies":{"balanced-match":"^0.4.1","concat-map":"0.0.1"},"devDependencies":{"tape":"^4.6.0"},"keywords":[],"author":{"name":"Julian Gruber","email":"mail@juliangruber.com","url":"http://juliangruber.com"},"license":"MIT","testling":{"files":"test/*.js","browsers":["ie/8..latest","firefox/20..latest","firefox/nightly","chrome/25..latest","chrome/canary","opera/12..latest","opera/next","safari/5.1..latest","ipad/6.0..latest","iphone/6.0..latest","android-browser/4.2..latest"]},"gitHead":"791262fa06625e9c5594cde529a21d82086af5f2","bugs":{"url":"https://github.com/juliangruber/brace-expansion/issues"},"_id":"brace-expansion@1.1.6","_shasum":"7197d7eaa9b87e648390ea61fc66c84427420df9","_from":".","_npmVersion":"2.15.8","_nodeVersion":"4.4.7","_npmUser":{"name":"juliangruber","email":"julian@juliangruber.com"},"dist":{"shasum":"7197d7eaa9b87e648390ea61fc66c84427420df9","size":3876,"noattachment":false,"tarball":"http://registry.npm.taobao.org/brace-expansion/download/brace-expansion-1.1.6.tgz"},"maintainers":[{"name":"isaacs","email":"i@izs.me"},{"name":"juliangruber","email":"julian@juliangruber.com"}],"_npmOperationalInternal":{"host":"packages-16-east.internal.npmjs.com","tmp":"tmp/brace-expansion-1.1.6.tgz_1469047715600_0.9362958471756428"},"directories":{},"publish_time":1469047717117,"_cnpm_publish_time":1469047717117,"_hasShrinkwrap":false},"1.1.5":{"name":"brace-expansion","description":"Brace expansion as known from sh/bash","version":"1.1.5","repository":{"type":"git","url":"git://github.com/juliangruber/brace-expansion.git"},"homepage":"https://github.com/juliangruber/brace-expansion","main":"index.js","scripts":{"test":"tape test/*.js","gentest":"bash test/generate.sh"},"dependencies":{"balanced-match":"^0.4.1","concat-map":"0.0.1"},"devDependencies":{"tape":"4.5.1"},"keywords":[],"author":{"name":"Julian Gruber","email":"mail@juliangruber.com","url":"http://juliangruber.com"},"license":"MIT","testling":{"files":"test/*.js","browsers":["ie/8..latest","firefox/20..latest","firefox/nightly","chrome/25..latest","chrome/canary","opera/12..latest","opera/next","safari/5.1..latest","ipad/6.0..latest","iphone/6.0..latest","android-browser/4.2..latest"]},"gitHead":"ff31acab078f1bb696ac4c55ca56ea24e6495fb6","bugs":{"url":"https://github.com/juliangruber/brace-expansion/issues"},"_id":"brace-expansion@1.1.5","_shasum":"f5b4ad574e2cb7ccc1eb83e6fe79b8ecadf7a526","_from":".","_npmVersion":"2.15.5","_nodeVersion":"4.4.5","_npmUser":{"name":"juliangruber","email":"julian@juliangruber.com"},"dist":{"shasum":"f5b4ad574e2cb7ccc1eb83e6fe79b8ecadf7a526","size":3653,"noattachment":false,"tarball":"http://registry.npm.taobao.org/brace-expansion/download/brace-expansion-1.1.5.tgz"},"maintainers":[{"name":"isaacs","email":"i@izs.me"},{"name":"juliangruber","email":"julian@juliangruber.com"}],"_npmOperationalInternal":{"host":"packages-16-east.internal.npmjs.com","tmp":"tmp/brace-expansion-1.1.5.tgz_1465989660138_0.34528115345165133"},"directories":{},"publish_time":1465989663644,"_cnpm_publish_time":1465989663644,"_hasShrinkwrap":false},"1.1.4":{"name":"brace-expansion","description":"Brace expansion as known from sh/bash","version":"1.1.4","repository":{"type":"git","url":"git://github.com/juliangruber/brace-expansion.git"},"homepage":"https://github.com/juliangruber/brace-expansion","main":"index.js","scripts":{"test":"tape test/*.js","gentest":"bash test/generate.sh"},"dependencies":{"balanced-match":"^0.4.1","concat-map":"0.0.1"},"devDependencies":{"tape":"4.5.1"},"keywords":[],"author":{"name":"Julian Gruber","email":"mail@juliangruber.com","url":"http://juliangruber.com"},"license":"MIT","testling":{"files":"test/*.js","browsers":["ie/8..latest","firefox/20..latest","firefox/nightly","chrome/25..latest","chrome/canary","opera/12..latest","opera/next","safari/5.1..latest","ipad/6.0..latest","iphone/6.0..latest","android-browser/4.2..latest"]},"gitHead":"1660b75d0bf03b022e7888b576cd5a4080692c1d","bugs":{"url":"https://github.com/juliangruber/brace-expansion/issues"},"_id":"brace-expansion@1.1.4","_shasum":"464a204c77f482c085c2a36c456bbfbafb67a127","_from":".","_npmVersion":"3.8.6","_nodeVersion":"6.0.0","_npmUser":{"name":"juliangruber","email":"julian@juliangruber.com"},"dist":{"shasum":"464a204c77f482c085c2a36c456bbfbafb67a127","size":3915,"noattachment":false,"tarball":"http://registry.npm.taobao.org/brace-expansion/download/brace-expansion-1.1.4.tgz"},"maintainers":[{"name":"isaacs","email":"i@izs.me"},{"name":"juliangruber","email":"julian@juliangruber.com"}],"_npmOperationalInternal":{"host":"packages-12-west.internal.npmjs.com","tmp":"tmp/brace-expansion-1.1.4.tgz_1462130058897_0.14984136167913675"},"directories":{},"publish_time":1462130061252,"_cnpm_publish_time":1462130061252,"_hasShrinkwrap":false},"1.1.3":{"name":"brace-expansion","description":"Brace expansion as known from sh/bash","version":"1.1.3","repository":{"type":"git","url":"git://github.com/juliangruber/brace-expansion.git"},"homepage":"https://github.com/juliangruber/brace-expansion","main":"index.js","scripts":{"test":"tape test/*.js","gentest":"bash test/generate.sh"},"dependencies":{"balanced-match":"^0.3.0","concat-map":"0.0.1"},"devDependencies":{"tape":"4.4.0"},"keywords":[],"author":{"name":"Julian Gruber","email":"mail@juliangruber.com","url":"http://juliangruber.com"},"license":"MIT","testling":{"files":"test/*.js","browsers":["ie/8..latest","firefox/20..latest","firefox/nightly","chrome/25..latest","chrome/canary","opera/12..latest","opera/next","safari/5.1..latest","ipad/6.0..latest","iphone/6.0..latest","android-browser/4.2..latest"]},"gitHead":"f0da1bb668e655f67b6b2d660c6e1c19e2a6f231","bugs":{"url":"https://github.com/juliangruber/brace-expansion/issues"},"_id":"brace-expansion@1.1.3","_shasum":"46bff50115d47fc9ab89854abb87d98078a10991","_from":".","_npmVersion":"3.3.12","_nodeVersion":"5.5.0","_npmUser":{"name":"juliangruber","email":"julian@juliangruber.com"},"dist":{"shasum":"46bff50115d47fc9ab89854abb87d98078a10991","size":3910,"noattachment":false,"tarball":"http://registry.npm.taobao.org/brace-expansion/download/brace-expansion-1.1.3.tgz"},"maintainers":[{"name":"isaacs","email":"i@izs.me"},{"name":"juliangruber","email":"julian@juliangruber.com"}],"_npmOperationalInternal":{"host":"packages-6-west.internal.npmjs.com","tmp":"tmp/brace-expansion-1.1.3.tgz_1455216688668_0.948847763473168"},"directories":{},"publish_time":1455216691874,"_cnpm_publish_time":1455216691874,"_hasShrinkwrap":false},"1.1.2":{"name":"brace-expansion","description":"Brace expansion as known from sh/bash","version":"1.1.2","repository":{"type":"git","url":"git://github.com/juliangruber/brace-expansion.git"},"homepage":"https://github.com/juliangruber/brace-expansion","main":"index.js","scripts":{"test":"tape test/*.js","gentest":"bash test/generate.sh"},"dependencies":{"balanced-match":"^0.3.0","concat-map":"0.0.1"},"devDependencies":{"tape":"4.2.2"},"keywords":[],"author":{"name":"Julian Gruber","email":"mail@juliangruber.com","url":"http://juliangruber.com"},"license":"MIT","testling":{"files":"test/*.js","browsers":["ie/8..latest","firefox/20..latest","firefox/nightly","chrome/25..latest","chrome/canary","opera/12..latest","opera/next","safari/5.1..latest","ipad/6.0..latest","iphone/6.0..latest","android-browser/4.2..latest"]},"gitHead":"b03773a30fa516b1374945b68e9acb6253d595fa","bugs":{"url":"https://github.com/juliangruber/brace-expansion/issues"},"_id":"brace-expansion@1.1.2","_shasum":"f21445d0488b658e2771efd870eff51df29f04ef","_from":".","_npmVersion":"2.14.7","_nodeVersion":"4.2.1","_npmUser":{"name":"juliangruber","email":"julian@juliangruber.com"},"dist":{"shasum":"f21445d0488b658e2771efd870eff51df29f04ef","size":3908,"noattachment":false,"tarball":"http://registry.npm.taobao.org/brace-expansion/download/brace-expansion-1.1.2.tgz"},"maintainers":[{"name":"isaacs","email":"i@izs.me"},{"name":"juliangruber","email":"julian@juliangruber.com"}],"directories":{},"publish_time":1448715537647,"_cnpm_publish_time":1448715537647,"_hasShrinkwrap":false},"1.1.1":{"name":"brace-expansion","description":"Brace expansion as known from sh/bash","version":"1.1.1","repository":{"type":"git","url":"git://github.com/juliangruber/brace-expansion.git"},"homepage":"https://github.com/juliangruber/brace-expansion","main":"index.js","scripts":{"test":"tape test/*.js","gentest":"bash test/generate.sh"},"dependencies":{"balanced-match":"^0.2.0","concat-map":"0.0.1"},"devDependencies":{"tape":"^3.0.3"},"keywords":[],"author":{"name":"Julian Gruber","email":"mail@juliangruber.com","url":"http://juliangruber.com"},"license":"MIT","testling":{"files":"test/*.js","browsers":["ie/8..latest","firefox/20..latest","firefox/nightly","chrome/25..latest","chrome/canary","opera/12..latest","opera/next","safari/5.1..latest","ipad/6.0..latest","iphone/6.0..latest","android-browser/4.2..latest"]},"gitHead":"f50da498166d76ea570cf3b30179f01f0f119612","bugs":{"url":"https://github.com/juliangruber/brace-expansion/issues"},"_id":"brace-expansion@1.1.1","_shasum":"da5fb78aef4c44c9e4acf525064fb3208ebab045","_from":".","_npmVersion":"2.6.1","_nodeVersion":"0.10.36","_npmUser":{"name":"juliangruber","email":"julian@juliangruber.com"},"maintainers":[{"name":"isaacs","email":"i@izs.me"},{"name":"juliangruber","email":"julian@juliangruber.com"}],"dist":{"shasum":"da5fb78aef4c44c9e4acf525064fb3208ebab045","size":3923,"noattachment":false,"tarball":"http://registry.npm.taobao.org/brace-expansion/download/brace-expansion-1.1.1.tgz"},"directories":{},"publish_time":1443391127098,"_cnpm_publish_time":1443391127098,"_hasShrinkwrap":false},"1.1.0":{"name":"brace-expansion","description":"Brace expansion as known from sh/bash","version":"1.1.0","repository":{"type":"git","url":"git://github.com/juliangruber/brace-expansion.git"},"homepage":"https://github.com/juliangruber/brace-expansion","main":"index.js","scripts":{"test":"tape test/*.js","gentest":"bash test/generate.sh"},"dependencies":{"balanced-match":"^0.2.0","concat-map":"0.0.1"},"devDependencies":{"tape":"^3.0.3"},"keywords":[],"author":{"name":"Julian Gruber","email":"mail@juliangruber.com","url":"http://juliangruber.com"},"license":"MIT","testling":{"files":"test/*.js","browsers":["ie/8..latest","firefox/20..latest","firefox/nightly","chrome/25..latest","chrome/canary","opera/12..latest","opera/next","safari/5.1..latest","ipad/6.0..latest","iphone/6.0..latest","android-browser/4.2..latest"]},"gitHead":"b5fa3b1c74e5e2dba2d0efa19b28335641bc1164","bugs":{"url":"https://github.com/juliangruber/brace-expansion/issues"},"_id":"brace-expansion@1.1.0","_shasum":"c9b7d03c03f37bc704be100e522b40db8f6cfcd9","_from":".","_npmVersion":"2.1.10","_nodeVersion":"0.10.32","_npmUser":{"name":"juliangruber","email":"julian@juliangruber.com"},"maintainers":[{"name":"isaacs","email":"i@izs.me"},{"name":"juliangruber","email":"julian@juliangruber.com"}],"dist":{"shasum":"c9b7d03c03f37bc704be100e522b40db8f6cfcd9","size":8868,"noattachment":false,"tarball":"http://registry.npm.taobao.org/brace-expansion/download/brace-expansion-1.1.0.tgz"},"directories":{},"publish_time":1418756295116,"_cnpm_publish_time":1418756295116,"_hasShrinkwrap":false},"1.0.1":{"name":"brace-expansion","description":"Brace expansion as known from sh/bash","version":"1.0.1","repository":{"type":"git","url":"git://github.com/juliangruber/brace-expansion.git"},"homepage":"https://github.com/juliangruber/brace-expansion","main":"index.js","scripts":{"test":"tape test/*.js","gentest":"bash test/generate.sh"},"dependencies":{"balanced-match":"^0.2.0","concat-map":"0.0.0"},"devDependencies":{"tape":"~1.1.1"},"keywords":[],"author":{"name":"Julian Gruber","email":"mail@juliangruber.com","url":"http://juliangruber.com"},"license":"MIT","testling":{"files":"test/*.js","browsers":["ie/8..latest","firefox/20..latest","firefox/nightly","chrome/25..latest","chrome/canary","opera/12..latest","opera/next","safari/5.1..latest","ipad/6.0..latest","iphone/6.0..latest","android-browser/4.2..latest"]},"gitHead":"ceba9627f19c590feb7df404e1d6c41f8c01b93a","bugs":{"url":"https://github.com/juliangruber/brace-expansion/issues"},"_id":"brace-expansion@1.0.1","_shasum":"817708d72ab27a8c312d25efababaea963439ed5","_from":".","_npmVersion":"2.1.11","_nodeVersion":"0.10.16","_npmUser":{"name":"isaacs","email":"i@izs.me"},"maintainers":[{"name":"isaacs","email":"i@izs.me"},{"name":"juliangruber","email":"julian@juliangruber.com"}],"dist":{"shasum":"817708d72ab27a8c312d25efababaea963439ed5","size":9022,"noattachment":false,"tarball":"http://registry.npm.taobao.org/brace-expansion/download/brace-expansion-1.0.1.tgz"},"directories":{},"publish_time":1417593519708,"_cnpm_publish_time":1417593519708,"_hasShrinkwrap":false},"1.0.0":{"name":"brace-expansion","description":"Brace expansion as known from sh/bash","version":"1.0.0","repository":{"type":"git","url":"git://github.com/juliangruber/brace-expansion.git"},"homepage":"https://github.com/juliangruber/brace-expansion","main":"index.js","scripts":{"test":"tape test/*.js","gentest":"bash test/generate.sh"},"dependencies":{"balanced-match":"^0.2.0","concat-map":"0.0.0"},"devDependencies":{"tape":"~1.1.1"},"keywords":[],"author":{"name":"Julian Gruber","email":"mail@juliangruber.com","url":"http://juliangruber.com"},"license":"MIT","testling":{"files":"test/*.js","browsers":["ie/8..latest","firefox/20..latest","firefox/nightly","chrome/25..latest","chrome/canary","opera/12..latest","opera/next","safari/5.1..latest","ipad/6.0..latest","iphone/6.0..latest","android-browser/4.2..latest"]},"gitHead":"55329dcf69a61c2ea76320c5e87a56de48682c80","bugs":{"url":"https://github.com/juliangruber/brace-expansion/issues"},"_id":"brace-expansion@1.0.0","_shasum":"a01656d12ebbbd067c8e935903f194ea5efee4ee","_from":".","_npmVersion":"2.1.8","_nodeVersion":"0.10.32","_npmUser":{"name":"juliangruber","email":"julian@juliangruber.com"},"maintainers":[{"name":"isaacs","email":"i@izs.me"},{"name":"juliangruber","email":"julian@juliangruber.com"}],"dist":{"shasum":"a01656d12ebbbd067c8e935903f194ea5efee4ee","size":7083,"noattachment":false,"tarball":"http://registry.npm.taobao.org/brace-expansion/download/brace-expansion-1.0.0.tgz"},"directories":{},"publish_time":1417341535317,"_cnpm_publish_time":1417341535317,"_hasShrinkwrap":false},"0.0.0":{"name":"brace-expansion","description":"Brace expansion as known from sh/bash","version":"0.0.0","repository":{"type":"git","url":"git://github.com/juliangruber/brace-expansion.git"},"homepage":"https://github.com/juliangruber/brace-expansion","main":"index.js","scripts":{"test":"tape test/*.js"},"dependencies":{"concat-map":"0.0.0","balanced-match":"0.0.0"},"devDependencies":{"tape":"~1.1.1"},"keywords":[],"author":{"name":"Julian Gruber","email":"mail@juliangruber.com","url":"http://juliangruber.com"},"license":"MIT","readmeFilename":"README.md","bugs":{"url":"https://github.com/juliangruber/brace-expansion/issues"},"_id":"brace-expansion@0.0.0","dist":{"shasum":"b2142015e8ee12d4cdae2a23908d28d44c2baa9f","size":3946,"noattachment":false,"tarball":"http://registry.npm.taobao.org/brace-expansion/download/brace-expansion-0.0.0.tgz"},"_from":".","_npmVersion":"1.3.11","_npmUser":{"name":"juliangruber","email":"julian@juliangruber.com"},"maintainers":[{"name":"isaacs","email":"i@izs.me"},{"name":"juliangruber","email":"julian@juliangruber.com"}],"directories":{},"publish_time":1381669130153,"_cnpm_publish_time":1381669130153,"_hasShrinkwrap":false}},"readme":"# brace-expansion\n\n[Brace expansion](https://www.gnu.org/software/bash/manual/html_node/Brace-Expansion.html), \nas known from sh/bash, in JavaScript.\n\n[![build status](https://secure.travis-ci.org/juliangruber/brace-expansion.svg)](http://travis-ci.org/juliangruber/brace-expansion)\n[![downloads](https://img.shields.io/npm/dm/brace-expansion.svg)](https://www.npmjs.org/package/brace-expansion)\n[![Greenkeeper badge](https://badges.greenkeeper.io/juliangruber/brace-expansion.svg)](https://greenkeeper.io/)\n\n[![testling badge](https://ci.testling.com/juliangruber/brace-expansion.png)](https://ci.testling.com/juliangruber/brace-expansion)\n\n## Example\n\n```js\nvar expand = require('brace-expansion');\n\nexpand('file-{a,b,c}.jpg')\n// => ['file-a.jpg', 'file-b.jpg', 'file-c.jpg']\n\nexpand('-v{,,}')\n// => ['-v', '-v', '-v']\n\nexpand('file{0..2}.jpg')\n// => ['file0.jpg', 'file1.jpg', 'file2.jpg']\n\nexpand('file-{a..c}.jpg')\n// => ['file-a.jpg', 'file-b.jpg', 'file-c.jpg']\n\nexpand('file{2..0}.jpg')\n// => ['file2.jpg', 'file1.jpg', 'file0.jpg']\n\nexpand('file{0..4..2}.jpg')\n// => ['file0.jpg', 'file2.jpg', 'file4.jpg']\n\nexpand('file-{a..e..2}.jpg')\n// => ['file-a.jpg', 'file-c.jpg', 'file-e.jpg']\n\nexpand('file{00..10..5}.jpg')\n// => ['file00.jpg', 'file05.jpg', 'file10.jpg']\n\nexpand('{{A..C},{a..c}}')\n// => ['A', 'B', 'C', 'a', 'b', 'c']\n\nexpand('ppp{,config,oe{,conf}}')\n// => ['ppp', 'pppconfig', 'pppoe', 'pppoeconf']\n```\n\n## API\n\n```js\nvar expand = require('brace-expansion');\n```\n\n### var expanded = expand(str)\n\nReturn an array of all possible and valid expansions of `str`. If none are\nfound, `[str]` is returned.\n\nValid expansions are:\n\n```js\n/^(.*,)+(.+)?$/\n// {a,b,...}\n```\n\nA comma seperated list of options, like `{a,b}` or `{a,{b,c}}` or `{,a,}`.\n\n```js\n/^-?\\d+\\.\\.-?\\d+(\\.\\.-?\\d+)?$/\n// {x..y[..incr]}\n```\n\nA numeric sequence from `x` to `y` inclusive, with optional increment.\nIf `x` or `y` start with a leading `0`, all the numbers will be padded\nto have equal length. Negative numbers and backwards iteration work too.\n\n```js\n/^-?\\d+\\.\\.-?\\d+(\\.\\.-?\\d+)?$/\n// {x..y[..incr]}\n```\n\nAn alphabetic sequence from `x` to `y` inclusive, with optional increment.\n`x` and `y` must be exactly one character, and if given, `incr` must be a\nnumber.\n\nFor compatibility reasons, the string `${` is not eligible for brace expansion.\n\n## Installation\n\nWith [npm](https://npmjs.org) do:\n\n```bash\nnpm install brace-expansion\n```\n\n## Contributors\n\n- [Julian Gruber](https://github.com/juliangruber)\n- [Isaac Z. Schlueter](https://github.com/isaacs)\n\n## License\n\n(MIT)\n\nCopyright (c) 2013 Julian Gruber &lt;julian@juliangruber.com&gt;\n\nPermission is hereby granted, free of charge, to any person obtaining a copy of\nthis software and associated documentation files (the \"Software\"), to deal in\nthe Software without restriction, including without limitation the rights to\nuse, copy, modify, merge, publish, distribute, sublicense, and/or sell copies\nof the Software, and to permit persons to whom the Software is furnished to do\nso, subject to the following conditions:\n\nThe above copyright notice and this permission notice shall be included in all\ncopies or substantial portions of the Software.\n\nTHE SOFTWARE IS PROVIDED \"AS IS\", WITHOUT WARRANTY OF ANY KIND, EXPRESS OR\nIMPLIED, INCLUDING BUT NOT LIMITED TO THE WARRANTIES OF MERCHANTABILITY,\nFITNESS FOR A PARTICULAR PURPOSE AND NONINFRINGEMENT. IN NO EVENT SHALL THE\nAUTHORS OR COPYRIGHT HOLDERS BE LIABLE FOR ANY CLAIM, DAMAGES OR OTHER\nLIABILITY, WHETHER IN AN ACTION OF CONTRACT, TORT OR OTHERWISE, ARISING FROM,\nOUT OF OR IN CONNECTION WITH THE SOFTWARE OR THE USE OR OTHER DEALINGS IN THE\nSOFTWARE.\n","_attachments":{},"homepage":"https://github.com/juliangruber/brace-expansion","bugs":{"url":"https://github.com/juliangruber/brace-expansion/issues"},"license":"MIT","_etag":"\"585e-YiagIhDVpdGnAtB/nYDu3j5k/x8\""}