{"_id":"co-parallel","_rev":"5-f47d97d7094c69dc47db1faea60158b9","name":"co-parallel","description":"parallel execution with concurrency control","dist-tags":{"latest":"1.0.0"},"versions":{"0.0.1":{"name":"co-parallel","version":"0.0.1","repository":{"type":"git","url":"git://github.com/visionmedia/co-parallel"},"description":"parallel execution with concurrency control","keywords":["co","generators","parallel","concurrent"],"dependencies":{},"devDependencies":{"mocha":"*","should":"*","co":"~3.0.2","co-request":"~0.1.1"},"license":"MIT","bugs":{"url":"https://github.com/visionmedia/co-parallel/issues"},"homepage":"https://github.com/visionmedia/co-parallel","_id":"co-parallel@0.0.1","dist":{"shasum":"e58853878babaf3565d175bef0774834e84b33b0","tarball":"https://registry.npmjs.org/co-parallel/-/co-parallel-0.0.1.tgz"},"_from":".","_npmVersion":"1.3.15","_npmUser":{"name":"tjholowaychuk","email":"tj@vision-media.ca"},"maintainers":[{"name":"tjholowaychuk","email":"tj@vision-media.ca"}],"directories":{}},"1.0.0":{"name":"co-parallel","version":"1.0.0","repository":{"type":"git","url":"git://github.com/visionmedia/co-parallel"},"description":"parallel execution with concurrency control","keywords":["co","generators","parallel","concurrent"],"dependencies":{"co-thread":"0.0.1"},"devDependencies":{"mocha":"*","should":"*","co":"~3.0.2","co-request":"~0.1.1"},"license":"MIT","bugs":{"url":"https://github.com/visionmedia/co-parallel/issues"},"homepage":"https://github.com/visionmedia/co-parallel","_id":"co-parallel@1.0.0","dist":{"shasum":"58597a0658005a42b8c6a23cc84da2a10d946f2a","tarball":"https://registry.npmjs.org/co-parallel/-/co-parallel-1.0.0.tgz"},"_from":".","_npmVersion":"1.3.23","_npmUser":{"name":"tjholowaychuk","email":"tj@vision-media.ca"},"maintainers":[{"name":"tjholowaychuk","email":"tj@vision-media.ca"}],"directories":{}}},"readme":"\n# co-parallel\n\n  Parallel execution with concurrency support that maintains result ordering.\n\n## Installation\n\n```\n$ npm install co-parallel\n```\n\n## Example\n\n```js\nvar parallel = require('co-parallel');\nvar request = require('co-request');\nvar co = require('co');\n\nvar urls = [\n  'http://google.com',\n  'http://yahoo.com',\n  'http://ign.com',\n  'http://cloudup.com',\n  'http://myspace.com',\n  'http://facebook.com',\n  'http://segment.io'\n];\n\nfunction *status(url) {\n  console.log('GET %s', url);\n  return (yield request(url)).statusCode;\n}\n\nco(function *(){\n  var reqs = urls.map(status);\n  var res = yield parallel(reqs, 2);\n  console.log(res);\n})();\n```\n\n## API\n\n### parallel(thunks, [concurrency])\n\n  Execute `thunks` in parallel, with the given\n  `concurrency` defaulting to 5.\n\n# License\n\n  MIT","maintainers":[{"name":"tjholowaychuk","email":"tj@vision-media.ca"}],"time":{"modified":"2014-03-04T19:17:10.618Z","created":"2014-01-03T00:46:16.490Z","0.0.1":"2014-01-03T00:46:17.264Z","1.0.0":"2014-03-04T19:17:10.617Z"},"repository":{"type":"git","url":"git://github.com/visionmedia/co-parallel"},"homepage":"https://github.com/visionmedia/co-parallel","keywords":["co","generators","parallel","concurrent"],"bugs":{"url":"https://github.com/visionmedia/co-parallel/issues"},"license":"MIT","readmeFilename":"Readme.md","_attachments":{},"_etag":"W/\"531626b6-cc4\"","_lastModified":"Tue, 04 Mar 2014 19:17:10 GMT","_cached":true}