{"_id":"co-fs-extra","_rev":"19-b32f785c592307ae083b22a15086f453","name":"co-fs-extra","description":"fs-extra for 'co'","dist-tags":{"latest":"1.2.1"},"versions":{"0.0.1":{"name":"co-fs-extra","version":"0.0.1","description":"fs-extra for 'co'","author":{"name":"GKuChan","email":"gkuchan_root@outlook.com"},"keywords":["co","fs","fs-extra"],"devDependencies":{"should":"~1.2.2","mocha":"~1.10.0","co":"~2.0.0"},"license":"MIT","repository":{"type":"git","url":"https://github.com/GKuChan/co-fs-extra"},"dependencies":{"thunkify":"2.1.2","co-fs":"1.2.0","fs-extra":"0.12.0"},"bugs":{"url":"https://github.com/GKuChan/co-fs-extra/issues"},"homepage":"https://github.com/GKuChan/co-fs-extra","_id":"co-fs-extra@0.0.1","_shasum":"f7917fabfdbc155c83070f605170e3e3461b8bcd","_from":".","_npmVersion":"1.4.9","_npmUser":{"name":"gkuchan","email":"gkuchan_root@outlook.com"},"maintainers":[{"name":"gkuchan","email":"gkuchan_root@outlook.com"}],"dist":{"shasum":"f7917fabfdbc155c83070f605170e3e3461b8bcd","tarball":"https://registry.npmjs.org/co-fs-extra/-/co-fs-extra-0.0.1.tgz"},"directories":{}},"0.0.2":{"name":"co-fs-extra","version":"0.0.2","description":"fs-extra for 'co'","author":{"name":"GKuChan","email":"gkuchan_root@outlook.com"},"keywords":["co","fs","fs-extra"],"devDependencies":{"should":"~1.2.2","mocha":"~1.10.0","co":"~2.0.0"},"license":"MIT","repository":{"type":"git","url":"https://github.com/GKuChan/co-fs-extra"},"dependencies":{"thunkify":"2.1.2","co-fs":"1.2.0","fs-extra":"0.12.0"},"bugs":{"url":"https://github.com/GKuChan/co-fs-extra/issues"},"homepage":"https://github.com/GKuChan/co-fs-extra","_id":"co-fs-extra@0.0.2","_shasum":"02cfb5cd5c24b25f6880d3e602a79bbe3a40f934","_from":".","_npmVersion":"1.4.9","_npmUser":{"name":"gkuchan","email":"gkuchan_root@outlook.com"},"maintainers":[{"name":"gkuchan","email":"gkuchan_root@outlook.com"}],"dist":{"shasum":"02cfb5cd5c24b25f6880d3e602a79bbe3a40f934","tarball":"https://registry.npmjs.org/co-fs-extra/-/co-fs-extra-0.0.2.tgz"},"directories":{}},"0.1.0":{"name":"co-fs-extra","version":"0.1.0","description":"fs-extra for 'co'","author":{"name":"GKuChan","email":"gkuchan_root@outlook.com"},"keywords":["co","fs","fs-extra"],"devDependencies":{"autod":"1","co":"~3.1.0","mocha":"~1.10.0","should":"~1.2.2"},"license":"MIT","repository":{"type":"git","url":"https://github.com/GKuChan/co-fs-extra"},"dependencies":{"co-from-stream":"~0.0.0","fs-extra":"~0.12.0","thunkify-wrap":"~1.0.2"},"gitHead":"7ee1d1cbf1ee8ef035a49925df3b9ec26744b1f4","bugs":{"url":"https://github.com/GKuChan/co-fs-extra/issues"},"homepage":"https://github.com/GKuChan/co-fs-extra","_id":"co-fs-extra@0.1.0","scripts":{},"_shasum":"1cb5af0dc04e7b8876a037aebf70b40848ae5bdd","_from":".","_npmVersion":"2.0.0","_npmUser":{"name":"gkuchan","email":"gkuchan_root@outlook.com"},"maintainers":[{"name":"gkuchan","email":"gkuchan_root@outlook.com"}],"dist":{"shasum":"1cb5af0dc04e7b8876a037aebf70b40848ae5bdd","tarball":"https://registry.npmjs.org/co-fs-extra/-/co-fs-extra-0.1.0.tgz"},"directories":{}},"1.0.0":{"name":"co-fs-extra","version":"1.0.0","description":"fs-extra for 'co'","author":{"name":"GKuChan","email":"gkuchan_root@outlook.com"},"keywords":["co","fs","fs-extra"],"devDependencies":{"autod":"1","co":"~3.1.0","mocha":"~1.10.0","should":"~1.2.2"},"license":"MIT","repository":{"type":"git","url":"https://github.com/GKuChan/co-fs-extra"},"dependencies":{"co-from-stream":"~0.0.0","fs-extra":"~0.12.0","thunkify-wrap":"~1.0.2"},"gitHead":"3a3d348419e0032f51da75d565075326580d9d7d","bugs":{"url":"https://github.com/GKuChan/co-fs-extra/issues"},"homepage":"https://github.com/GKuChan/co-fs-extra","_id":"co-fs-extra@1.0.0","scripts":{},"_shasum":"dbc584de87ef3c07bb634322c6e3152ac84fb3e1","_from":".","_npmVersion":"2.0.0-beta.3","_npmUser":{"name":"dead_horse","email":"dead_horse@qq.com"},"maintainers":[{"name":"gkuchan","email":"gkuchan_root@outlook.com"},{"name":"dead_horse","email":"dead_horse@qq.com"}],"dist":{"shasum":"dbc584de87ef3c07bb634322c6e3152ac84fb3e1","tarball":"https://registry.npmjs.org/co-fs-extra/-/co-fs-extra-1.0.0.tgz"},"directories":{}},"1.0.1":{"name":"co-fs-extra","version":"1.0.1","description":"fs-extra for 'co'","author":{"name":"GKuChan","email":"gkuchan_root@outlook.com"},"keywords":["co","fs","fs-extra"],"devDependencies":{"autod":"1","co":"~3.1.0","mocha":"~1.10.0","should":"~1.2.2"},"license":"MIT","repository":{"type":"git","url":"https://github.com/GKuChan/co-fs-extra"},"dependencies":{"co-from-stream":"~0.0.0","fs-extra":"~0.12.0","thunkify-wrap":"~1.0.4"},"gitHead":"83e30cb5ad2fe72e877089c2aef6d54e541c0275","bugs":{"url":"https://github.com/GKuChan/co-fs-extra/issues"},"homepage":"https://github.com/GKuChan/co-fs-extra","_id":"co-fs-extra@1.0.1","scripts":{},"_shasum":"a830459e4818d06ce5df4bcf39f99fa528a3595b","_from":".","_npmVersion":"2.0.0","_npmUser":{"name":"gkuchan","email":"gkuchan_root@outlook.com"},"maintainers":[{"name":"gkuchan","email":"gkuchan_root@outlook.com"},{"name":"dead_horse","email":"dead_horse@qq.com"}],"dist":{"shasum":"a830459e4818d06ce5df4bcf39f99fa528a3595b","tarball":"https://registry.npmjs.org/co-fs-extra/-/co-fs-extra-1.0.1.tgz"},"directories":{}},"1.1.0":{"name":"co-fs-extra","version":"1.1.0","description":"fs-extra for 'co'","author":{"name":"GKuChan","email":"gkuchan_root@outlook.com"},"keywords":["co","fs","fs-extra"],"devDependencies":{"autod":"1","co":"~3.1.0","mocha":"~1.10.0","should":"~1.2.2"},"license":"MIT","repository":{"type":"git","url":"git+https://github.com/GKuChan/co-fs-extra.git"},"dependencies":{"co-from-stream":"~0.0.0","fs-extra":"~0.22.1","thunkify-wrap":"~1.0.4"},"gitHead":"3e3f7260bfb9d3d5d83758030eb304ec406f4836","bugs":{"url":"https://github.com/GKuChan/co-fs-extra/issues"},"homepage":"https://github.com/GKuChan/co-fs-extra#readme","_id":"co-fs-extra@1.1.0","scripts":{},"_shasum":"5a8cd2d3c66826ffad9beb31d73d38f3930432e1","_from":".","_npmVersion":"2.9.1","_nodeVersion":"0.12.3","_npmUser":{"name":"gkuchan","email":"gkuchan_root@outlook.com"},"dist":{"shasum":"5a8cd2d3c66826ffad9beb31d73d38f3930432e1","tarball":"https://registry.npmjs.org/co-fs-extra/-/co-fs-extra-1.1.0.tgz"},"maintainers":[{"name":"gkuchan","email":"gkuchan_root@outlook.com"},{"name":"dead_horse","email":"dead_horse@qq.com"}],"directories":{}},"1.2.0":{"name":"co-fs-extra","version":"1.2.0","description":"fs-extra for 'co'","author":{"name":"GKuChan","email":"gkuchan_root@outlook.com"},"keywords":["co","fs","fs-extra"],"devDependencies":{"autod":"2","co":"~4.6.0","mocha":"~1.10.0","should":"~1.2.2"},"license":"MIT","repository":{"type":"git","url":"git+https://github.com/GKuChan/co-fs-extra.git"},"dependencies":{"co-from-stream":"~0.0.0","fs-extra":"~0.26.5","thunkify-wrap":"~1.0.4"},"gitHead":"86c77622e91706665446ec763ddea96c060e19ca","bugs":{"url":"https://github.com/GKuChan/co-fs-extra/issues"},"homepage":"https://github.com/GKuChan/co-fs-extra#readme","_id":"co-fs-extra@1.2.0","scripts":{},"_shasum":"ee214c57105e1a4e5bc76945eca63a5037e4c239","_from":".","_npmVersion":"2.12.0","_nodeVersion":"4.2.3","_npmUser":{"name":"dead_horse","email":"dead_horse@qq.com"},"dist":{"shasum":"ee214c57105e1a4e5bc76945eca63a5037e4c239","tarball":"https://registry.npmjs.org/co-fs-extra/-/co-fs-extra-1.2.0.tgz"},"maintainers":[{"name":"gkuchan","email":"gkuchan_root@outlook.com"},{"name":"dead_horse","email":"dead_horse@qq.com"}],"_npmOperationalInternal":{"host":"packages-9-west.internal.npmjs.com","tmp":"tmp/co-fs-extra-1.2.0.tgz_1455780174663_0.14716438227333128"},"directories":{}},"1.2.1":{"name":"co-fs-extra","version":"1.2.1","description":"fs-extra for 'co'","author":{"name":"GKuChan","email":"gkuchan_root@outlook.com"},"keywords":["co","fs","fs-extra"],"devDependencies":{"autod":"2","co":"~4.6.0","mocha":"~1.10.0","should":"~1.2.2"},"license":"MIT","repository":{"type":"git","url":"git+https://github.com/GKuChan/co-fs-extra.git"},"dependencies":{"co-from-stream":"~0.0.0","fs-extra":"~0.26.5","thunkify-wrap":"~1.0.4"},"gitHead":"8d934c009886f7f394bfb0d3b494a536b91aef05","bugs":{"url":"https://github.com/GKuChan/co-fs-extra/issues"},"homepage":"https://github.com/GKuChan/co-fs-extra#readme","_id":"co-fs-extra@1.2.1","scripts":{},"_shasum":"3b6ad77cf2614530f677b1cf62664f5ba756b722","_from":".","_npmVersion":"2.12.0","_nodeVersion":"4.2.3","_npmUser":{"name":"dead_horse","email":"dead_horse@qq.com"},"dist":{"shasum":"3b6ad77cf2614530f677b1cf62664f5ba756b722","tarball":"https://registry.npmjs.org/co-fs-extra/-/co-fs-extra-1.2.1.tgz"},"maintainers":[{"name":"gkuchan","email":"gkuchan_root@outlook.com"},{"name":"dead_horse","email":"dead_horse@qq.com"}],"_npmOperationalInternal":{"host":"packages-6-west.internal.npmjs.com","tmp":"tmp/co-fs-extra-1.2.1.tgz_1455851025593_0.9095349677372724"},"directories":{}}},"readme":"[![NPM](https://nodei.co/npm/co-fs-extra.png?downloads=true&downloadRank=true&stars=true)](https://nodei.co/npm/co-fs-extra/)\n\n# co-fs-extra\n\n  'fs-extra' wrapped functions that return thunks for [co](https://github.com/visionmedia/co).\n\n## Installation\n\n```\n$ npm install co-fs-extra --save\n```\n\n## API\n\nsee more -> [fs-extra](https://www.npmjs.org/package/fs-extra)\n\n## Example\n\n Use all the regular async fs functions without callback hell:\n\n```js\nvar json = yield fs.readFile('package.json', 'utf8')\nvar file = yield fs.ensureFile('hello.txt')\n```\n\n## License\n\n  MIT\n","maintainers":[{"name":"gkuchan","email":"gkuchan_root@outlook.com"},{"name":"dead_horse","email":"dead_horse@qq.com"}],"time":{"modified":"2016-02-19T03:03:50.104Z","created":"2014-09-23T08:30:53.067Z","0.0.1":"2014-09-23T08:30:53.067Z","0.0.2":"2014-09-23T08:37:48.258Z","0.1.0":"2014-10-28T13:13:15.149Z","1.0.0":"2014-10-28T13:33:46.063Z","1.0.1":"2014-11-07T08:41:43.706Z","1.1.0":"2015-07-21T02:37:35.458Z","1.2.0":"2016-02-18T07:22:58.845Z","1.2.1":"2016-02-19T03:03:50.104Z"},"homepage":"https://github.com/GKuChan/co-fs-extra#readme","keywords":["co","fs","fs-extra"],"repository":{"type":"git","url":"git+https://github.com/GKuChan/co-fs-extra.git"},"author":{"name":"GKuChan","email":"gkuchan_root@outlook.com"},"bugs":{"url":"https://github.com/GKuChan/co-fs-extra/issues"},"license":"MIT","readmeFilename":"README.md","users":{"pensierinmusica":true,"ash0080":true,"yokubee":true},"_attachments":{},"_etag":"W/\"56c68616-285b\"","_lastModified":"Fri, 19 Feb 2016 03:03:50 GMT","_cached":true}