{"_id":"graceful-readlink","_rev":"732326","name":"graceful-readlink","description":"graceful fs.readlink","dist-tags":{"latest":"1.0.1"},"maintainers":[{"name":"zhiyelee","email":"zhiyelee@gmail.com"}],"time":{"modified":"2017-03-29T11:32:48.000Z","created":"2015-02-11T15:12:23.408Z","1.0.1":"2015-02-12T04:18:56.538Z","1.0.0":"2015-02-11T15:12:23.408Z"},"users":{"shaner":true,"mojaray2k":true,"anoubis":true},"author":{"name":"zhiyelee"},"repository":{"type":"git","url":"git://github.com/zhiyelee/graceful-readlink.git"},"versions":{"1.0.1":{"name":"graceful-readlink","version":"1.0.1","description":"graceful fs.readlink","main":"index.js","repository":{"type":"git","url":"git://github.com/zhiyelee/graceful-readlink.git"},"homepage":"https://github.com/zhiyelee/graceful-readlink","bugs":{"url":"https://github.com/zhiyelee/graceful-readlink/issues"},"keywords":["fs.readlink","readlink"],"author":{"name":"zhiyelee"},"license":"MIT","scripts":{"test":"echo \"Error: no test specified\" && exit 1"},"gitHead":"f6655275bebef706fb63fd01b5f062a7052419a5","_id":"graceful-readlink@1.0.1","_shasum":"4cafad76bc62f02fa039b2f94e9a3dd3a391a725","_from":".","_npmVersion":"2.1.17","_nodeVersion":"0.11.14","_npmUser":{"name":"zhiyelee","email":"zhiyelee@gmail.com"},"maintainers":[{"name":"zhiyelee","email":"zhiyelee@gmail.com"}],"dist":{"shasum":"4cafad76bc62f02fa039b2f94e9a3dd3a391a725","size":1531,"noattachment":false,"tarball":"http://registry.npm.taobao.org/graceful-readlink/download/graceful-readlink-1.0.1.tgz"},"directories":{},"publish_time":1423714736538,"_cnpm_publish_time":1423714736538,"_hasShrinkwrap":false},"1.0.0":{"name":"graceful-readlink","version":"1.0.0","description":"graceful fs.readlink","main":"index.js","repository":{"type":"git","url":""},"keywords":["fs.readlink","readlink"],"author":{"name":"zhiyelee"},"license":"MIT","scripts":{"test":"echo \"Error: no test specified\" && exit 1"},"gitHead":"675bffa44f0dcff82e875b1c5af8a8a7e92e2c57","_id":"graceful-readlink@1.0.0","_shasum":"ace1c5a858fcc5c9010a6ae2fa03919549402c0a","_from":".","_npmVersion":"2.1.17","_nodeVersion":"0.11.14","_npmUser":{"name":"zhiyelee","email":"zhiyelee@gmail.com"},"maintainers":[{"name":"zhiyelee","email":"zhiyelee@gmail.com"}],"dist":{"shasum":"ace1c5a858fcc5c9010a6ae2fa03919549402c0a","size":1492,"noattachment":false,"tarball":"http://registry.npm.taobao.org/graceful-readlink/download/graceful-readlink-1.0.0.tgz"},"directories":{},"publish_time":1423667543408,"_cnpm_publish_time":1423667543408,"_hasShrinkwrap":false}},"readme":"# graceful-readlink\n[![NPM Version](http://img.shields.io/npm/v/graceful-readlink.svg?style=flat)](https://www.npmjs.org/package/graceful-readlink)\n[![NPM Downloads](https://img.shields.io/npm/dm/graceful-readlink.svg?style=flat)](https://www.npmjs.org/package/graceful-readlink)\n\n\n## Usage\n\n```js\nvar readlinkSync = require('graceful-readlink').readlinkSync;\nconsole.log(readlinkSync(f));\n// output\n//  the file pointed to when `f` is a symbolic link\n//  the `f` itself when `f` is not a symbolic link\n```\n## Licence\n\nMIT License\n","_attachments":{},"homepage":"https://github.com/zhiyelee/graceful-readlink","bugs":{"url":"https://github.com/zhiyelee/graceful-readlink/issues"},"license":"MIT","_etag":"\"cc2-3G9CeVLz5r1Z1DdD3g8PJUxhLlo\""}