{"_id":"combined-stream","_rev":"942805","name":"combined-stream","description":"A stream that emits multiple other streams one after another.","dist-tags":{"latest":"1.0.5"},"maintainers":[{"name":"alexindigo","email":"iam@alexindigo.com"},{"name":"apechimp","email":"apeherder@gmail.com"},{"name":"celer","email":"dtyree77@gmail.com"},{"name":"felixge","email":"felix@debuggable.com"}],"time":{"modified":"2017-03-28T12:37:53.000Z","created":"2011-05-24T06:36:15.190Z","1.0.5":"2015-06-15T03:19:17.202Z","1.0.4":"2015-06-14T15:09:18.379Z","1.0.3":"2015-05-19T12:43:10.026Z","1.0.2":"2015-05-09T14:25:06.378Z","1.0.1":"2015-05-05T01:13:50.245Z","1.0.0":"2015-05-04T21:29:45.965Z","0.0.7":"2014-10-31T10:18:38.784Z","0.0.5":"2014-06-24T08:39:18.882Z","0.0.4":"2013-02-02T18:29:01.654Z","0.0.3":"2011-05-28T13:49:43.181Z","0.0.2":"2011-05-27T13:46:53.900Z","0.0.1":"2011-05-24T09:46:38.486Z","0.0.0":"2011-05-24T06:36:15.190Z"},"users":{"tunnckocore":true,"52u":true,"wisecolt":true,"anoubis":true,"nickeljew":true},"author":{"name":"Felix Geisendörfer","email":"felix@debuggable.com","url":"http://debuggable.com/"},"repository":{"type":"git","url":"git://github.com/felixge/node-combined-stream.git"},"versions":{"1.0.5":{"author":{"name":"Felix Geisendörfer","email":"felix@debuggable.com","url":"http://debuggable.com/"},"name":"combined-stream","description":"A stream that emits multiple other streams one after another.","version":"1.0.5","homepage":"https://github.com/felixge/node-combined-stream","repository":{"type":"git","url":"git://github.com/felixge/node-combined-stream.git"},"main":"./lib/combined_stream","scripts":{"test":"node test/run.js"},"engines":{"node":">= 0.8"},"dependencies":{"delayed-stream":"~1.0.0"},"devDependencies":{"far":"~0.0.7"},"license":"MIT","gitHead":"cfc7b815d090a109bcedb5bb0f6713148d55a6b7","bugs":{"url":"https://github.com/felixge/node-combined-stream/issues"},"_id":"combined-stream@1.0.5","_shasum":"938370a57b4a51dea2c77c15d5c5fdf895164009","_from":".","_npmVersion":"2.10.1","_nodeVersion":"0.12.4","_npmUser":{"name":"alexindigo","email":"iam@alexindigo.com"},"dist":{"shasum":"938370a57b4a51dea2c77c15d5c5fdf895164009","size":3675,"noattachment":false,"tarball":"http://registry.npm.taobao.org/combined-stream/download/combined-stream-1.0.5.tgz"},"maintainers":[{"name":"alexindigo","email":"iam@alexindigo.com"},{"name":"apechimp","email":"apeherder@gmail.com"},{"name":"celer","email":"dtyree77@gmail.com"},{"name":"felixge","email":"felix@debuggable.com"}],"directories":{},"publish_time":1434338357202,"_cnpm_publish_time":1434338357202,"_hasShrinkwrap":false},"1.0.4":{"author":{"name":"Felix Geisendörfer","email":"felix@debuggable.com","url":"http://debuggable.com/"},"name":"combined-stream","description":"A stream that emits multiple other streams one after another.","version":"1.0.4","homepage":"https://github.com/felixge/node-combined-stream","repository":{"type":"git","url":"git://github.com/felixge/node-combined-stream.git"},"main":"./lib/combined_stream","scripts":{"test":"node test/run.js"},"engines":{"node":">= 0.8"},"dependencies":{"delayed-stream":"^1.0.0"},"devDependencies":{"far":"~0.0.7"},"license":"MIT","gitHead":"ffea6d5444d708a4e457286cc80b546c81af4756","bugs":{"url":"https://github.com/felixge/node-combined-stream/issues"},"_id":"combined-stream@1.0.4","_shasum":"f988793ed1a59c5e5c9e1e395c4207d409527c8b","_from":".","_npmVersion":"2.10.1","_nodeVersion":"0.12.4","_npmUser":{"name":"alexindigo","email":"iam@alexindigo.com"},"dist":{"shasum":"f988793ed1a59c5e5c9e1e395c4207d409527c8b","size":3670,"noattachment":false,"tarball":"http://registry.npm.taobao.org/combined-stream/download/combined-stream-1.0.4.tgz"},"maintainers":[{"name":"alexindigo","email":"iam@alexindigo.com"},{"name":"apechimp","email":"apeherder@gmail.com"},{"name":"celer","email":"dtyree77@gmail.com"},{"name":"felixge","email":"felix@debuggable.com"}],"directories":{},"publish_time":1434294558379,"_cnpm_publish_time":1434294558379,"_hasShrinkwrap":false},"1.0.3":{"author":{"name":"Felix Geisendörfer","email":"felix@debuggable.com","url":"http://debuggable.com/"},"name":"combined-stream","description":"A stream that emits multiple other streams one after another.","version":"1.0.3","homepage":"https://github.com/felixge/node-combined-stream","repository":{"type":"git","url":"git://github.com/felixge/node-combined-stream.git"},"main":"./lib/combined_stream","scripts":{"test":"node test/run.js"},"engines":{"node":">= 0.8"},"dependencies":{"delayed-stream":"^1.0.0"},"devDependencies":{"far":"~0.0.7"},"license":"MIT","gitHead":"f1a12682aed63acb3cd66857104202a7e7ca5565","bugs":{"url":"https://github.com/felixge/node-combined-stream/issues"},"_id":"combined-stream@1.0.3","_shasum":"c224cc35d3cb98e25dead532472a18e8f75df5ab","_from":".","_npmVersion":"2.10.0","_nodeVersion":"2.0.1","_npmUser":{"name":"apechimp","email":"apeherder@gmail.com"},"dist":{"shasum":"c224cc35d3cb98e25dead532472a18e8f75df5ab","size":3662,"noattachment":false,"tarball":"http://registry.npm.taobao.org/combined-stream/download/combined-stream-1.0.3.tgz"},"maintainers":[{"name":"alexindigo","email":"iam@alexindigo.com"},{"name":"apechimp","email":"apeherder@gmail.com"},{"name":"celer","email":"dtyree77@gmail.com"},{"name":"felixge","email":"felix@debuggable.com"}],"directories":{},"publish_time":1432039390026,"_cnpm_publish_time":1432039390026,"_hasShrinkwrap":false},"1.0.2":{"author":{"name":"Felix Geisendörfer","email":"felix@debuggable.com","url":"http://debuggable.com/"},"name":"combined-stream","description":"A stream that emits multiple other streams one after another.","version":"1.0.2","homepage":"https://github.com/felixge/node-combined-stream","repository":{"type":"git","url":"git://github.com/felixge/node-combined-stream.git"},"main":"./lib/combined_stream","scripts":{"test":"node test/run.js"},"engines":{"node":">= 0.8"},"dependencies":{"delayed-stream":"^1.0.0"},"devDependencies":{"far":"~0.0.7"},"gitHead":"e73d8849659fc4c382f952986d88e8842f345fa5","bugs":{"url":"https://github.com/felixge/node-combined-stream/issues"},"_id":"combined-stream@1.0.2","_shasum":"6ae58023aef4deae6b0993948ab9a0d0af2b4b72","_from":".","_npmVersion":"2.8.3","_nodeVersion":"1.6.4","_npmUser":{"name":"apechimp","email":"apeherder@gmail.com"},"dist":{"shasum":"6ae58023aef4deae6b0993948ab9a0d0af2b4b72","size":3651,"noattachment":false,"tarball":"http://registry.npm.taobao.org/combined-stream/download/combined-stream-1.0.2.tgz"},"maintainers":[{"name":"alexindigo","email":"iam@alexindigo.com"},{"name":"apechimp","email":"apeherder@gmail.com"},{"name":"celer","email":"dtyree77@gmail.com"},{"name":"felixge","email":"felix@debuggable.com"}],"directories":{},"publish_time":1431181506378,"_cnpm_publish_time":1431181506378,"_hasShrinkwrap":false},"1.0.1":{"author":{"name":"Felix Geisendörfer","email":"felix@debuggable.com","url":"http://debuggable.com/"},"name":"combined-stream","description":"A stream that emits multiple other streams one after another.","version":"1.0.1","homepage":"https://github.com/felixge/node-combined-stream","repository":{"type":"git","url":"git://github.com/felixge/node-combined-stream.git"},"main":"./lib/combined_stream","scripts":{"test":"node test/run.js"},"engines":{"node":">= 0.8"},"dependencies":{"delayed-stream":"^1.0.0"},"devDependencies":{"far":"~0.0.7"},"gitHead":"69b8207c14d7ff95b7e69c1cc00b496ebdca0644","bugs":{"url":"https://github.com/felixge/node-combined-stream/issues"},"_id":"combined-stream@1.0.1","_shasum":"d29988ca26d4a0fb85d384650ba8db5948d2f41b","_from":".","_npmVersion":"2.8.3","_nodeVersion":"1.6.4","_npmUser":{"name":"apechimp","email":"apeherder@gmail.com"},"dist":{"shasum":"d29988ca26d4a0fb85d384650ba8db5948d2f41b","size":3507,"noattachment":false,"tarball":"http://registry.npm.taobao.org/combined-stream/download/combined-stream-1.0.1.tgz"},"maintainers":[{"name":"alexindigo","email":"iam@alexindigo.com"},{"name":"apechimp","email":"apeherder@gmail.com"},{"name":"celer","email":"dtyree77@gmail.com"},{"name":"felixge","email":"felix@debuggable.com"}],"directories":{},"publish_time":1430788430245,"_cnpm_publish_time":1430788430245,"_hasShrinkwrap":false},"1.0.0":{"author":{"name":"Felix Geisendörfer","email":"felix@debuggable.com","url":"http://debuggable.com/"},"name":"combined-stream","description":"A stream that emits multiple other streams one after another.","version":"1.0.0","homepage":"https://github.com/felixge/node-combined-stream","repository":{"type":"git","url":"git://github.com/felixge/node-combined-stream.git"},"main":"./lib/combined_stream","scripts":{"test":"node test/run.js"},"engines":{"node":">= 0.8"},"dependencies":{"delayed-stream":"0.0.5"},"devDependencies":{"far":"~0.0.7"},"gitHead":"8bb2526b074ba7da9ce430e4158b4b77dd89ecd8","bugs":{"url":"https://github.com/felixge/node-combined-stream/issues"},"_id":"combined-stream@1.0.0","_shasum":"d451d5a5f94340b3480e49b38bfd1811ab1b2110","_from":".","_npmVersion":"2.8.3","_nodeVersion":"1.6.4","_npmUser":{"name":"apechimp","email":"apeherder@gmail.com"},"dist":{"shasum":"d451d5a5f94340b3480e49b38bfd1811ab1b2110","size":3506,"noattachment":false,"tarball":"http://registry.npm.taobao.org/combined-stream/download/combined-stream-1.0.0.tgz"},"maintainers":[{"name":"alexindigo","email":"iam@alexindigo.com"},{"name":"apechimp","email":"apeherder@gmail.com"},{"name":"celer","email":"dtyree77@gmail.com"},{"name":"felixge","email":"felix@debuggable.com"}],"directories":{},"publish_time":1430774985965,"_cnpm_publish_time":1430774985965,"_hasShrinkwrap":false},"0.0.7":{"author":{"name":"Felix Geisendörfer","email":"felix@debuggable.com","url":"http://debuggable.com/"},"name":"combined-stream","description":"A stream that emits multiple other streams one after another.","version":"0.0.7","homepage":"https://github.com/felixge/node-combined-stream","repository":{"type":"git","url":"git://github.com/felixge/node-combined-stream.git"},"main":"./lib/combined_stream","scripts":{"test":"node test/run.js"},"engines":{"node":">= 0.8"},"dependencies":{"delayed-stream":"0.0.5"},"devDependencies":{"far":"~0.0.7"},"bugs":{"url":"https://github.com/felixge/node-combined-stream/issues"},"_id":"combined-stream@0.0.7","dist":{"shasum":"0137e657baa5a7541c57ac37ac5fc07d73b4dc1f","size":3501,"noattachment":false,"tarball":"http://registry.npm.taobao.org/combined-stream/download/combined-stream-0.0.7.tgz"},"_from":".","_npmVersion":"1.4.3","_npmUser":{"name":"felixge","email":"felix@debuggable.com"},"maintainers":[{"name":"alexindigo","email":"iam@alexindigo.com"},{"name":"apechimp","email":"apeherder@gmail.com"},{"name":"celer","email":"dtyree77@gmail.com"},{"name":"felixge","email":"felix@debuggable.com"}],"directories":{},"publish_time":1414750718784,"_cnpm_publish_time":1414750718784,"_hasShrinkwrap":false},"0.0.5":{"author":{"name":"Felix Geisendörfer","email":"felix@debuggable.com","url":"http://debuggable.com/"},"name":"combined-stream","description":"A stream that emits multiple other streams one after another.","version":"0.0.5","homepage":"https://github.com/felixge/node-combined-stream","repository":{"type":"git","url":"git://github.com/felixge/node-combined-stream.git"},"main":"./lib/combined_stream","scripts":{"test":"node test/run.js"},"engines":{"node":">= 0.8"},"dependencies":{"delayed-stream":"0.0.5"},"devDependencies":{"far":"~0.0.7"},"gitHead":"19d9bdd4c20f6806c2ae8adb00a53fb6fd154740","bugs":{"url":"https://github.com/felixge/node-combined-stream/issues"},"_id":"combined-stream@0.0.5","_shasum":"29ed76e5c9aad07c4acf9ca3d32601cce28697a2","_from":".","_npmVersion":"1.4.14","_npmUser":{"name":"alexindigo","email":"iam@alexindigo.com"},"maintainers":[{"name":"alexindigo","email":"iam@alexindigo.com"},{"name":"apechimp","email":"apeherder@gmail.com"},{"name":"celer","email":"dtyree77@gmail.com"},{"name":"felixge","email":"felix@debuggable.com"}],"dist":{"shasum":"29ed76e5c9aad07c4acf9ca3d32601cce28697a2","size":3468,"noattachment":false,"tarball":"http://registry.npm.taobao.org/combined-stream/download/combined-stream-0.0.5.tgz"},"directories":{},"publish_time":1403599158882,"_cnpm_publish_time":1403599158882,"_hasShrinkwrap":false},"0.0.4":{"author":{"name":"Felix Geisendörfer","email":"felix@debuggable.com","url":"http://debuggable.com/"},"name":"combined-stream","description":"A stream that emits multiple other streams one after another.","version":"0.0.4","homepage":"https://github.com/felixge/node-combined-stream","repository":{"type":"git","url":"git://github.com/felixge/node-combined-stream.git"},"main":"./lib/combined_stream","engines":{"node":"*"},"dependencies":{"delayed-stream":"0.0.5"},"devDependencies":{"far":"0.0.1"},"_id":"combined-stream@0.0.4","dist":{"shasum":"2d1a43347dbe9515a4a2796732e5b88473840b22","size":5624,"noattachment":false,"tarball":"http://registry.npm.taobao.org/combined-stream/download/combined-stream-0.0.4.tgz"},"_npmVersion":"1.1.61","_npmUser":{"name":"celer","email":"dtyree77@gmail.com"},"maintainers":[{"name":"alexindigo","email":"iam@alexindigo.com"},{"name":"apechimp","email":"apeherder@gmail.com"},{"name":"celer","email":"dtyree77@gmail.com"},{"name":"felixge","email":"felix@debuggable.com"}],"directories":{},"publish_time":1359829741654,"_cnpm_publish_time":1359829741654,"_hasShrinkwrap":false},"0.0.3":{"author":{"name":"Felix Geisendörfer","email":"felix@debuggable.com","url":"http://debuggable.com/"},"name":"combined-stream","description":"A stream that emits multiple other streams one after another.","version":"0.0.3","homepage":"https://github.com/felixge/node-combined-stream","repository":{"type":"git","url":"git://github.com/felixge/node-combined-stream.git"},"main":"./lib/combined_stream","engines":{"node":"*"},"dependencies":{"delayed-stream":"0.0.5"},"devDependencies":{"far":"0.0.1"},"_id":"combined-stream@0.0.3","_engineSupported":true,"_npmVersion":"1.0.3","_nodeVersion":"v0.4.9-pre","_defaultsLoaded":true,"dist":{"shasum":"a1d6223c463a000b21c9937c4b15ef41ba001f78","size":5761,"noattachment":false,"tarball":"http://registry.npm.taobao.org/combined-stream/download/combined-stream-0.0.3.tgz"},"scripts":{},"directories":{},"publish_time":1306590583181,"maintainers":[{"name":"alexindigo","email":"iam@alexindigo.com"},{"name":"apechimp","email":"apeherder@gmail.com"},{"name":"celer","email":"dtyree77@gmail.com"},{"name":"felixge","email":"felix@debuggable.com"}],"_cnpm_publish_time":1306590583181,"_hasShrinkwrap":false},"0.0.2":{"author":{"name":"Felix Geisendörfer","email":"felix@debuggable.com","url":"http://debuggable.com/"},"name":"combined-stream","description":"A stream that emits multiple other streams one after another.","version":"0.0.2","homepage":"https://github.com/felixge/node-combined-stream","repository":{"type":"git","url":"git://github.com/felixge/node-combined-stream.git"},"main":"./lib/combined_stream","engines":{"node":"*"},"dependencies":{"delayed-stream":"0.0.5"},"devDependencies":{"far":"0.0.1"},"_id":"combined-stream@0.0.2","_engineSupported":true,"_npmVersion":"1.0.3","_nodeVersion":"v0.4.9-pre","_defaultsLoaded":true,"dist":{"shasum":"6c1691577cfb5f842f7ac1fecd8515a13cb99c9c","size":5749,"noattachment":false,"tarball":"http://registry.npm.taobao.org/combined-stream/download/combined-stream-0.0.2.tgz"},"scripts":{},"directories":{},"publish_time":1306504013900,"maintainers":[{"name":"alexindigo","email":"iam@alexindigo.com"},{"name":"apechimp","email":"apeherder@gmail.com"},{"name":"celer","email":"dtyree77@gmail.com"},{"name":"felixge","email":"felix@debuggable.com"}],"_cnpm_publish_time":1306504013900,"_hasShrinkwrap":false},"0.0.1":{"author":{"name":"Felix Geisendörfer","email":"felix@debuggable.com","url":"http://debuggable.com/"},"name":"combined-stream","description":"A stream that emits multiple other streams one after another.","version":"0.0.1","homepage":"https://github.com/felixge/node-combined-stream","repository":{"type":"git","url":"git://github.com/felixge/node-combined-stream.git"},"main":"./lib/combined_stream","engines":{"node":"*"},"dependencies":{"delayed-stream":"0.0.5"},"devDependencies":{"far":"0.0.1"},"_id":"combined-stream@0.0.1","_engineSupported":true,"_npmVersion":"1.0.3","_nodeVersion":"v0.4.9-pre","_defaultsLoaded":true,"dist":{"shasum":"dff7a316813a9ec58ef03bde5c1fc7133a35f944","size":5029,"noattachment":false,"tarball":"http://registry.npm.taobao.org/combined-stream/download/combined-stream-0.0.1.tgz"},"scripts":{},"directories":{},"publish_time":1306230398486,"maintainers":[{"name":"alexindigo","email":"iam@alexindigo.com"},{"name":"apechimp","email":"apeherder@gmail.com"},{"name":"celer","email":"dtyree77@gmail.com"},{"name":"felixge","email":"felix@debuggable.com"}],"_cnpm_publish_time":1306230398486,"_hasShrinkwrap":false},"0.0.0":{"author":{"name":"Felix Geisendörfer","email":"felix@debuggable.com","url":"http://debuggable.com/"},"name":"combined-stream","description":"A stream that emits multiple other streams one after another.","version":"0.0.0","homepage":"https://github.com/felixge/node-combined-stream","repository":{"type":"git","url":"git://github.com/felixge/node-combined-stream.git"},"main":"./lib/combined_stream","engines":{"node":"*"},"dependencies":{},"devDependencies":{},"_id":"combined-stream@0.0.0","_engineSupported":true,"_npmVersion":"1.0.3","_nodeVersion":"v0.4.9-pre","_defaultsLoaded":true,"dist":{"shasum":"45550d8a25ee3b42de817cf675690732240e45d7","size":30284,"noattachment":false,"tarball":"http://registry.npm.taobao.org/combined-stream/download/combined-stream-0.0.0.tgz"},"scripts":{},"directories":{},"publish_time":1306218975190,"maintainers":[{"name":"alexindigo","email":"iam@alexindigo.com"},{"name":"apechimp","email":"apeherder@gmail.com"},{"name":"celer","email":"dtyree77@gmail.com"},{"name":"felixge","email":"felix@debuggable.com"}],"_cnpm_publish_time":1306218975190,"_hasShrinkwrap":false}},"readme":"# combined-stream\n\nA stream that emits multiple other streams one after another.\n\n**NB** Currently `combined-stream` works with streams vesrion 1 only. There is ongoing effort to switch this library to streams version 2. Any help is welcome. :) Meanwhile you can explore other libraries that provide streams2 support with more or less compatability with `combined-stream`.\n\n- [combined-stream2](https://www.npmjs.com/package/combined-stream2): A drop-in streams2-compatible replacement for the combined-stream module.\n\n- [multistream](https://www.npmjs.com/package/multistream): A stream that emits multiple other streams one after another.\n\n## Installation\n\n``` bash\nnpm install combined-stream\n```\n\n## Usage\n\nHere is a simple example that shows how you can use combined-stream to combine\ntwo files into one:\n\n``` javascript\nvar CombinedStream = require('combined-stream');\nvar fs = require('fs');\n\nvar combinedStream = CombinedStream.create();\ncombinedStream.append(fs.createReadStream('file1.txt'));\ncombinedStream.append(fs.createReadStream('file2.txt'));\n\ncombinedStream.pipe(fs.createWriteStream('combined.txt'));\n```\n\nWhile the example above works great, it will pause all source streams until\nthey are needed. If you don't want that to happen, you can set `pauseStreams`\nto `false`:\n\n``` javascript\nvar CombinedStream = require('combined-stream');\nvar fs = require('fs');\n\nvar combinedStream = CombinedStream.create({pauseStreams: false});\ncombinedStream.append(fs.createReadStream('file1.txt'));\ncombinedStream.append(fs.createReadStream('file2.txt'));\n\ncombinedStream.pipe(fs.createWriteStream('combined.txt'));\n```\n\nHowever, what if you don't have all the source streams yet, or you don't want\nto allocate the resources (file descriptors, memory, etc.) for them right away?\nWell, in that case you can simply provide a callback that supplies the stream\nby calling a `next()` function:\n\n``` javascript\nvar CombinedStream = require('combined-stream');\nvar fs = require('fs');\n\nvar combinedStream = CombinedStream.create();\ncombinedStream.append(function(next) {\n  next(fs.createReadStream('file1.txt'));\n});\ncombinedStream.append(function(next) {\n  next(fs.createReadStream('file2.txt'));\n});\n\ncombinedStream.pipe(fs.createWriteStream('combined.txt'));\n```\n\n## API\n\n### CombinedStream.create([options])\n\nReturns a new combined stream object. Available options are:\n\n* `maxDataSize`\n* `pauseStreams`\n\nThe effect of those options is described below.\n\n### combinedStream.pauseStreams = `true`\n\nWhether to apply back pressure to the underlaying streams. If set to `false`,\nthe underlaying streams will never be paused. If set to `true`, the\nunderlaying streams will be paused right after being appended, as well as when\n`delayedStream.pipe()` wants to throttle.\n\n### combinedStream.maxDataSize = `2 * 1024 * 1024`\n\nThe maximum amount of bytes (or characters) to buffer for all source streams.\nIf this value is exceeded, `combinedStream` emits an `'error'` event.\n\n### combinedStream.dataSize = `0`\n\nThe amount of bytes (or characters) currently buffered by `combinedStream`.\n\n### combinedStream.append(stream)\n\nAppends the given `stream` to the combinedStream object. If `pauseStreams` is\nset to `true, this stream will also be paused right away.\n\n`streams` can also be a function that takes one parameter called `next`. `next`\nis a function that must be invoked in order to provide the `next` stream, see\nexample above.\n\nRegardless of how the `stream` is appended, combined-stream always attaches an\n`'error'` listener to it, so you don't have to do that manually.\n\nSpecial case: `stream` can also be a String or Buffer.\n\n### combinedStream.write(data)\n\nYou should not call this, `combinedStream` takes care of piping the appended\nstreams into itself for you.\n\n### combinedStream.resume()\n\nCauses `combinedStream` to start drain the streams it manages. The function is\nidempotent, and also emits a `'resume'` event each time which usually goes to\nthe stream that is currently being drained.\n\n### combinedStream.pause();\n\nIf `combinedStream.pauseStreams` is set to `false`, this does nothing.\nOtherwise a `'pause'` event is emitted, this goes to the stream that is\ncurrently being drained, so you can use it to apply back pressure.\n\n### combinedStream.end();\n\nSets `combinedStream.writable` to false, emits an `'end'` event, and removes\nall streams from the queue.\n\n### combinedStream.destroy();\n\nSame as `combinedStream.end()`, except it emits a `'close'` event instead of\n`'end'`.\n\n## License\n\ncombined-stream is licensed under the MIT license.\n","_attachments":{},"homepage":"https://github.com/felixge/node-combined-stream","bugs":{"url":"https://github.com/felixge/node-combined-stream/issues"},"license":"MIT","_etag":"\"58ff-BC7JoiPKXdtk/aA0xE/IUiQoegU\""}