{"_id":"bagpipe","_rev":"519","name":"bagpipe","description":"Concurrency limit","dist-tags":{"latest":"0.3.5"},"maintainers":[{"name":"jacksontian","email":"shyvo1987@gmail.com"}],"time":{"modified":"2017-03-28T03:39:10.000Z","created":"2012-09-05T12:26:25.907Z","0.3.5":"2013-07-22T04:09:13.843Z","0.3.4":"2013-06-17T02:45:17.165Z","0.3.3":"2013-06-16T15:58:48.864Z","0.3.2":"2013-06-13T14:47:26.155Z","0.3.1":"2013-06-13T11:15:38.762Z","0.3.0":"2013-04-29T13:55:44.982Z","0.2.0":"2013-03-08T20:01:06.733Z","0.0.1":"2012-09-05T12:26:25.907Z"},"users":{"arttse":true},"author":{"name":"Jackson Tian"},"repository":{"type":"git","url":"git://github.com/JacksonTian/bagpipe.git"},"versions":{"0.3.5":{"name":"bagpipe","version":"0.3.5","description":"Concurrency limit","keywords":["limiter","concurrency limit","parallel limit"],"main":"index.js","scripts":{"test":"make test-all","blanket":{"pattern":"bagpipe/lib"},"travis-cov":{"threshold":99}},"author":{"name":"Jackson Tian"},"license":"MIT","readmeFilename":"README.md","gitHead":"75269c60fdbb897be14575e70a2b86cf43999500","directories":{"doc":"doc","test":"test"},"devDependencies":{"pedding":"*","should":"*","blanket":"*","mocha":"*","travis-cov":"*"},"repository":{"type":"git","url":"git://github.com/JacksonTian/bagpipe.git"},"bugs":{"url":"https://github.com/JacksonTian/bagpipe/issues"},"_id":"bagpipe@0.3.5","dist":{"shasum":"e341d164fcb24cdf04ea7e05b765ec10c8aea6a1","size":8357,"noattachment":false,"tarball":"http://registry.npm.taobao.org/bagpipe/download/bagpipe-0.3.5.tgz"},"_from":".","_npmVersion":"1.2.32","_npmUser":{"name":"jacksontian","email":"shyvo1987@gmail.com"},"maintainers":[{"name":"jacksontian","email":"shyvo1987@gmail.com"}],"publish_time":1374466153843,"_hasShrinkwrap":false,"_cnpm_publish_time":1374466153843},"0.3.4":{"name":"bagpipe","version":"0.3.4","description":"Concurrency limit","keywords":["limiter","concurrency limit","parallel limit"],"main":"index.js","scripts":{"test":"make test-all","blanket":{"pattern":"bagpipe/lib"},"travis-cov":{"threshold":99}},"author":{"name":"Jackson Tian"},"license":"MIT","readmeFilename":"README.md","gitHead":"75269c60fdbb897be14575e70a2b86cf43999500","directories":{"doc":"doc","test":"test"},"devDependencies":{"pedding":"*","should":"*","blanket":"*","mocha":"*","travis-cov":"*"},"repository":{"type":"git","url":"git://github.com/JacksonTian/bagpipe.git"},"bugs":{"url":"https://github.com/JacksonTian/bagpipe/issues"},"_id":"bagpipe@0.3.4","dist":{"shasum":"292a6d103f0bc0b43cfb015e62190fcb19aed88f","size":8279,"noattachment":false,"tarball":"http://registry.npm.taobao.org/bagpipe/download/bagpipe-0.3.4.tgz"},"_from":".","_npmVersion":"1.2.23","_npmUser":{"name":"jacksontian","email":"shyvo1987@gmail.com"},"maintainers":[{"name":"jacksontian","email":"shyvo1987@gmail.com"}],"publish_time":1371437117165,"_hasShrinkwrap":false,"_cnpm_publish_time":1371437117165},"0.3.3":{"name":"bagpipe","version":"0.3.3","description":"Concurrency limit","keywords":["limiter","concurrency limit","parallel limit"],"main":"index.js","scripts":{"test":"make test-all","blanket":{"pattern":"bagpipe/lib"},"travis-cov":{"threshold":99}},"author":{"name":"Jackson Tian"},"license":"MIT","readmeFilename":"README.md","gitHead":"75269c60fdbb897be14575e70a2b86cf43999500","directories":{"doc":"doc","test":"test"},"devDependencies":{"pedding":"*","should":"*","blanket":"*","mocha":"*","travis-cov":"*"},"repository":{"type":"git","url":"git://github.com/JacksonTian/bagpipe.git"},"bugs":{"url":"https://github.com/JacksonTian/bagpipe/issues"},"_id":"bagpipe@0.3.3","dist":{"shasum":"5be1c65032342b60e6fa0a57d19dff388a78d2c3","size":8200,"noattachment":false,"tarball":"http://registry.npm.taobao.org/bagpipe/download/bagpipe-0.3.3.tgz"},"_from":".","_npmVersion":"1.2.23","_npmUser":{"name":"jacksontian","email":"shyvo1987@gmail.com"},"maintainers":[{"name":"jacksontian","email":"shyvo1987@gmail.com"}],"publish_time":1371398328864,"_hasShrinkwrap":false,"_cnpm_publish_time":1371398328864},"0.3.2":{"name":"bagpipe","version":"0.3.2","description":"Concurrency limit","keywords":["limiter","concurrency limit","parallel limit"],"main":"index.js","scripts":{"test":"make test-all","blanket":{"pattern":"bagpipe/lib"},"travis-cov":{"threshold":99}},"author":{"name":"Jackson Tian"},"license":"MIT","readmeFilename":"README.md","gitHead":"75269c60fdbb897be14575e70a2b86cf43999500","directories":{"doc":"doc","test":"test"},"devDependencies":{"pedding":"*","should":"*","blanket":"*","mocha":"*","travis-cov":"*"},"repository":{"type":"git","url":"git://github.com/JacksonTian/bagpipe.git"},"bugs":{"url":"https://github.com/JacksonTian/bagpipe/issues"},"_id":"bagpipe@0.3.2","dist":{"shasum":"14d55202e2b139f1fa7c5b0b2570ea6b21ec87b3","size":7736,"noattachment":false,"tarball":"http://registry.npm.taobao.org/bagpipe/download/bagpipe-0.3.2.tgz"},"_from":".","_npmVersion":"1.2.23","_npmUser":{"name":"jacksontian","email":"shyvo1987@gmail.com"},"maintainers":[{"name":"jacksontian","email":"shyvo1987@gmail.com"}],"publish_time":1371134846155,"_hasShrinkwrap":false,"_cnpm_publish_time":1371134846155},"0.3.1":{"name":"bagpipe","version":"0.3.1","description":"Concurrency limit","keywords":["limiter","concurrency limit","parallel limit"],"main":"index.js","scripts":{"test":"mocha -R spec"},"devDependencies":{"mocha":"*","should":"*","pedding":"*","jscover":"*"},"author":{"name":"Jackson Tian"},"license":"MIT","readmeFilename":"README.md","_id":"bagpipe@0.3.1","dist":{"shasum":"8ebe21720736a2fca8e0289592e919d07e91ae18","size":7279,"noattachment":false,"tarball":"http://registry.npm.taobao.org/bagpipe/download/bagpipe-0.3.1.tgz"},"_from":".","_npmVersion":"1.2.23","_npmUser":{"name":"jacksontian","email":"shyvo1987@gmail.com"},"maintainers":[{"name":"jacksontian","email":"shyvo1987@gmail.com"}],"directories":{},"publish_time":1371122138762,"_hasShrinkwrap":false,"_cnpm_publish_time":1371122138762},"0.3.0":{"name":"bagpipe","version":"0.3.0","description":"bagpipe.js","keywords":["limiter","concurrency limit","parallel limit"],"main":"index.js","scripts":{"test":"mocha -R spec"},"devDependencies":{"mocha":"*","should":"*","pedding":"*","jscover":"*"},"author":{"name":"Jackson Tian"},"license":"MIT","readmeFilename":"README.md","_id":"bagpipe@0.3.0","dist":{"shasum":"a8a5cc25d73ef38929efa64198a997c9fcb9c1c3","size":6911,"noattachment":false,"tarball":"http://registry.npm.taobao.org/bagpipe/download/bagpipe-0.3.0.tgz"},"_from":".","_npmVersion":"1.2.18","_npmUser":{"name":"jacksontian","email":"shyvo1987@gmail.com"},"maintainers":[{"name":"jacksontian","email":"shyvo1987@gmail.com"}],"directories":{},"publish_time":1367243744982,"_hasShrinkwrap":false,"_cnpm_publish_time":1367243744982},"0.2.0":{"name":"bagpipe","version":"0.2.0","description":"bagpipe.js","keywords":["limiter","concurrency limit","parallel limit"],"main":"index.js","scripts":{"test":"mocha -R spec"},"devDependencies":{"mocha":"*","should":"*"},"author":{"name":"Jackson Tian"},"license":"MIT","readmeFilename":"README.md","_id":"bagpipe@0.2.0","dist":{"shasum":"10a28627ba7a33a213dc242a30fed84696ce1296","size":6515,"noattachment":false,"tarball":"http://registry.npm.taobao.org/bagpipe/download/bagpipe-0.2.0.tgz"},"_from":".","_npmVersion":"1.2.2","_npmUser":{"name":"jacksontian","email":"shyvo1987@gmail.com"},"maintainers":[{"name":"jacksontian","email":"shyvo1987@gmail.com"}],"directories":{},"publish_time":1362772866733,"_hasShrinkwrap":false,"_cnpm_publish_time":1362772866733},"0.0.1":{"name":"bagpipe","version":"0.0.1","description":"bagpipe.js","main":"index.js","scripts":{"test":"mocha"},"author":{"name":"Jackson Tian"},"license":"MIT","_id":"bagpipe@0.0.1","dist":{"shasum":"b98668d19f188b3c9fca770e90746b1fb2a300b0","size":715,"noattachment":false,"tarball":"http://registry.npm.taobao.org/bagpipe/download/bagpipe-0.0.1.tgz"},"maintainers":[{"name":"jacksontian","email":"shyvo1987@gmail.com"}],"directories":{},"publish_time":1346847985907,"_hasShrinkwrap":false,"_cnpm_publish_time":1346847985907}},"_attachments":{},"readmeFilename":"README.md","bugs":{"url":"https://github.com/JacksonTian/bagpipe/issues"},"license":"MIT","_etag":"\"1fee-53dTAQ5qLBG893tnNREUjk1ECj8\""}