{"_id":"stringstream","_rev":"1212258","name":"stringstream","description":"Encode and decode streams into string streams","dist-tags":{"latest":"0.0.5"},"maintainers":[{"name":"hichaelmart","email":"michael.hart.au@gmail.com"}],"time":{"modified":"2017-04-01T05:55:33.000Z","created":"2012-06-23T01:34:23.318Z","0.0.5":"2015-10-25T23:27:18.102Z","0.0.4":"2013-01-21T06:26:03.334Z","0.0.3":"2012-06-27T05:23:45.522Z","0.0.2":"2012-06-24T12:45:44.493Z","0.0.1":"2012-06-23T03:22:41.897Z","0.0.0":"2012-06-23T01:34:23.318Z"},"users":{"jakemiller":true,"mojaray2k":true,"shanewholloway":true},"author":{"name":"Michael Hart","email":"michael.hart.au@gmail.com","url":"http://github.com/mhart"},"repository":{"type":"git","url":"git+https://github.com/mhart/StringStream.git"},"versions":{"0.0.5":{"name":"stringstream","version":"0.0.5","description":"Encode and decode streams into string streams","author":{"name":"Michael Hart","email":"michael.hart.au@gmail.com","url":"http://github.com/mhart"},"main":"stringstream.js","keywords":["string","stream","base64","gzip"],"repository":{"type":"git","url":"git+https://github.com/mhart/StringStream.git"},"license":"MIT","gitHead":"1efe3bf507bf3a1161f8473908b60e881d41422b","bugs":{"url":"https://github.com/mhart/StringStream/issues"},"homepage":"https://github.com/mhart/StringStream#readme","_id":"stringstream@0.0.5","scripts":{},"_shasum":"4e484cd4de5a0bbbee18e46307710a8a81621878","_from":".","_npmVersion":"2.14.8","_nodeVersion":"4.2.1","_npmUser":{"name":"hichaelmart","email":"michael.hart.au@gmail.com"},"maintainers":[{"name":"hichaelmart","email":"michael.hart.au@gmail.com"}],"dist":{"shasum":"4e484cd4de5a0bbbee18e46307710a8a81621878","size":2593,"noattachment":false,"tarball":"http://registry.npm.taobao.org/stringstream/download/stringstream-0.0.5.tgz"},"directories":{},"publish_time":1445815638102,"_cnpm_publish_time":1445815638102,"_hasShrinkwrap":false},"0.0.4":{"name":"stringstream","version":"0.0.4","description":"Encode and decode streams into string streams","author":{"name":"Michael Hart","email":"michael.hart.au@gmail.com","url":"http://github.com/mhart"},"main":"stringstream.js","keywords":["string","stream","base64","gzip"],"repository":{"type":"git","url":"https://github.com/mhart/StringStream.git"},"license":"MIT","readmeFilename":"README.md","_id":"stringstream@0.0.4","dist":{"shasum":"0f0e3423f942960b5692ac324a57dd093bc41a92","size":2030,"noattachment":false,"tarball":"http://registry.npm.taobao.org/stringstream/download/stringstream-0.0.4.tgz"},"_npmVersion":"1.2.0","_npmUser":{"name":"hichaelmart","email":"michael.hart.au@gmail.com"},"maintainers":[{"name":"hichaelmart","email":"michael.hart.au@gmail.com"}],"directories":{},"publish_time":1358749563334,"_cnpm_publish_time":1358749563334,"_hasShrinkwrap":false},"0.0.3":{"name":"stringstream","version":"0.0.3","description":"Encode and decode streams into string streams","main":"stringstream.js","scripts":{"test":"echo \"Error: no test specified\" && exit 1"},"homepage":"https://github.com/mhart/StringStream","repository":{"url":"https://github.com/mhart/StringStream.git"},"author":{"name":"Michael Hart","email":"michael.hart.au@gmail.com"},"license":"BSD","_id":"stringstream@0.0.3","dist":{"shasum":"db9412bd6d349058a437dd483dfabc65b4578b48","size":1885,"noattachment":false,"tarball":"http://registry.npm.taobao.org/stringstream/download/stringstream-0.0.3.tgz"},"maintainers":[{"name":"hichaelmart","email":"michael.hart.au@gmail.com"}],"directories":{},"publish_time":1340774625522,"_cnpm_publish_time":1340774625522,"_hasShrinkwrap":false},"0.0.2":{"name":"stringstream","version":"0.0.2","description":"Encode and decode streams into string streams","main":"stringstream.js","scripts":{"test":"echo \"Error: no test specified\" && exit 1"},"homepage":"https://github.com/mhart/StringStream","repository":{"url":"https://github.com/mhart/StringStream.git"},"author":{"name":"Michael Hart","email":"michael.hart.au@gmail.com"},"license":"BSD","_id":"stringstream@0.0.2","dist":{"shasum":"663f1171cd94d7951b14074037a622b92bde8669","size":1802,"noattachment":false,"tarball":"http://registry.npm.taobao.org/stringstream/download/stringstream-0.0.2.tgz"},"maintainers":[{"name":"hichaelmart","email":"michael.hart.au@gmail.com"}],"directories":{},"publish_time":1340541944493,"_cnpm_publish_time":1340541944493,"_hasShrinkwrap":false},"0.0.1":{"name":"stringstream","version":"0.0.1","description":"Encode and decode streams into string streams","main":"stringstream.js","scripts":{"test":"echo \"Error: no test specified\" && exit 1"},"homepage":"https://github.com/mhart/StringStream","repository":{"url":"https://github.com/mhart/StringStream.git"},"author":{"name":"Michael Hart","email":"michael.hart.au@gmail.com"},"license":"BSD","_id":"stringstream@0.0.1","dist":{"shasum":"93c24069089395a0a095222ce032aaf453d71f45","size":1670,"noattachment":false,"tarball":"http://registry.npm.taobao.org/stringstream/download/stringstream-0.0.1.tgz"},"maintainers":[{"name":"hichaelmart","email":"michael.hart.au@gmail.com"}],"directories":{},"publish_time":1340421761897,"_cnpm_publish_time":1340421761897,"_hasShrinkwrap":false},"0.0.0":{"name":"stringstream","version":"0.0.0","description":"Encode and decode data streams into string streams","main":"stringstream.js","scripts":{"test":"echo \"Error: no test specified\" && exit 1"},"homepage":"https://github.com/mhart/StringStream","repository":{"url":"https://github.com/mhart/StringStream.git"},"author":{"name":"Michael Hart","email":"michael.hart.au@gmail.com"},"license":"BSD","_id":"stringstream@0.0.0","dist":{"shasum":"4228912fb3a96ca3254b233359df50f9da804e1e","size":527,"noattachment":false,"tarball":"http://registry.npm.taobao.org/stringstream/download/stringstream-0.0.0.tgz"},"maintainers":[{"name":"hichaelmart","email":"michael.hart.au@gmail.com"}],"directories":{},"publish_time":1340415263318,"_cnpm_publish_time":1340415263318,"_hasShrinkwrap":false}},"readme":"# Decode streams into strings The Right Way(tm)\n\n```javascript\nvar fs   = require('fs')\nvar zlib = require('zlib')\nvar strs = require('stringstream')\n\nvar utf8Stream = fs.createReadStream('massiveLogFile.gz')\n  .pipe(zlib.createGunzip())\n  .pipe(strs('utf8'))\n```\n\nNo need to deal with `setEncoding()` weirdness, just compose streams\nlike they were supposed to be!\n\nHandles input and output encoding:\n\n```javascript\n// Stream from utf8 to hex to base64... Why not, ay.\nvar hex64Stream = fs.createReadStream('myFile')\n  .pipe(strs('utf8', 'hex'))\n  .pipe(strs('hex', 'base64'))\n```\n\nAlso deals with `base64` output correctly by aligning each emitted data\nchunk so that there are no dangling `=` characters:\n\n```javascript\nvar stream = fs.createReadStream('myFile').pipe(strs('base64'))\n\nvar base64Str = ''\n\nstream.on('data', function(data) { base64Str += data })\nstream.on('end', function() {\n  console.log('My base64 encoded file is: ' + base64Str) // Wouldn't work with setEncoding()\n  console.log('Original file is: ' + new Buffer(base64Str, 'base64'))\n})\n```\n","_attachments":{},"homepage":"https://github.com/mhart/StringStream#readme","bugs":{"url":"https://github.com/mhart/StringStream/issues"},"license":"MIT","_etag":"\"1c4e-w0bvp/RA98U6BWtTE0s5xDhUIzM\""}