{"_id":"binary-mirror-config","_rev":"10-801c4da45e683a36009957fe6811c472","name":"binary-mirror-config","description":"Binary mirror config for prebuild and node-pre-gyp","dist-tags":{"latest":"1.5.0"},"versions":{"1.0.0":{"name":"binary-mirror-config","version":"1.0.0","description":"Binary mirror config for prebuild and node-pre-gyp","main":"index.js","files":["index.js"],"scripts":{"test":"npm run lint && mocha -t 5000 test/*.test.js","test-cov":"istanbul cover _mocha -- -t 5000 test/*.test.js","lint":"eslint index.js","ci":"npm run lint && npm run test-cov","autod":"autod -w --prefix '~'"},"dependencies":{},"devDependencies":{"autod":"*","eslint":"2","eslint-config-egg":"2","istanbul":"*","mocha":"*"},"homepage":"https://github.com/cnpm/binary-mirror-config","repository":{"type":"git","url":"git://github.com/cnpm/binary-mirror-config.git","web":"https://github.com/cnpm/binary-mirror-config"},"bugs":{"url":"https://github.com/cnpm/binary-mirror-config/issues","email":"m@fengmk2.com"},"keywords":["binary-mirror-config","prebuild","node-pre-gyp"],"author":{"name":"fengmk2","email":"m@fengmk2.com","url":"http://fengmk2.com"},"license":"MIT","mirrors":{"china":{"leveldown":{"host":"https://npm.taobao.org/mirrors/leveldown/v{version}"},"leveldown-hyper":{"host":"https://npm.taobao.org/mirrors/leveldown-hyper/v{version}"},"mknod":{"host":"https://npm.taobao.org/mirrors/mknod/v{version}"},"couchbase":{"host":"https://npm.taobao.org/mirrors/couchbase/v{version}"},"sodium-prebuilt":{"host":"https://npm.taobao.org/mirrors/sodium-prebuilt/v{version}"},"utp-native":{"host":"https://npm.taobao.org/mirrors/utp-native/v{version}"},"node-tk5":{"host":"https://npm.taobao.org/mirrors/node-tk5/v{version}"},"fuse-bindings":{"host":"https://npm.taobao.org/mirrors/fuse-bindings/v{version}"},"zmq-prebuilt":{"host":"https://npm.taobao.org/mirrors/zmq-prebuilt/v{version}"},"gl":{"host":"https://npm.taobao.org/mirrors/gl/v{version}"},"hackrf":{"host":"https://npm.taobao.org/mirrors/hackrf/v{version}"},"rabin":{"host":"https://npm.taobao.org/mirrors/rabin/v{version}"},"sqlite3":{"host":"https://npm.taobao.org/mirrors"}}},"contributors":[{"name":"fengmk2","email":"m@fengmk2.com","url":"https://fengmk2.com"}],"gitHead":"6590b712a1e9eadf01c8ab805e1b2ad1b62ad98e","_id":"binary-mirror-config@1.0.0","_shasum":"2754b1ce12b237a7560738ff0664adb21c4b9ac0","_from":".","_npmVersion":"2.14.12","_nodeVersion":"4.3.2","_npmUser":{"name":"fengmk2","email":"fengmk2@gmail.com"},"maintainers":[{"name":"fengmk2","email":"fengmk2@gmail.com"}],"dist":{"shasum":"2754b1ce12b237a7560738ff0664adb21c4b9ac0","tarball":"https://registry.npmjs.org/binary-mirror-config/-/binary-mirror-config-1.0.0.tgz"},"_npmOperationalInternal":{"host":"packages-13-west.internal.npmjs.com","tmp":"tmp/binary-mirror-config-1.0.0.tgz_1457493935181_0.9827840235084295"},"directories":{}},"1.0.1":{"name":"binary-mirror-config","version":"1.0.1","description":"Binary mirror config for prebuild and node-pre-gyp","main":"index.js","files":["index.js"],"scripts":{"test":"npm run lint && mocha -t 5000 test/*.test.js","test-cov":"istanbul cover _mocha -- -t 5000 test/*.test.js","lint":"eslint index.js","ci":"npm run lint && npm run test-cov","autod":"autod -w --prefix '~'"},"dependencies":{},"devDependencies":{"autod":"*","eslint":"2","eslint-config-egg":"2","istanbul":"*","mocha":"*"},"homepage":"https://github.com/cnpm/binary-mirror-config","repository":{"type":"git","url":"git://github.com/cnpm/binary-mirror-config.git","web":"https://github.com/cnpm/binary-mirror-config"},"bugs":{"url":"https://github.com/cnpm/binary-mirror-config/issues","email":"m@fengmk2.com"},"keywords":["binary-mirror-config","prebuild","node-pre-gyp"],"author":{"name":"fengmk2","email":"m@fengmk2.com","url":"http://fengmk2.com"},"license":"MIT","mirrors":{"china":{"leveldown":{"host":"https://npm.taobao.org/mirrors/leveldown/v{version}"},"leveldown-hyper":{"host":"https://npm.taobao.org/mirrors/leveldown-hyper/v{version}"},"mknod":{"host":"https://npm.taobao.org/mirrors/mknod/v{version}"},"couchbase":{"host":"https://npm.taobao.org/mirrors/couchbase/v{version}"},"sodium-prebuilt":{"host":"https://npm.taobao.org/mirrors/sodium-prebuilt/v{version}"},"utp-native":{"host":"https://npm.taobao.org/mirrors/utp-native/v{version}"},"node-tk5":{"host":"https://npm.taobao.org/mirrors/node-tk5/v{version}"},"fuse-bindings":{"host":"https://npm.taobao.org/mirrors/fuse-bindings/v{version}"},"zmq-prebuilt":{"host":"https://npm.taobao.org/mirrors/zmq-prebuilt/v{version}"},"gl":{"host":"https://npm.taobao.org/mirrors/gl/v{version}"},"hackrf":{"host":"https://npm.taobao.org/mirrors/hackrf/v{version}"},"rabin":{"host":"https://npm.taobao.org/mirrors/rabin/v{version}"},"sqlite3":{"host":"https://npm.taobao.org/mirrors"},"fsevents":{"host":"https://npm.taobao.org/mirrors/fsevents"}}},"contributors":[{"name":"fengmk2","email":"m@fengmk2.com","url":"https://fengmk2.com"}],"gitHead":"cc7175b8a134d6f2467c0b43cf4c2a98c66b93bb","_id":"binary-mirror-config@1.0.1","_shasum":"9d1c97e71392dbe434179f3185e69e4a213f0470","_from":".","_npmVersion":"2.14.12","_nodeVersion":"4.3.2","_npmUser":{"name":"fengmk2","email":"fengmk2@gmail.com"},"maintainers":[{"name":"fengmk2","email":"fengmk2@gmail.com"}],"dist":{"shasum":"9d1c97e71392dbe434179f3185e69e4a213f0470","tarball":"https://registry.npmjs.org/binary-mirror-config/-/binary-mirror-config-1.0.1.tgz"},"_npmOperationalInternal":{"host":"packages-12-west.internal.npmjs.com","tmp":"tmp/binary-mirror-config-1.0.1.tgz_1457532196891_0.4981274844612926"},"directories":{}},"1.0.2":{"name":"binary-mirror-config","version":"1.0.2","description":"Binary mirror config for prebuild and node-pre-gyp","main":"index.js","files":["index.js"],"scripts":{"test":"npm run lint && mocha -t 5000 test/*.test.js","test-cov":"istanbul cover _mocha -- -t 5000 test/*.test.js","lint":"eslint index.js","ci":"npm run lint && npm run test-cov","autod":"autod -w --prefix '~'"},"dependencies":{},"devDependencies":{"autod":"*","eslint":"2","eslint-config-egg":"2","istanbul":"*","mocha":"*"},"homepage":"https://github.com/cnpm/binary-mirror-config","repository":{"type":"git","url":"git://github.com/cnpm/binary-mirror-config.git","web":"https://github.com/cnpm/binary-mirror-config"},"bugs":{"url":"https://github.com/cnpm/binary-mirror-config/issues","email":"m@fengmk2.com"},"keywords":["binary-mirror-config","prebuild","node-pre-gyp"],"author":{"name":"fengmk2","email":"m@fengmk2.com","url":"http://fengmk2.com"},"license":"MIT","mirrors":{"china":{"leveldown":{"host":"https://npm.taobao.org/mirrors/leveldown/v{version}"},"leveldown-hyper":{"host":"https://npm.taobao.org/mirrors/leveldown-hyper/v{version}"},"mknod":{"host":"https://npm.taobao.org/mirrors/mknod/v{version}"},"couchbase":{"host":"https://npm.taobao.org/mirrors/couchbase/v{version}"},"sodium-prebuilt":{"host":"https://npm.taobao.org/mirrors/sodium-prebuilt/v{version}"},"utp-native":{"host":"https://npm.taobao.org/mirrors/utp-native/v{version}"},"node-tk5":{"host":"https://npm.taobao.org/mirrors/node-tk5/v{version}"},"fuse-bindings":{"host":"https://npm.taobao.org/mirrors/fuse-bindings/v{version}"},"zmq-prebuilt":{"host":"https://npm.taobao.org/mirrors/zmq-prebuilt/v{version}"},"gl":{"host":"https://npm.taobao.org/mirrors/gl/v{version}"},"hackrf":{"host":"https://npm.taobao.org/mirrors/hackrf/v{version}"},"rabin":{"host":"https://npm.taobao.org/mirrors/rabin/v{version}"},"v8-debug":{"host":"https://npm.taobao.org/mirrors/node-inspector"},"v8-profiler":{"host":"https://npm.taobao.org/mirrors/node-inspector"},"sqlite3":{"host":"https://npm.taobao.org/mirrors"},"fsevents":{"host":"https://npm.taobao.org/mirrors/fsevents"}}},"contributors":[{"name":"fengmk2","email":"m@fengmk2.com","url":"https://fengmk2.com"}],"gitHead":"5f7b1818a376e33c96386f678de2e10db163b821","_id":"binary-mirror-config@1.0.2","_shasum":"b7da0e0f3b95a22dfadd6394dcc6bc43c03adabc","_from":".","_npmVersion":"2.14.12","_nodeVersion":"4.3.2","_npmUser":{"name":"fengmk2","email":"fengmk2@gmail.com"},"maintainers":[{"name":"fengmk2","email":"fengmk2@gmail.com"}],"dist":{"shasum":"b7da0e0f3b95a22dfadd6394dcc6bc43c03adabc","tarball":"https://registry.npmjs.org/binary-mirror-config/-/binary-mirror-config-1.0.2.tgz"},"_npmOperationalInternal":{"host":"packages-12-west.internal.npmjs.com","tmp":"tmp/binary-mirror-config-1.0.2.tgz_1457535304086_0.7478613851126283"},"directories":{}},"1.0.3":{"name":"binary-mirror-config","version":"1.0.3","description":"Binary mirror config for prebuild and node-pre-gyp","main":"index.js","files":["index.js"],"scripts":{"test":"npm run lint && mocha -t 5000 test/*.test.js","test-cov":"istanbul cover _mocha -- -t 5000 test/*.test.js","lint":"eslint index.js","ci":"npm run lint && npm run test-cov","autod":"autod -w --prefix '~'"},"dependencies":{},"devDependencies":{"autod":"*","eslint":"2","eslint-config-egg":"2","istanbul":"*","mocha":"*"},"homepage":"https://github.com/cnpm/binary-mirror-config","repository":{"type":"git","url":"git://github.com/cnpm/binary-mirror-config.git","web":"https://github.com/cnpm/binary-mirror-config"},"bugs":{"url":"https://github.com/cnpm/binary-mirror-config/issues","email":"m@fengmk2.com"},"keywords":["binary-mirror-config","prebuild","node-pre-gyp"],"author":{"name":"fengmk2","email":"m@fengmk2.com","url":"http://fengmk2.com"},"license":"MIT","mirrors":{"china":{"leveldown":{"host":"https://npm.taobao.org/mirrors/leveldown/v{version}"},"leveldown-hyper":{"host":"https://npm.taobao.org/mirrors/leveldown-hyper/v{version}"},"mknod":{"host":"https://npm.taobao.org/mirrors/mknod/v{version}"},"couchbase":{"host":"https://npm.taobao.org/mirrors/couchbase/v{version}"},"sodium-prebuilt":{"host":"https://npm.taobao.org/mirrors/sodium-prebuilt/v{version}"},"utp-native":{"host":"https://npm.taobao.org/mirrors/utp-native/v{version}"},"node-tk5":{"host":"https://npm.taobao.org/mirrors/node-tk5/v{version}"},"fuse-bindings":{"host":"https://npm.taobao.org/mirrors/fuse-bindings/v{version}"},"zmq-prebuilt":{"host":"https://npm.taobao.org/mirrors/zmq-prebuilt/v{version}"},"gl":{"host":"https://npm.taobao.org/mirrors/gl/v{version}"},"hackrf":{"host":"https://npm.taobao.org/mirrors/hackrf/v{version}"},"rabin":{"host":"https://npm.taobao.org/mirrors/rabin/v{version}"},"v8-debug":{"host":"https://npm.taobao.org/mirrors/node-inspector"},"v8-profiler":{"host":"https://npm.taobao.org/mirrors/node-inspector"},"sqlite3":{"host":"https://npm.taobao.org/mirrors"},"fsevents":{"host":"https://npm.taobao.org/mirrors/fsevents"},"nodegit":{"host":"https://npm.taobao.org/mirrors/nodegit"}}},"contributors":[{"name":"fengmk2","email":"m@fengmk2.com","url":"https://fengmk2.com"}],"gitHead":"5abba1ffc5f09b0f10469d2f3e2b17408829539f","_id":"binary-mirror-config@1.0.3","_shasum":"5c19b3a20cd4309992ac45ef78288894ffc4c467","_from":".","_npmVersion":"2.15.0","_nodeVersion":"4.4.2","_npmUser":{"name":"fengmk2","email":"fengmk2@gmail.com"},"maintainers":[{"name":"fengmk2","email":"fengmk2@gmail.com"}],"dist":{"shasum":"5c19b3a20cd4309992ac45ef78288894ffc4c467","tarball":"https://registry.npmjs.org/binary-mirror-config/-/binary-mirror-config-1.0.3.tgz"},"_npmOperationalInternal":{"host":"packages-12-west.internal.npmjs.com","tmp":"tmp/binary-mirror-config-1.0.3.tgz_1460625759372_0.706070434069261"},"directories":{}},"1.0.4":{"name":"binary-mirror-config","version":"1.0.4","description":"Binary mirror config for prebuild and node-pre-gyp","main":"index.js","files":["index.js"],"scripts":{"test":"npm run lint && mocha -t 5000 test/*.test.js","test-cov":"istanbul cover _mocha -- -t 5000 test/*.test.js","lint":"eslint index.js","ci":"npm run lint && npm run test-cov","autod":"autod -w --prefix '~'"},"dependencies":{},"devDependencies":{"autod":"*","eslint":"2","eslint-config-egg":"2","istanbul":"*","mocha":"*"},"homepage":"https://github.com/cnpm/binary-mirror-config","repository":{"type":"git","url":"git://github.com/cnpm/binary-mirror-config.git","web":"https://github.com/cnpm/binary-mirror-config"},"bugs":{"url":"https://github.com/cnpm/binary-mirror-config/issues","email":"m@fengmk2.com"},"keywords":["binary-mirror-config","prebuild","node-pre-gyp"],"author":{"name":"fengmk2","email":"m@fengmk2.com","url":"http://fengmk2.com"},"license":"MIT","mirrors":{"china":{"leveldown":{"host":"https://npm.taobao.org/mirrors/leveldown/v{version}"},"leveldown-hyper":{"host":"https://npm.taobao.org/mirrors/leveldown-hyper/v{version}"},"mknod":{"host":"https://npm.taobao.org/mirrors/mknod/v{version}"},"couchbase":{"host":"https://npm.taobao.org/mirrors/couchbase/v{version}"},"sodium-prebuilt":{"host":"https://npm.taobao.org/mirrors/sodium-prebuilt/v{version}"},"utp-native":{"host":"https://npm.taobao.org/mirrors/utp-native/v{version}"},"node-tk5":{"host":"https://npm.taobao.org/mirrors/node-tk5/v{version}"},"fuse-bindings":{"host":"https://npm.taobao.org/mirrors/fuse-bindings/v{version}"},"zmq-prebuilt":{"host":"https://npm.taobao.org/mirrors/zmq-prebuilt/v{version}"},"gl":{"host":"https://npm.taobao.org/mirrors/gl/v{version}"},"hackrf":{"host":"https://npm.taobao.org/mirrors/hackrf/v{version}"},"rabin":{"host":"https://npm.taobao.org/mirrors/rabin/v{version}"},"v8-debug":{"host":"https://npm.taobao.org/mirrors/node-inspector"},"v8-profiler":{"host":"https://npm.taobao.org/mirrors/node-inspector"},"sqlite3":{"host":"https://npm.taobao.org/mirrors"},"fsevents":{"host":"https://npm.taobao.org/mirrors/fsevents"},"nodegit":{"host":"https://npm.taobao.org/mirrors/nodegit/v{version}"}}},"contributors":[{"name":"fengmk2","email":"m@fengmk2.com","url":"https://fengmk2.com"}],"gitHead":"120852240fca73cb930071873759bd281eb2d53f","_id":"binary-mirror-config@1.0.4","_shasum":"f8965277195ee0de03bf772614a280fb6cc140fe","_from":".","_npmVersion":"2.15.0","_nodeVersion":"4.4.2","_npmUser":{"name":"fengmk2","email":"fengmk2@gmail.com"},"maintainers":[{"name":"fengmk2","email":"fengmk2@gmail.com"}],"dist":{"shasum":"f8965277195ee0de03bf772614a280fb6cc140fe","tarball":"https://registry.npmjs.org/binary-mirror-config/-/binary-mirror-config-1.0.4.tgz"},"_npmOperationalInternal":{"host":"packages-16-east.internal.npmjs.com","tmp":"tmp/binary-mirror-config-1.0.4.tgz_1460626626327_0.30584042239934206"},"directories":{}},"1.1.0":{"name":"binary-mirror-config","version":"1.1.0","description":"Binary mirror config for prebuild and node-pre-gyp","main":"index.js","files":["index.js"],"scripts":{"test":"npm run lint && mocha -t 5000 test/*.test.js","test-cov":"istanbul cover _mocha -- -t 5000 test/*.test.js","lint":"eslint index.js","ci":"npm run lint && npm run test-cov","autod":"autod -w --prefix '~'"},"dependencies":{},"devDependencies":{"autod":"*","eslint":"2","eslint-config-egg":"2","istanbul":"*","mocha":"*"},"homepage":"https://github.com/cnpm/binary-mirror-config","repository":{"type":"git","url":"git://github.com/cnpm/binary-mirror-config.git","web":"https://github.com/cnpm/binary-mirror-config"},"bugs":{"url":"https://github.com/cnpm/binary-mirror-config/issues","email":"m@fengmk2.com"},"keywords":["binary-mirror-config","prebuild","node-pre-gyp"],"author":{"name":"fengmk2","email":"m@fengmk2.com","url":"http://fengmk2.com"},"license":"MIT","mirrors":{"china":{"leveldown":{"host":"https://npm.taobao.org/mirrors/leveldown/v{version}"},"leveldown-hyper":{"host":"https://npm.taobao.org/mirrors/leveldown-hyper/v{version}"},"mknod":{"host":"https://npm.taobao.org/mirrors/mknod/v{version}"},"couchbase":{"host":"https://npm.taobao.org/mirrors/couchbase/v{version}"},"sodium-prebuilt":{"host":"https://npm.taobao.org/mirrors/sodium-prebuilt/v{version}"},"utp-native":{"host":"https://npm.taobao.org/mirrors/utp-native/v{version}"},"node-tk5":{"host":"https://npm.taobao.org/mirrors/node-tk5/v{version}"},"fuse-bindings":{"host":"https://npm.taobao.org/mirrors/fuse-bindings/v{version}"},"zmq-prebuilt":{"host":"https://npm.taobao.org/mirrors/zmq-prebuilt/v{version}"},"gl":{"host":"https://npm.taobao.org/mirrors/gl/v{version}"},"hackrf":{"host":"https://npm.taobao.org/mirrors/hackrf/v{version}"},"rabin":{"host":"https://npm.taobao.org/mirrors/rabin/v{version}"},"v8-debug":{"host":"https://npm.taobao.org/mirrors/node-inspector"},"v8-profiler":{"host":"https://npm.taobao.org/mirrors/node-inspector"},"sqlite3":{"host":"https://npm.taobao.org/mirrors"},"fsevents":{"host":"https://npm.taobao.org/mirrors/fsevents"},"nodegit":{"host":"https://npm.taobao.org/mirrors/nodegit/v{version}"},"flow-bin":{"host":"https://npm.taobao.org/mirrors/flow/v"}}},"contributors":[{"name":"fengmk2","email":"m@fengmk2.com","url":"https://fengmk2.com"}],"gitHead":"fd5678ea5b2b4f1c7a7076326e83798fcc7d8e5c","_id":"binary-mirror-config@1.1.0","_shasum":"32cb5e3357d6d6c6dab61822d31dd1cbd83c791e","_from":".","_npmVersion":"2.15.5","_nodeVersion":"4.4.5","_npmUser":{"name":"fengmk2","email":"fengmk2@gmail.com"},"maintainers":[{"name":"fengmk2","email":"fengmk2@gmail.com"}],"dist":{"shasum":"32cb5e3357d6d6c6dab61822d31dd1cbd83c791e","tarball":"https://registry.npmjs.org/binary-mirror-config/-/binary-mirror-config-1.1.0.tgz"},"_npmOperationalInternal":{"host":"packages-12-west.internal.npmjs.com","tmp":"tmp/binary-mirror-config-1.1.0.tgz_1464526013802_0.8322126260027289"},"directories":{}},"1.2.0":{"name":"binary-mirror-config","version":"1.2.0","description":"Binary mirror config for prebuild and node-pre-gyp","main":"index.js","files":["index.js"],"scripts":{"test":"npm run lint && mocha -t 5000 test/*.test.js","test-cov":"istanbul cover _mocha -- -t 5000 test/*.test.js","lint":"eslint index.js","ci":"npm run lint && npm run test-cov","autod":"autod -w --prefix '~'"},"dependencies":{},"devDependencies":{"autod":"*","eslint":"2","eslint-config-egg":"2","istanbul":"*","mocha":"*"},"homepage":"https://github.com/cnpm/binary-mirror-config","repository":{"type":"git","url":"git://github.com/cnpm/binary-mirror-config.git","web":"https://github.com/cnpm/binary-mirror-config"},"bugs":{"url":"https://github.com/cnpm/binary-mirror-config/issues","email":"m@fengmk2.com"},"keywords":["binary-mirror-config","prebuild","node-pre-gyp"],"author":{"name":"fengmk2","email":"m@fengmk2.com","url":"http://fengmk2.com"},"license":"MIT","mirrors":{"china":{"leveldown":{"host":"https://npm.taobao.org/mirrors/leveldown/v{version}"},"leveldown-hyper":{"host":"https://npm.taobao.org/mirrors/leveldown-hyper/v{version}"},"mknod":{"host":"https://npm.taobao.org/mirrors/mknod/v{version}"},"couchbase":{"host":"https://npm.taobao.org/mirrors/couchbase/v{version}"},"sodium-prebuilt":{"host":"https://npm.taobao.org/mirrors/sodium-prebuilt/v{version}"},"utp-native":{"host":"https://npm.taobao.org/mirrors/utp-native/v{version}"},"node-tk5":{"host":"https://npm.taobao.org/mirrors/node-tk5/v{version}"},"fuse-bindings":{"host":"https://npm.taobao.org/mirrors/fuse-bindings/v{version}"},"zmq-prebuilt":{"host":"https://npm.taobao.org/mirrors/zmq-prebuilt/v{version}"},"gl":{"host":"https://npm.taobao.org/mirrors/gl/v{version}"},"hackrf":{"host":"https://npm.taobao.org/mirrors/hackrf/v{version}"},"rabin":{"host":"https://npm.taobao.org/mirrors/rabin/v{version}"},"v8-debug":{"host":"https://npm.taobao.org/mirrors/node-inspector"},"v8-profiler":{"host":"https://npm.taobao.org/mirrors/node-inspector"},"sqlite3":{"host":"https://npm.taobao.org/mirrors"},"fsevents":{"host":"https://npm.taobao.org/mirrors/fsevents"},"nodegit":{"host":"https://npm.taobao.org/mirrors/nodegit/v{version}"},"flow-bin":{"replaceHost":"https://github.com/facebook/flow/releases/download/v","host":"https://npm.taobao.org/mirrors/flow/v"},"jpegtran-bin":{"replaceHost":["https://raw.githubusercontent.com","https://raw.github.com"],"host":"https://raw.github.cnpmjs.org"},"cwebp-bin":{"replaceHost":["https://raw.githubusercontent.com","https://raw.github.com"],"host":"https://raw.github.cnpmjs.org"},"zopflipng-bin":{"replaceHost":["https://raw.githubusercontent.com","https://raw.github.com"],"host":"https://raw.github.cnpmjs.org"},"optipng-bin":{"replaceHost":["https://raw.githubusercontent.com","https://raw.github.com"],"host":"https://raw.github.cnpmjs.org"},"mozjpeg":{"replaceHost":["https://raw.githubusercontent.com","https://raw.github.com"],"host":"https://raw.github.cnpmjs.org"},"gifsicle":{"replaceHost":["https://raw.githubusercontent.com","https://raw.github.com"],"host":"https://raw.github.cnpmjs.org"},"pngquant-bin":{"replaceHost":["https://raw.githubusercontent.com","https://raw.github.com"],"host":"https://raw.github.cnpmjs.org"},"pngcrush-bin":{"replaceHost":["https://raw.githubusercontent.com","https://raw.github.com"],"host":"https://raw.github.cnpmjs.org"},"jpeg-recompress-bin":{"replaceHost":["https://raw.githubusercontent.com","https://raw.github.com"],"host":"https://raw.github.cnpmjs.org"},"advpng-bin":{"replaceHost":["https://raw.githubusercontent.com","https://raw.github.com"],"host":"https://raw.github.cnpmjs.org"},"pngout-bin":{"replaceHost":["https://raw.githubusercontent.com","https://raw.github.com"],"host":"https://raw.github.cnpmjs.org"},"jpegoptim-bin":{"replaceHost":["https://raw.githubusercontent.com","https://raw.github.com"],"host":"https://raw.github.cnpmjs.org"}}},"contributors":[{"name":"fengmk2","email":"m@fengmk2.com","url":"https://fengmk2.com"}],"gitHead":"a9394660e3451434c28c0391f924797523e9d8ab","_id":"binary-mirror-config@1.2.0","_shasum":"460cf6cc7f7611e281f59a236363cd930748eb88","_from":".","_npmVersion":"3.10.8","_nodeVersion":"6.9.1","_npmUser":{"name":"fengmk2","email":"fengmk2@gmail.com"},"dist":{"shasum":"460cf6cc7f7611e281f59a236363cd930748eb88","tarball":"https://registry.npmjs.org/binary-mirror-config/-/binary-mirror-config-1.2.0.tgz"},"maintainers":[{"name":"fengmk2","email":"fengmk2@gmail.com"}],"_npmOperationalInternal":{"host":"packages-18-east.internal.npmjs.com","tmp":"tmp/binary-mirror-config-1.2.0.tgz_1477576499677_0.6039834741968662"},"directories":{}},"1.3.0":{"name":"binary-mirror-config","version":"1.3.0","description":"Binary mirror config for prebuild and node-pre-gyp","main":"index.js","files":["index.js"],"scripts":{"test":"npm run lint && mocha -t 5000 test/*.test.js","test-cov":"istanbul cover _mocha -- -t 5000 test/*.test.js","lint":"eslint index.js","ci":"npm run lint && npm run test-cov"},"dependencies":{},"devDependencies":{"egg-ci":"1","eslint":"3","eslint-config-egg":"3","istanbul":"*","mocha":"*"},"homepage":"https://github.com/cnpm/binary-mirror-config","repository":{"type":"git","url":"git://github.com/cnpm/binary-mirror-config.git","web":"https://github.com/cnpm/binary-mirror-config"},"bugs":{"url":"https://github.com/cnpm/binary-mirror-config/issues","email":"m@fengmk2.com"},"keywords":["binary-mirror-config","prebuild","node-pre-gyp"],"author":{"name":"fengmk2","email":"m@fengmk2.com","url":"http://fengmk2.com"},"license":"MIT","ci":{"version":"4, 6, 7"},"mirrors":{"china":{"ENVS":{"NODEJS_ORG_MIRROR":"https://npm.taobao.org/mirrors/node","NVM_NODEJS_ORG_MIRROR":"https://npm.taobao.org/mirrors/node","NVM_IOJS_ORG_MIRROR":"https://npm.taobao.org/mirrors/iojs","PHANTOMJS_CDNURL":"https://npm.taobao.org/mirrors/phantomjs","CHROMEDRIVER_CDNURL":"https://tnpm-hz.oss-cn-hangzhou.aliyuncs.com/dist/chromedriver","OPERADRIVER_CDNURL":"https://npm.taobao.org/mirrors/operadriver","ELECTRON_MIRROR":"https://npm.taobao.org/mirrors/electron/","SASS_BINARY_SITE":"https://npm.taobao.org/mirrors/node-sass","FLOW_BINARY_MIRROR":"https://github.com/facebook/flow/releases/download/v"},"leveldown":{"host":"https://npm.taobao.org/mirrors/leveldown/v{version}"},"leveldown-hyper":{"host":"https://npm.taobao.org/mirrors/leveldown-hyper/v{version}"},"mknod":{"host":"https://npm.taobao.org/mirrors/mknod/v{version}"},"couchbase":{"host":"https://npm.taobao.org/mirrors/couchbase/v{version}"},"sodium-prebuilt":{"host":"https://npm.taobao.org/mirrors/sodium-prebuilt/v{version}"},"utp-native":{"host":"https://npm.taobao.org/mirrors/utp-native/v{version}"},"node-tk5":{"host":"https://npm.taobao.org/mirrors/node-tk5/v{version}"},"fuse-bindings":{"host":"https://npm.taobao.org/mirrors/fuse-bindings/v{version}"},"zmq-prebuilt":{"host":"https://npm.taobao.org/mirrors/zmq-prebuilt/v{version}"},"gl":{"host":"https://npm.taobao.org/mirrors/gl/v{version}"},"hackrf":{"host":"https://npm.taobao.org/mirrors/hackrf/v{version}"},"rabin":{"host":"https://npm.taobao.org/mirrors/rabin/v{version}"},"v8-debug":{"host":"https://npm.taobao.org/mirrors/node-inspector"},"v8-profiler":{"host":"https://npm.taobao.org/mirrors/node-inspector"},"sqlite3":{"host":"https://npm.taobao.org/mirrors"},"fsevents":{"host":"https://npm.taobao.org/mirrors/fsevents"},"nodegit":{"host":"https://npm.taobao.org/mirrors/nodegit/v{version}"},"flow-bin":{"replaceHost":"https://github.com/facebook/flow/releases/download/v","host":"https://npm.taobao.org/mirrors/flow/v"},"jpegtran-bin":{"replaceHost":["https://raw.githubusercontent.com","https://raw.github.com"],"host":"https://raw.github.cnpmjs.org"},"cwebp-bin":{"replaceHost":["https://raw.githubusercontent.com","https://raw.github.com"],"host":"https://raw.github.cnpmjs.org"},"zopflipng-bin":{"replaceHost":["https://raw.githubusercontent.com","https://raw.github.com"],"host":"https://raw.github.cnpmjs.org"},"optipng-bin":{"replaceHost":["https://raw.githubusercontent.com","https://raw.github.com"],"host":"https://raw.github.cnpmjs.org"},"mozjpeg":{"replaceHost":["https://raw.githubusercontent.com","https://raw.github.com"],"host":"https://raw.github.cnpmjs.org"},"gifsicle":{"replaceHost":["https://raw.githubusercontent.com","https://raw.github.com"],"host":"https://raw.github.cnpmjs.org"},"pngquant-bin":{"replaceHost":["https://raw.githubusercontent.com","https://raw.github.com"],"host":"https://raw.github.cnpmjs.org"},"pngcrush-bin":{"replaceHost":["https://raw.githubusercontent.com","https://raw.github.com"],"host":"https://raw.github.cnpmjs.org"},"jpeg-recompress-bin":{"replaceHost":["https://raw.githubusercontent.com","https://raw.github.com"],"host":"https://raw.github.cnpmjs.org"},"advpng-bin":{"replaceHost":["https://raw.githubusercontent.com","https://raw.github.com"],"host":"https://raw.github.cnpmjs.org"},"pngout-bin":{"replaceHost":["https://raw.githubusercontent.com","https://raw.github.com"],"host":"https://raw.github.cnpmjs.org"},"jpegoptim-bin":{"replaceHost":["https://raw.githubusercontent.com","https://raw.github.com"],"host":"https://raw.github.cnpmjs.org"}}},"contributors":[{"name":"fengmk2","email":"m@fengmk2.com","url":"https://fengmk2.com"}],"gitHead":"6ed5c09612fa1afb3923ec820672d562248a675b","_id":"binary-mirror-config@1.3.0","_shasum":"3b6c9d1f939fb21f8592fe7132f597c0865f46f2","_from":".","_npmVersion":"3.10.8","_nodeVersion":"6.9.1","_npmUser":{"name":"fengmk2","email":"fengmk2@gmail.com"},"dist":{"shasum":"3b6c9d1f939fb21f8592fe7132f597c0865f46f2","tarball":"https://registry.npmjs.org/binary-mirror-config/-/binary-mirror-config-1.3.0.tgz"},"maintainers":[{"name":"fengmk2","email":"fengmk2@gmail.com"}],"_npmOperationalInternal":{"host":"packages-12-west.internal.npmjs.com","tmp":"tmp/binary-mirror-config-1.3.0.tgz_1478077586797_0.4567692116834223"},"directories":{}},"1.4.0":{"name":"binary-mirror-config","version":"1.4.0","description":"Binary mirror config for prebuild and node-pre-gyp","main":"index.js","files":["index.js"],"scripts":{"test":"npm run lint && mocha -t 5000 test/*.test.js","test-cov":"istanbul cover _mocha -- -t 5000 test/*.test.js","lint":"eslint index.js","ci":"npm run lint && npm run test-cov"},"dependencies":{},"devDependencies":{"egg-ci":"1","eslint":"3","eslint-config-egg":"3","istanbul":"*","mocha":"*"},"homepage":"https://github.com/cnpm/binary-mirror-config","repository":{"type":"git","url":"git://github.com/cnpm/binary-mirror-config.git","web":"https://github.com/cnpm/binary-mirror-config"},"bugs":{"url":"https://github.com/cnpm/binary-mirror-config/issues","email":"m@fengmk2.com"},"keywords":["binary-mirror-config","prebuild","node-pre-gyp"],"author":{"name":"fengmk2","email":"m@fengmk2.com","url":"http://fengmk2.com"},"license":"MIT","ci":{"version":"4, 6, 7"},"mirrors":{"china":{"ENVS":{"NODEJS_ORG_MIRROR":"https://npm.taobao.org/mirrors/node","NVM_NODEJS_ORG_MIRROR":"https://npm.taobao.org/mirrors/node","NVM_IOJS_ORG_MIRROR":"https://npm.taobao.org/mirrors/iojs","PHANTOMJS_CDNURL":"https://npm.taobao.org/mirrors/phantomjs","CHROMEDRIVER_CDNURL":"https://tnpm-hz.oss-cn-hangzhou.aliyuncs.com/dist/chromedriver","OPERADRIVER_CDNURL":"https://npm.taobao.org/mirrors/operadriver","ELECTRON_MIRROR":"https://npm.taobao.org/mirrors/electron/","SASS_BINARY_SITE":"https://npm.taobao.org/mirrors/node-sass","FLOW_BINARY_MIRROR":"https://github.com/facebook/flow/releases/download/v"},"leveldown":{"host":"https://npm.taobao.org/mirrors/leveldown/v{version}"},"leveldown-hyper":{"host":"https://npm.taobao.org/mirrors/leveldown-hyper/v{version}"},"mknod":{"host":"https://npm.taobao.org/mirrors/mknod/v{version}"},"couchbase":{"host":"https://npm.taobao.org/mirrors/couchbase/v{version}"},"sodium-prebuilt":{"host":"https://npm.taobao.org/mirrors/sodium-prebuilt/v{version}"},"utp-native":{"host":"https://npm.taobao.org/mirrors/utp-native/v{version}"},"node-tk5":{"host":"https://npm.taobao.org/mirrors/node-tk5/v{version}"},"fuse-bindings":{"host":"https://npm.taobao.org/mirrors/fuse-bindings/v{version}"},"zmq-prebuilt":{"host":"https://npm.taobao.org/mirrors/zmq-prebuilt/v{version}"},"gl":{"host":"https://npm.taobao.org/mirrors/gl/v{version}"},"hackrf":{"host":"https://npm.taobao.org/mirrors/hackrf/v{version}"},"rabin":{"host":"https://npm.taobao.org/mirrors/rabin/v{version}"},"v8-debug":{"host":"https://npm.taobao.org/mirrors/node-inspector"},"v8-profiler":{"host":"https://npm.taobao.org/mirrors/node-inspector"},"sqlite3":{"host":"https://npm.taobao.org/mirrors"},"grpc":{"host":"https://npm.taobao.org/mirrors","remote_path":"{name}/v{version}"},"fsevents":{"host":"https://npm.taobao.org/mirrors/fsevents"},"nodegit":{"host":"https://npm.taobao.org/mirrors/nodegit/v{version}"},"flow-bin":{"replaceHost":"https://github.com/facebook/flow/releases/download/v","host":"https://npm.taobao.org/mirrors/flow/v"},"jpegtran-bin":{"replaceHost":["https://raw.githubusercontent.com","https://raw.github.com"],"host":"https://raw.github.cnpmjs.org"},"cwebp-bin":{"replaceHost":["https://raw.githubusercontent.com","https://raw.github.com"],"host":"https://raw.github.cnpmjs.org"},"zopflipng-bin":{"replaceHost":["https://raw.githubusercontent.com","https://raw.github.com"],"host":"https://raw.github.cnpmjs.org"},"optipng-bin":{"replaceHost":["https://raw.githubusercontent.com","https://raw.github.com"],"host":"https://raw.github.cnpmjs.org"},"mozjpeg":{"replaceHost":["https://raw.githubusercontent.com","https://raw.github.com"],"host":"https://raw.github.cnpmjs.org"},"gifsicle":{"replaceHost":["https://raw.githubusercontent.com","https://raw.github.com"],"host":"https://raw.github.cnpmjs.org"},"pngquant-bin":{"replaceHost":["https://raw.githubusercontent.com","https://raw.github.com"],"host":"https://raw.github.cnpmjs.org"},"pngcrush-bin":{"replaceHost":["https://raw.githubusercontent.com","https://raw.github.com"],"host":"https://raw.github.cnpmjs.org"},"jpeg-recompress-bin":{"replaceHost":["https://raw.githubusercontent.com","https://raw.github.com"],"host":"https://raw.github.cnpmjs.org"},"advpng-bin":{"replaceHost":["https://raw.githubusercontent.com","https://raw.github.com"],"host":"https://raw.github.cnpmjs.org"},"pngout-bin":{"replaceHost":["https://raw.githubusercontent.com","https://raw.github.com"],"host":"https://raw.github.cnpmjs.org"},"jpegoptim-bin":{"replaceHost":["https://raw.githubusercontent.com","https://raw.github.com"],"host":"https://raw.github.cnpmjs.org"}}},"contributors":[{"name":"fengmk2","email":"m@fengmk2.com","url":"https://fengmk2.com"}],"gitHead":"5c5fb3829ae69f53339dec66fa6e3e23cccfbc60","_id":"binary-mirror-config@1.4.0","_shasum":"24909e7092a803e7f8f23dfb693da566ee6da9f4","_from":".","_npmVersion":"3.10.8","_nodeVersion":"6.9.1","_npmUser":{"name":"fengmk2","email":"fengmk2@gmail.com"},"dist":{"shasum":"24909e7092a803e7f8f23dfb693da566ee6da9f4","tarball":"https://registry.npmjs.org/binary-mirror-config/-/binary-mirror-config-1.4.0.tgz"},"maintainers":[{"name":"fengmk2","email":"fengmk2@gmail.com"}],"_npmOperationalInternal":{"host":"packages-12-west.internal.npmjs.com","tmp":"tmp/binary-mirror-config-1.4.0.tgz_1480445941440_0.03538124216720462"},"directories":{}},"1.5.0":{"name":"binary-mirror-config","version":"1.5.0","description":"Binary mirror config for prebuild and node-pre-gyp","main":"index.js","files":["index.js"],"scripts":{"test":"npm run lint && mocha -t 5000 test/*.test.js","test-cov":"istanbul cover _mocha -- -t 5000 test/*.test.js","lint":"eslint index.js","ci":"npm run lint && npm run test-cov"},"dependencies":{},"devDependencies":{"egg-ci":"1","eslint":"3","eslint-config-egg":"3","istanbul":"*","mocha":"*"},"homepage":"https://github.com/cnpm/binary-mirror-config","repository":{"type":"git","url":"git://github.com/cnpm/binary-mirror-config.git","web":"https://github.com/cnpm/binary-mirror-config"},"bugs":{"url":"https://github.com/cnpm/binary-mirror-config/issues","email":"m@fengmk2.com"},"keywords":["binary-mirror-config","prebuild","node-pre-gyp"],"author":{"name":"fengmk2","email":"m@fengmk2.com","url":"http://fengmk2.com"},"license":"MIT","ci":{"version":"4, 6, 7"},"mirrors":{"china":{"ENVS":{"NODEJS_ORG_MIRROR":"https://npm.taobao.org/mirrors/node","NVM_NODEJS_ORG_MIRROR":"https://npm.taobao.org/mirrors/node","NVM_IOJS_ORG_MIRROR":"https://npm.taobao.org/mirrors/iojs","PHANTOMJS_CDNURL":"https://npm.taobao.org/mirrors/phantomjs","CHROMEDRIVER_CDNURL":"https://tnpm-hz.oss-cn-hangzhou.aliyuncs.com/dist/chromedriver","OPERADRIVER_CDNURL":"https://npm.taobao.org/mirrors/operadriver","ELECTRON_MIRROR":"https://npm.taobao.org/mirrors/electron/","SASS_BINARY_SITE":"https://npm.taobao.org/mirrors/node-sass","FLOW_BINARY_MIRROR":"https://github.com/facebook/flow/releases/download/v"},"leveldown":{"host":"https://npm.taobao.org/mirrors/leveldown/v{version}"},"leveldown-hyper":{"host":"https://npm.taobao.org/mirrors/leveldown-hyper/v{version}"},"mknod":{"host":"https://npm.taobao.org/mirrors/mknod/v{version}"},"couchbase":{"host":"https://npm.taobao.org/mirrors/couchbase/v{version}"},"sodium-prebuilt":{"host":"https://npm.taobao.org/mirrors/sodium-prebuilt/v{version}"},"utp-native":{"host":"https://npm.taobao.org/mirrors/utp-native/v{version}"},"node-tk5":{"host":"https://npm.taobao.org/mirrors/node-tk5/v{version}"},"fuse-bindings":{"host":"https://npm.taobao.org/mirrors/fuse-bindings/v{version}"},"zmq-prebuilt":{"host":"https://npm.taobao.org/mirrors/zmq-prebuilt/v{version}"},"gl":{"host":"https://npm.taobao.org/mirrors/gl/v{version}"},"hackrf":{"host":"https://npm.taobao.org/mirrors/hackrf/v{version}"},"rabin":{"host":"https://npm.taobao.org/mirrors/rabin/v{version}"},"v8-debug":{"host":"https://npm.taobao.org/mirrors/node-inspector"},"v8-profiler":{"host":"https://npm.taobao.org/mirrors/node-inspector"},"sqlite3":{"host":"https://npm.taobao.org/mirrors"},"grpc":{"host":"https://npm.taobao.org/mirrors","remote_path":"{name}/v{version}"},"fsevents":{"host":"https://npm.taobao.org/mirrors/fsevents"},"nodegit":{"host":"https://npm.taobao.org/mirrors/nodegit/v{version}"},"flow-bin":{"replaceHost":"https://github.com/facebook/flow/releases/download/v","host":"https://npm.taobao.org/mirrors/flow/v"},"jpegtran-bin":{"replaceHost":["https://raw.githubusercontent.com","https://raw.github.com"],"host":"https://raw.github.cnpmjs.org"},"cwebp-bin":{"replaceHost":["https://raw.githubusercontent.com","https://raw.github.com"],"host":"https://raw.github.cnpmjs.org"},"zopflipng-bin":{"replaceHost":["https://raw.githubusercontent.com","https://raw.github.com"],"host":"https://raw.github.cnpmjs.org"},"optipng-bin":{"replaceHost":["https://raw.githubusercontent.com","https://raw.github.com"],"host":"https://raw.github.cnpmjs.org"},"mozjpeg":{"replaceHost":["https://raw.githubusercontent.com","https://raw.github.com"],"host":"https://raw.github.cnpmjs.org"},"gifsicle":{"replaceHost":["https://raw.githubusercontent.com","https://raw.github.com"],"host":"https://raw.github.cnpmjs.org"},"pngquant-bin":{"replaceHost":["https://raw.githubusercontent.com","https://raw.github.com"],"host":"https://raw.github.cnpmjs.org","replaceHostMap":{"https://raw.githubusercontent.com":"https://raw.github.cnpmjs.org","https://raw.github.com":"https://raw.github.cnpmjs.org","https://github.com":"https://github.com.cnpmjs.org"}},"pngcrush-bin":{"replaceHost":["https://raw.githubusercontent.com","https://raw.github.com"],"host":"https://raw.github.cnpmjs.org"},"jpeg-recompress-bin":{"replaceHost":["https://raw.githubusercontent.com","https://raw.github.com"],"host":"https://raw.github.cnpmjs.org"},"advpng-bin":{"replaceHost":["https://raw.githubusercontent.com","https://raw.github.com"],"host":"https://raw.github.cnpmjs.org"},"pngout-bin":{"replaceHost":["https://raw.githubusercontent.com","https://raw.github.com"],"host":"https://raw.github.cnpmjs.org"},"jpegoptim-bin":{"replaceHost":["https://raw.githubusercontent.com","https://raw.github.com"],"host":"https://raw.github.cnpmjs.org"}}},"contributors":[{"name":"fengmk2","email":"m@fengmk2.com","url":"https://fengmk2.com"}],"gitHead":"90489e1bfefb6e0963c408833af65461c0f1cf40","_id":"binary-mirror-config@1.5.0","_shasum":"d092b9ce4a99592df2bbd2264ef187824653f659","_from":".","_npmVersion":"4.1.2","_nodeVersion":"7.7.4","_npmUser":{"name":"fengmk2","email":"fengmk2@gmail.com"},"dist":{"shasum":"d092b9ce4a99592df2bbd2264ef187824653f659","tarball":"https://registry.npmjs.org/binary-mirror-config/-/binary-mirror-config-1.5.0.tgz"},"maintainers":[{"name":"fengmk2","email":"fengmk2@gmail.com"}],"_npmOperationalInternal":{"host":"packages-12-west.internal.npmjs.com","tmp":"tmp/binary-mirror-config-1.5.0.tgz_1490761101083_0.5649085778277367"},"directories":{}}},"readme":"binary-mirror-config\n=======\n\n[![NPM version][npm-image]][npm-url]\n[![build status][travis-image]][travis-url]\n[![Test coverage][codecov-image]][codecov-url]\n[![David deps][david-image]][david-url]\n[![npm download][download-image]][download-url]\n\n[npm-image]: https://img.shields.io/npm/v/binary-mirror-config.svg?style=flat-square\n[npm-url]: https://npmjs.org/package/binary-mirror-config\n[travis-image]: https://img.shields.io/travis/cnpm/binary-mirror-config.svg?style=flat-square\n[travis-url]: https://travis-ci.org/cnpm/binary-mirror-config\n[codecov-image]: https://codecov.io/github/cnpm/binary-mirror-config/coverage.svg?branch=master\n[codecov-url]: https://codecov.io/github/cnpm/binary-mirror-config?branch=master\n[david-image]: https://img.shields.io/david/cnpm/binary-mirror-config.svg?style=flat-square\n[david-url]: https://david-dm.org/cnpm/binary-mirror-config\n[download-image]: https://img.shields.io/npm/dm/binary-mirror-config.svg?style=flat-square\n[download-url]: https://npmjs.org/package/binary-mirror-config\n\nBinary mirror config for [prebuild](https://github.com/mafintosh/prebuild) and [node-pre-gyp](https://github.com/mapbox/node-pre-gyp)\n\n## Mirrors\n\n- China: https://npm.taobao.org/mirrors\n\n## License\n\n[MIT](LICENSE)\n","maintainers":[{"name":"fengmk2","email":"fengmk2@gmail.com"}],"time":{"modified":"2017-03-29T04:18:21.338Z","created":"2016-03-09T03:25:39.774Z","1.0.0":"2016-03-09T03:25:39.774Z","1.0.1":"2016-03-09T14:03:19.116Z","1.0.2":"2016-03-09T14:55:06.381Z","1.0.3":"2016-04-14T09:22:39.870Z","1.0.4":"2016-04-14T09:37:33.496Z","1.1.0":"2016-05-29T12:46:56.016Z","1.2.0":"2016-10-27T13:55:01.969Z","1.3.0":"2016-11-02T09:06:28.897Z","1.4.0":"2016-11-29T18:59:03.513Z","1.5.0":"2017-03-29T04:18:21.338Z"},"homepage":"https://github.com/cnpm/binary-mirror-config","keywords":["binary-mirror-config","prebuild","node-pre-gyp"],"repository":{"type":"git","url":"git://github.com/cnpm/binary-mirror-config.git","web":"https://github.com/cnpm/binary-mirror-config"},"contributors":[{"name":"fengmk2","email":"m@fengmk2.com","url":"https://fengmk2.com"}],"author":{"name":"fengmk2","email":"m@fengmk2.com","url":"http://fengmk2.com"},"bugs":{"url":"https://github.com/cnpm/binary-mirror-config/issues","email":"m@fengmk2.com"},"license":"MIT","readmeFilename":"README.md","_attachments":{},"_etag":"W/\"58db358d-9d85\"","_lastModified":"Wed, 29 Mar 2017 04:18:21 GMT","_cached":true}