{"_id":"is-class","_rev":"1440009","name":"is-class","description":"Check if function is an ES6 class.","dist-tags":{"latest":"0.0.4"},"maintainers":[{"name":"miguelmota","email":"hello@miguelmota.com"}],"time":{"modified":"2017-03-27T14:35:37.000Z","created":"2015-03-22T04:10:31.437Z","0.0.4":"2016-01-28T21:38:40.917Z","0.0.3":"2015-04-26T22:07:56.315Z","0.0.2":"2015-04-26T21:45:29.691Z","0.0.1":"2015-03-22T04:10:31.437Z"},"users":{},"author":{"name":"Miguel Mota","email":"hello@miguelmota.com","url":"http://www.miguelmota.com/"},"repository":{"type":"git","url":"git+https://github.com/miguelmota/is-class.git"},"versions":{"0.0.4":{"name":"is-class","version":"0.0.4","description":"Check if function is an ES6 class.","main":"is-class.js","directories":{"test":"test"},"scripts":{"test":"tape test/*.js"},"repository":{"type":"git","url":"git+https://github.com/miguelmota/is-class.git"},"keywords":["predicate","function","class","es6"],"author":{"name":"Miguel Mota","email":"hello@miguelmota.com","url":"http://www.miguelmota.com/"},"license":"MIT","bugs":{"url":"https://github.com/miguelmota/is-class/issues"},"homepage":"https://github.com/miguelmota/is-class","devDependencies":{"tape":"^3.0.3"},"gitHead":"2f3410f536f24ca1fa72d6f03a50d54e1a300ab8","_id":"is-class@0.0.4","_shasum":"e057451705bb34e39e3e33598c93a9837296b736","_from":".","_npmVersion":"3.3.9","_nodeVersion":"5.0.0","_npmUser":{"name":"miguelmota","email":"hello@miguelmota.com"},"dist":{"shasum":"e057451705bb34e39e3e33598c93a9837296b736","size":3079,"noattachment":false,"tarball":"http://registry.npm.taobao.org/is-class/download/is-class-0.0.4.tgz"},"maintainers":[{"name":"miguelmota","email":"hello@miguelmota.com"}],"publish_time":1454017120917,"_cnpm_publish_time":1454017120917,"_hasShrinkwrap":false},"0.0.3":{"name":"is-class","version":"0.0.3","description":"Check if function is an ES6 class.","main":"is-class.js","directories":{"test":"test"},"scripts":{"test":"tape test/*.js"},"repository":{"type":"git","url":"https://github.com/miguelmota/is-class"},"keywords":["predicate","function","class","es6"],"author":{"name":"Miguel Mota","email":"hello@miguelmota.com","url":"http://www.miguelmota.com/"},"license":"MIT","bugs":{"url":"https://github.com/miguelmota/is-class/issues"},"homepage":"https://github.com/miguelmota/is-class","dependencies":{"tape":"^3.0.3"},"gitHead":"e0df36800c929f6e7868e8e66986ae38d2fdaba6","_id":"is-class@0.0.3","_shasum":"a16d9c35bc6fa8793a187193a326f737c56d7661","_from":".","_npmVersion":"2.7.3","_nodeVersion":"0.12.0","_npmUser":{"name":"miguelmota","email":"hello@miguelmota.com"},"maintainers":[{"name":"miguelmota","email":"hello@miguelmota.com"}],"dist":{"shasum":"a16d9c35bc6fa8793a187193a326f737c56d7661","size":3141,"noattachment":false,"tarball":"http://registry.npm.taobao.org/is-class/download/is-class-0.0.3.tgz"},"publish_time":1430086076315,"_cnpm_publish_time":1430086076315,"_hasShrinkwrap":false},"0.0.2":{"name":"is-class","version":"0.0.2","description":"Check if function is an ES6 class.","main":"is-class.js","directories":{"test":"test"},"scripts":{"test":"tape test/*.js"},"repository":{"type":"git","url":"https://github.com/miguelmota/is-class"},"keywords":["predicate","function","class","es6"],"author":{"name":"Miguel Mota","email":"hello@miguelmota.com","url":"http://www.miguelmota.com/"},"license":"MIT","bugs":{"url":"https://github.com/miguelmota/is-class/issues"},"homepage":"https://github.com/miguelmota/is-class","dependencies":{"tape":"^3.0.3"},"gitHead":"f9aed2f1803f95875ffb3e6820bd5a7802b0dc28","_id":"is-class@0.0.2","_shasum":"2d80867b944a955da51aa54c4c3d021f55610f4f","_from":".","_npmVersion":"2.7.3","_nodeVersion":"0.12.0","_npmUser":{"name":"miguelmota","email":"hello@miguelmota.com"},"maintainers":[{"name":"miguelmota","email":"hello@miguelmota.com"}],"dist":{"shasum":"2d80867b944a955da51aa54c4c3d021f55610f4f","size":3138,"noattachment":false,"tarball":"http://registry.npm.taobao.org/is-class/download/is-class-0.0.2.tgz"},"publish_time":1430084729691,"_cnpm_publish_time":1430084729691,"_hasShrinkwrap":false},"0.0.1":{"name":"is-class","version":"0.0.1","description":"Check if function is an ES6 class.","main":"is-class.js","directories":{"test":"test"},"scripts":{"test":"tape test/*.js"},"repository":{"type":"git","url":"https://github.com/miguelmota/is-class"},"keywords":["predicate","function","class","es6"],"author":{"name":"Miguel Mota","email":"hello@miguelmota.com","url":"http://www.miguelmota.com/"},"license":"MIT","bugs":{"url":"https://github.com/miguelmota/is-class/issues"},"homepage":"https://github.com/miguelmota/is-class","dependencies":{"tape":"^3.0.3"},"gitHead":"50886cba55974d0385487c74ea752c5cb15c518b","_id":"is-class@0.0.1","_shasum":"7069c8b462210bfd568229ef6f55d1cc5fac901f","_from":".","_npmVersion":"2.7.3","_nodeVersion":"0.12.0","_npmUser":{"name":"miguelmota","email":"hello@miguelmota.com"},"maintainers":[{"name":"miguelmota","email":"hello@miguelmota.com"}],"dist":{"shasum":"7069c8b462210bfd568229ef6f55d1cc5fac901f","size":2769,"noattachment":false,"tarball":"http://registry.npm.taobao.org/is-class/download/is-class-0.0.1.tgz"},"publish_time":1426997431437,"_cnpm_publish_time":1426997431437,"_hasShrinkwrap":false}},"readme":"# is-class\n\nCheck if function is an ES6 class.\n\n# Install\n\n```bash\nnpm install is-class\n```\n\n```bash\nbower install is-class\n```\n\n# Usage\n\n```javascript\nvar isClass = require('is-class');\n\nclass F {}\nfunction G() {}\n\nconsole.log(isClass(F)); // true\nconsole.log(isClass(G)); // false\n```\n\n# License\n\nMIT\n","_attachments":{},"homepage":"https://github.com/miguelmota/is-class","bugs":{"url":"https://github.com/miguelmota/is-class/issues"},"license":"MIT","_etag":"\"1670-UufIbI0sLTA2NgXV4UU+RgLX898\""}