{"_id":"ora","_rev":"82-aea883d319561e850d4ab696d6b93444","name":"ora","description":"Elegant terminal spinner","dist-tags":{"latest":"1.2.0"},"versions":{"0.1.0":{"name":"ora","version":"0.1.0","description":"Elegant terminal spinner","license":"MIT","repository":{"type":"git","url":"https://github.com/sindresorhus/ora"},"author":{"name":"Sindre Sorhus","email":"sindresorhus@gmail.com","url":"sindresorhus.com"},"engines":{"node":">=0.10.0"},"scripts":{"test":"xo && ava"},"files":["index.js"],"keywords":["cli","spinner","spinners","terminal","term","console","ascii","unicode","loading","indicator","progress","busy","wait","idle"],"dependencies":{"chalk":"^1.1.1","cli-cursor":"^1.0.2","cli-spinners":"^0.1.2","object-assign":"^4.0.1"},"devDependencies":{"ava":"*","hook-std":"^0.2.0","xo":"*"},"gitHead":"48f58e1a976e43e16badd843e1c18c0cb692cd19","bugs":{"url":"https://github.com/sindresorhus/ora/issues"},"homepage":"https://github.com/sindresorhus/ora","_id":"ora@0.1.0","_shasum":"231ce3d0b0c1c90d3e300d4c6da789aa732d6616","_from":".","_npmVersion":"2.14.12","_nodeVersion":"4.3.0","_npmUser":{"name":"sindresorhus","email":"sindresorhus@gmail.com"},"dist":{"shasum":"231ce3d0b0c1c90d3e300d4c6da789aa732d6616","tarball":"https://registry.npmjs.org/ora/-/ora-0.1.0.tgz"},"maintainers":[{"name":"sindresorhus","email":"sindresorhus@gmail.com"}],"_npmOperationalInternal":{"host":"packages-13-west.internal.npmjs.com","tmp":"tmp/ora-0.1.0.tgz_1457030823146_0.7543118973262608"},"directories":{}},"0.1.1":{"name":"ora","version":"0.1.1","description":"Elegant terminal spinner","license":"MIT","repository":{"type":"git","url":"https://github.com/sindresorhus/ora"},"author":{"name":"Sindre Sorhus","email":"sindresorhus@gmail.com","url":"sindresorhus.com"},"engines":{"node":">=0.10.0"},"scripts":{"test":"xo && ava"},"files":["index.js"],"keywords":["cli","spinner","spinners","terminal","term","console","ascii","unicode","loading","indicator","progress","busy","wait","idle"],"dependencies":{"chalk":"^1.1.1","cli-cursor":"^1.0.2","cli-spinners":"^0.1.2","object-assign":"^4.0.1"},"devDependencies":{"ava":"*","hook-std":"^0.2.0","xo":"*"},"gitHead":"2a1820f3392339a70292a02875b46027a13d868b","bugs":{"url":"https://github.com/sindresorhus/ora/issues"},"homepage":"https://github.com/sindresorhus/ora","_id":"ora@0.1.1","_shasum":"95aa523e2ca0d4386049c361328fdd85769a517b","_from":".","_npmVersion":"2.14.12","_nodeVersion":"4.3.0","_npmUser":{"name":"sindresorhus","email":"sindresorhus@gmail.com"},"dist":{"shasum":"95aa523e2ca0d4386049c361328fdd85769a517b","tarball":"https://registry.npmjs.org/ora/-/ora-0.1.1.tgz"},"maintainers":[{"name":"sindresorhus","email":"sindresorhus@gmail.com"}],"_npmOperationalInternal":{"host":"packages-12-west.internal.npmjs.com","tmp":"tmp/ora-0.1.1.tgz_1457031107581_0.8343201945535839"},"directories":{}},"0.2.0":{"name":"ora","version":"0.2.0","description":"Elegant terminal spinner","license":"MIT","repository":{"type":"git","url":"https://github.com/sindresorhus/ora"},"author":{"name":"Sindre Sorhus","email":"sindresorhus@gmail.com","url":"sindresorhus.com"},"engines":{"node":">=0.10.0"},"scripts":{"test":"xo && ava"},"files":["index.js"],"keywords":["cli","spinner","spinners","terminal","term","console","ascii","unicode","loading","indicator","progress","busy","wait","idle"],"dependencies":{"chalk":"^1.1.1","cli-cursor":"^1.0.2","cli-spinners":"^0.1.2","object-assign":"^4.0.1"},"devDependencies":{"ava":"*","hook-std":"^0.2.0","xo":"*"},"gitHead":"623abe3ef04df8b3b7aafd49b3112bf563de4b36","bugs":{"url":"https://github.com/sindresorhus/ora/issues"},"homepage":"https://github.com/sindresorhus/ora","_id":"ora@0.2.0","_shasum":"46fa9c782ddcc0a7dbff71f86002426c5a0a9626","_from":".","_npmVersion":"2.14.12","_nodeVersion":"4.3.0","_npmUser":{"name":"sindresorhus","email":"sindresorhus@gmail.com"},"dist":{"shasum":"46fa9c782ddcc0a7dbff71f86002426c5a0a9626","tarball":"https://registry.npmjs.org/ora/-/ora-0.2.0.tgz"},"maintainers":[{"name":"sindresorhus","email":"sindresorhus@gmail.com"}],"_npmOperationalInternal":{"host":"packages-13-west.internal.npmjs.com","tmp":"tmp/ora-0.2.0.tgz_1457372112004_0.005990452598780394"},"directories":{}},"0.2.1":{"name":"ora","version":"0.2.1","description":"Elegant terminal spinner","license":"MIT","repository":{"type":"git","url":"git+https://github.com/sindresorhus/ora.git"},"author":{"name":"Sindre Sorhus","email":"sindresorhus@gmail.com","url":"sindresorhus.com"},"engines":{"node":">=0.10.0"},"scripts":{"test":"xo && ava"},"files":["index.js"],"keywords":["cli","spinner","spinners","terminal","term","console","ascii","unicode","loading","indicator","progress","busy","wait","idle"],"dependencies":{"chalk":"^1.1.1","cli-cursor":"^1.0.2","cli-spinners":"^0.1.2","object-assign":"^4.0.1"},"devDependencies":{"ava":"*","hook-std":"^0.2.0","xo":"*"},"gitHead":"ca4e8eaaee67010fab34f02a1031aafa27ebc0a8","bugs":{"url":"https://github.com/sindresorhus/ora/issues"},"homepage":"https://github.com/sindresorhus/ora#readme","_id":"ora@0.2.1","_shasum":"a5cb2cadd8c9a74dd417b89ce6d5d34429a80759","_from":".","_npmVersion":"3.8.3","_nodeVersion":"4.3.0","_npmUser":{"name":"sindresorhus","email":"sindresorhus@gmail.com"},"dist":{"shasum":"a5cb2cadd8c9a74dd417b89ce6d5d34429a80759","tarball":"https://registry.npmjs.org/ora/-/ora-0.2.1.tgz"},"maintainers":[{"name":"sindresorhus","email":"sindresorhus@gmail.com"}],"_npmOperationalInternal":{"host":"packages-12-west.internal.npmjs.com","tmp":"tmp/ora-0.2.1.tgz_1459148236299_0.6098175041843206"},"directories":{}},"0.2.2":{"name":"ora","version":"0.2.2","description":"Elegant terminal spinner","license":"MIT","repository":{"type":"git","url":"git+https://github.com/sindresorhus/ora.git"},"author":{"name":"Sindre Sorhus","email":"sindresorhus@gmail.com","url":"sindresorhus.com"},"engines":{"node":">=0.10.0"},"scripts":{"test":"xo && ava"},"files":["index.js"],"keywords":["cli","spinner","spinners","terminal","term","console","ascii","unicode","loading","indicator","progress","busy","wait","idle"],"dependencies":{"chalk":"^1.1.1","cli-cursor":"^1.0.2","cli-spinners":"^0.1.2","object-assign":"^4.0.1"},"devDependencies":{"ava":"*","hook-std":"^0.2.0","xo":"*"},"gitHead":"ddcafe31169a0b72eb165967b7a5198fba9d5b2e","bugs":{"url":"https://github.com/sindresorhus/ora/issues"},"homepage":"https://github.com/sindresorhus/ora#readme","_id":"ora@0.2.2","_shasum":"5d9d5791312ee6669cc2fc26f24c93f934004505","_from":".","_npmVersion":"2.15.0","_nodeVersion":"4.4.2","_npmUser":{"name":"sindresorhus","email":"sindresorhus@gmail.com"},"dist":{"shasum":"5d9d5791312ee6669cc2fc26f24c93f934004505","tarball":"https://registry.npmjs.org/ora/-/ora-0.2.2.tgz"},"maintainers":[{"name":"sindresorhus","email":"sindresorhus@gmail.com"}],"_npmOperationalInternal":{"host":"packages-16-east.internal.npmjs.com","tmp":"tmp/ora-0.2.2.tgz_1463651835053_0.058313180692493916"},"directories":{}},"0.2.3":{"name":"ora","version":"0.2.3","description":"Elegant terminal spinner","license":"MIT","repository":{"type":"git","url":"git+https://github.com/sindresorhus/ora.git"},"author":{"name":"Sindre Sorhus","email":"sindresorhus@gmail.com","url":"sindresorhus.com"},"engines":{"node":">=0.10.0"},"scripts":{"test":"xo && ava"},"files":["index.js"],"keywords":["cli","spinner","spinners","terminal","term","console","ascii","unicode","loading","indicator","progress","busy","wait","idle"],"dependencies":{"chalk":"^1.1.1","cli-cursor":"^1.0.2","cli-spinners":"^0.1.2","object-assign":"^4.0.1"},"devDependencies":{"ava":"*","hook-std":"^0.2.0","xo":"*"},"gitHead":"da8a5c4349af2f71d6bbf057950c7e749e0ff6eb","bugs":{"url":"https://github.com/sindresorhus/ora/issues"},"homepage":"https://github.com/sindresorhus/ora#readme","_id":"ora@0.2.3","_shasum":"37527d220adcd53c39b73571d754156d5db657a4","_from":".","_npmVersion":"2.15.0","_nodeVersion":"4.4.2","_npmUser":{"name":"sindresorhus","email":"sindresorhus@gmail.com"},"dist":{"shasum":"37527d220adcd53c39b73571d754156d5db657a4","tarball":"https://registry.npmjs.org/ora/-/ora-0.2.3.tgz"},"maintainers":[{"name":"sindresorhus","email":"sindresorhus@gmail.com"}],"_npmOperationalInternal":{"host":"packages-12-west.internal.npmjs.com","tmp":"tmp/ora-0.2.3.tgz_1463655723889_0.998596457997337"},"directories":{}},"0.3.0":{"name":"ora","version":"0.3.0","description":"Elegant terminal spinner","license":"MIT","repository":{"type":"git","url":"git+https://github.com/sindresorhus/ora.git"},"author":{"name":"Sindre Sorhus","email":"sindresorhus@gmail.com","url":"sindresorhus.com"},"engines":{"node":">=4"},"scripts":{"test":"xo && ava"},"files":["index.js"],"keywords":["cli","spinner","spinners","terminal","term","console","ascii","unicode","loading","indicator","progress","busy","wait","idle"],"dependencies":{"chalk":"^1.1.1","cli-cursor":"^1.0.2","cli-spinners":"^0.2.0","log-symbols":"^1.0.2"},"devDependencies":{"ava":"*","get-stream":"^2.3.0","xo":"*"},"xo":{"esnext":true},"gitHead":"f03a53abde328a14dcff2d8087d02f0ef64699c0","bugs":{"url":"https://github.com/sindresorhus/ora/issues"},"homepage":"https://github.com/sindresorhus/ora#readme","_id":"ora@0.3.0","_shasum":"367a078ad25cfb096da501115eb5b401e07d7495","_from":".","_npmVersion":"3.10.5","_nodeVersion":"4.4.5","_npmUser":{"name":"sindresorhus","email":"sindresorhus@gmail.com"},"dist":{"shasum":"367a078ad25cfb096da501115eb5b401e07d7495","tarball":"https://registry.npmjs.org/ora/-/ora-0.3.0.tgz"},"maintainers":[{"name":"sindresorhus","email":"sindresorhus@gmail.com"}],"_npmOperationalInternal":{"host":"packages-16-east.internal.npmjs.com","tmp":"tmp/ora-0.3.0.tgz_1469896922097_0.1848164456896484"},"directories":{}},"0.4.0":{"name":"ora","version":"0.4.0","description":"Elegant terminal spinner","license":"MIT","repository":{"type":"git","url":"git+https://github.com/sindresorhus/ora.git"},"author":{"name":"Sindre Sorhus","email":"sindresorhus@gmail.com","url":"sindresorhus.com"},"engines":{"node":">=4"},"scripts":{"test":"xo && ava"},"files":["index.js"],"keywords":["cli","spinner","spinners","terminal","term","console","ascii","unicode","loading","indicator","progress","busy","wait","idle"],"dependencies":{"chalk":"^1.1.1","cli-cursor":"^1.0.2","cli-spinners":"^1.0.0","log-symbols":"^1.0.2"},"devDependencies":{"ava":"*","get-stream":"^3.0.0","xo":"*"},"xo":{"esnext":true},"gitHead":"243079276dc3817a25012ebfd45bc01ce7f83dbb","bugs":{"url":"https://github.com/sindresorhus/ora/issues"},"homepage":"https://github.com/sindresorhus/ora#readme","_id":"ora@0.4.0","_shasum":"fccb5a82e169ccd27c491bd00cc1924ff7a390bd","_from":".","_npmVersion":"3.10.8","_nodeVersion":"6.9.1","_npmUser":{"name":"sindresorhus","email":"sindresorhus@gmail.com"},"dist":{"shasum":"fccb5a82e169ccd27c491bd00cc1924ff7a390bd","tarball":"https://registry.npmjs.org/ora/-/ora-0.4.0.tgz"},"maintainers":[{"name":"sindresorhus","email":"sindresorhus@gmail.com"}],"_npmOperationalInternal":{"host":"packages-12-west.internal.npmjs.com","tmp":"tmp/ora-0.4.0.tgz_1482009004323_0.09016014728695154"},"directories":{}},"0.4.1":{"name":"ora","version":"0.4.1","description":"Elegant terminal spinner","license":"MIT","repository":{"type":"git","url":"git+https://github.com/sindresorhus/ora.git"},"author":{"name":"Sindre Sorhus","email":"sindresorhus@gmail.com","url":"sindresorhus.com"},"engines":{"node":">=4"},"scripts":{"test":"xo && ava"},"files":["index.js"],"keywords":["cli","spinner","spinners","terminal","term","console","ascii","unicode","loading","indicator","progress","busy","wait","idle"],"dependencies":{"chalk":"^1.1.1","cli-cursor":"^2.1.0","cli-spinners":"^1.0.0","log-symbols":"^1.0.2"},"devDependencies":{"ava":"*","get-stream":"^3.0.0","xo":"*"},"xo":{"esnext":true},"gitHead":"4ceeedd51795bb88a8033229d198e70cd8a2aff7","bugs":{"url":"https://github.com/sindresorhus/ora/issues"},"homepage":"https://github.com/sindresorhus/ora#readme","_id":"ora@0.4.1","_shasum":"e268187c8890295f7859ac535fd8ca2c0ff64de7","_from":".","_npmVersion":"2.15.11","_nodeVersion":"4.6.2","_npmUser":{"name":"sindresorhus","email":"sindresorhus@gmail.com"},"dist":{"shasum":"e268187c8890295f7859ac535fd8ca2c0ff64de7","tarball":"https://registry.npmjs.org/ora/-/ora-0.4.1.tgz"},"maintainers":[{"name":"sindresorhus","email":"sindresorhus@gmail.com"}],"_npmOperationalInternal":{"host":"packages-18-east.internal.npmjs.com","tmp":"tmp/ora-0.4.1.tgz_1484027084211_0.1974552720785141"},"directories":{}},"1.0.0":{"name":"ora","version":"1.0.0","description":"Elegant terminal spinner","license":"MIT","repository":{"type":"git","url":"git+https://github.com/sindresorhus/ora.git"},"author":{"name":"Sindre Sorhus","email":"sindresorhus@gmail.com","url":"sindresorhus.com"},"engines":{"node":">=4"},"scripts":{"test":"xo && ava"},"files":["index.js"],"keywords":["cli","spinner","spinners","terminal","term","console","ascii","unicode","loading","indicator","progress","busy","wait","idle"],"dependencies":{"chalk":"^1.1.1","cli-cursor":"^2.1.0","cli-spinners":"^1.0.0","log-symbols":"^1.0.2"},"devDependencies":{"ava":"*","get-stream":"^3.0.0","xo":"*"},"xo":{"esnext":true},"gitHead":"05ec2e38c16c88438b8606f3c1785e60247d9feb","bugs":{"url":"https://github.com/sindresorhus/ora/issues"},"homepage":"https://github.com/sindresorhus/ora#readme","_id":"ora@1.0.0","_shasum":"7e46db48e5ac74118dc5f128ba89abdf81a02e6e","_from":".","_npmVersion":"2.15.11","_nodeVersion":"4.6.2","_npmUser":{"name":"sindresorhus","email":"sindresorhus@gmail.com"},"dist":{"shasum":"7e46db48e5ac74118dc5f128ba89abdf81a02e6e","tarball":"https://registry.npmjs.org/ora/-/ora-1.0.0.tgz"},"maintainers":[{"name":"sindresorhus","email":"sindresorhus@gmail.com"}],"_npmOperationalInternal":{"host":"packages-12-west.internal.npmjs.com","tmp":"tmp/ora-1.0.0.tgz_1484647386578_0.9834036054089665"},"directories":{}},"1.1.0":{"name":"ora","version":"1.1.0","description":"Elegant terminal spinner","license":"MIT","repository":{"type":"git","url":"git+https://github.com/sindresorhus/ora.git"},"author":{"name":"Sindre Sorhus","email":"sindresorhus@gmail.com","url":"sindresorhus.com"},"engines":{"node":">=4"},"scripts":{"test":"xo && ava"},"files":["index.js"],"keywords":["cli","spinner","spinners","terminal","term","console","ascii","unicode","loading","indicator","progress","busy","wait","idle"],"dependencies":{"chalk":"^1.1.1","cli-cursor":"^2.1.0","cli-spinners":"^1.0.0","log-symbols":"^1.0.2"},"devDependencies":{"ava":"*","get-stream":"^3.0.0","xo":"*"},"xo":{"esnext":true},"gitHead":"f62b052e74142b5d5bd7c658ffc1bbf9a8e22104","bugs":{"url":"https://github.com/sindresorhus/ora/issues"},"homepage":"https://github.com/sindresorhus/ora#readme","_id":"ora@1.1.0","_shasum":"69aaa4a209630e43b142c5f7ff41820da87e2faf","_from":".","_npmVersion":"4.0.5","_nodeVersion":"7.4.0","_npmUser":{"name":"sindresorhus","email":"sindresorhus@gmail.com"},"dist":{"shasum":"69aaa4a209630e43b142c5f7ff41820da87e2faf","tarball":"https://registry.npmjs.org/ora/-/ora-1.1.0.tgz"},"maintainers":[{"name":"sindresorhus","email":"sindresorhus@gmail.com"}],"_npmOperationalInternal":{"host":"packages-18-east.internal.npmjs.com","tmp":"tmp/ora-1.1.0.tgz_1484901230532_0.0683436170220375"},"directories":{}},"1.2.0":{"name":"ora","version":"1.2.0","description":"Elegant terminal spinner","license":"MIT","repository":{"type":"git","url":"git+https://github.com/sindresorhus/ora.git"},"author":{"name":"Sindre Sorhus","email":"sindresorhus@gmail.com","url":"sindresorhus.com"},"engines":{"node":">=4"},"scripts":{"test":"xo && ava"},"files":["index.js"],"keywords":["cli","spinner","spinners","terminal","term","console","ascii","unicode","loading","indicator","progress","busy","wait","idle"],"dependencies":{"chalk":"^1.1.1","cli-cursor":"^2.1.0","cli-spinners":"^1.0.0","log-symbols":"^1.0.2"},"devDependencies":{"ava":"*","get-stream":"^3.0.0","strip-ansi":"^3.0.1","xo":"*"},"gitHead":"4a60987a95ecd53526a74ab62505d321a61220dd","bugs":{"url":"https://github.com/sindresorhus/ora/issues"},"homepage":"https://github.com/sindresorhus/ora#readme","_id":"ora@1.2.0","_shasum":"32fb3183500efe83f5ea89101785f0ee6060fec9","_from":".","_npmVersion":"2.15.11","_nodeVersion":"4.7.3","_npmUser":{"name":"sindresorhus","email":"sindresorhus@gmail.com"},"dist":{"shasum":"32fb3183500efe83f5ea89101785f0ee6060fec9","tarball":"https://registry.npmjs.org/ora/-/ora-1.2.0.tgz"},"maintainers":[{"name":"sindresorhus","email":"sindresorhus@gmail.com"}],"_npmOperationalInternal":{"host":"packages-12-west.internal.npmjs.com","tmp":"tmp/ora-1.2.0.tgz_1490362949865_0.0014431958552449942"},"directories":{}}},"readme":"# ora [![Build Status](https://travis-ci.org/sindresorhus/ora.svg?branch=master)](https://travis-ci.org/sindresorhus/ora)\n\n> Elegant terminal spinner\n\n<img src=\"screenshot.gif\" width=\"629\">\n\n\n## Install\n\n```\n$ npm install --save ora\n```\n\n\n## Usage\n\n```js\nconst ora = require('ora');\n\nconst spinner = ora('Loading unicorns').start();\n\nsetTimeout(() => {\n\tspinner.color = 'yellow';\n\tspinner.text = 'Loading rainbows';\n}, 1000);\n```\n\n\n## API\n\nIt will gracefully not do anything when there's no TTY or when in a CI.\n\n### ora([options|text])\n\nIf a string is provided, it is treated as a shortcut for [`options.text`](#text).\n\n#### options\n\nType: `Object`\n\n##### text\n\nType: `string`\n\nText to display after the spinner.\n\n##### spinner\n\nType: `string` `Object`<br>\nDefault: `dots` <img src=\"screenshot-spinner.gif\" width=\"14\">\n\nName of one of the [provided spinners](https://github.com/sindresorhus/cli-spinners/blob/master/spinners.json). See `example.js` in this repo if you want to test out different spinners.\n\nOr an object like:\n\n```js\n{\n\tinterval: 80, // optional\n\tframes: ['-', '+', '-']\n}\n```\n\n##### color\n\nType: `string`<br>\nDefault: `cyan`<br>\nValues: `black` `red` `green` `yellow` `blue` `magenta` `cyan` `white` `gray`\n\nColor of the spinner.\n\n##### interval\n\nType: `number`<br>\nDefault: Provided by the spinner or `100`\n\nInterval between each frame.\n\nSpinners provide their own recommended interval, so you don't really need to specify this.\n\n##### stream\n\nType: `WritableStream`<br>\nDefault: `process.stderr`\n\nStream to write the output.\n\nYou could for example set this to `process.stdout` instead.\n\n##### enabled\n\nType: `boolean`\n\nForce enable/disable the spinner. If not specified, the spinner will be enabled if the `stream` is being run inside a TTY context (not spawned or piped) and/or not in a CI environment.\n\n### Instance\n\n#### .start()\n\nStart the spinner. Returns the instance.\n\n#### .stop()\n\nStop and clear the spinner. Returns the instance.\n\n#### .succeed([text])\n\nStop the spinner, change it to a green `✔` and persist the current text, or `text` if provided. Returns the instance. See the GIF below.\n\n#### .fail([text])\n\nStop the spinner, change it to a red `✖` and persist the current text, or `text` if provided. Returns the instance. See the GIF below.\n\n#### .warn([text])\n\nStop the spinner, change it to a yellow `⚠` and persist the current text, or `text` if provided. Returns the instance.\n\n#### .info([text])\n\nStop the spinner, change it to a blue `ℹ` and persist the current text, or `text` if provided. Returns the instance.\n\n#### .stopAndPersist([options])\n\nStop the spinner and change the symbol or text. Returns the instance. See the GIF below.\n\n##### options\n\nType: `Object`\n\n###### symbol\n\nType: `string`<br>\nDefault: `' '`\n\nSymbol to replace the spinner with.\n\n###### text\n\nType: `string`<br>\nDefault: Current text\n\nText to be persisted.\n\n<img src=\"screenshot-2.gif\" width=\"480\">\n\n#### .clear()\n\nClear the spinner. Returns the instance.\n\n#### .render()\n\nManually render a new frame. Returns the instance.\n\n#### .frame()\n\nGet a new frame.\n\n#### .text\n\nChange the text.\n\n#### .color\n\nChange the spinner color.\n\n#### .promise(action, [options|text])\n\nStarts a spinner for a promise. The spinner is stopped with `.succeed()` if the promise fulfills or with `.fail()` if it rejects. Returns the spinner instance.\n\n##### action\n\nType: `Promise`\n\n\n## Related\n\n- [cli-spinners](https://github.com/sindresorhus/cli-spinners) - Spinners for use in the terminal\n- [listr](https://github.com/SamVerschueren/listr) - Terminal task list\n\n\n## License\n\nMIT © [Sindre Sorhus](https://sindresorhus.com)\n","maintainers":[{"name":"sindresorhus","email":"sindresorhus@gmail.com"}],"time":{"modified":"2017-06-06T19:08:56.840Z","created":"2016-03-03T18:47:04.266Z","0.1.0":"2016-03-03T18:47:04.266Z","0.1.1":"2016-03-03T18:51:48.750Z","0.2.0":"2016-03-07T17:35:14.026Z","0.2.1":"2016-03-28T06:57:16.727Z","0.2.2":"2016-05-19T09:57:19.624Z","0.2.3":"2016-05-19T11:02:04.544Z","0.3.0":"2016-07-30T16:42:05.270Z","0.4.0":"2016-12-17T21:10:06.546Z","0.4.1":"2017-01-10T05:44:46.127Z","1.0.0":"2017-01-17T10:03:06.812Z","1.1.0":"2017-01-20T08:33:52.233Z","1.2.0":"2017-03-24T13:42:30.106Z"},"homepage":"https://github.com/sindresorhus/ora#readme","keywords":["cli","spinner","spinners","terminal","term","console","ascii","unicode","loading","indicator","progress","busy","wait","idle"],"repository":{"type":"git","url":"git+https://github.com/sindresorhus/ora.git"},"author":{"name":"Sindre Sorhus","email":"sindresorhus@gmail.com","url":"sindresorhus.com"},"bugs":{"url":"https://github.com/sindresorhus/ora/issues"},"license":"MIT","readmeFilename":"readme.md","users":{"nsisodiya":true,"shenbin":true,"nichoth":true,"pwn":true,"peach":true,"francisbrito":true,"lossless":true,"simon129":true,"raphaelcockx":true,"lgatica":true,"trolster":true,"morganz":true,"ggarek":true,"recursion_excursion":true,"nice_body":true,"simonfan":true,"antanst":true,"evan2x":true,"kreding":true,"john-goldsmith":true,"edm00se":true,"alphatr":true,"ridermansb":true,"sqrtthree":true,"ahmed-dinar":true,"sternelee":true,"glebec":true,"antixrist":true,"landy2014":true,"moimikey":true,"nerdybeast":true,"ziflex":true,"guscaplan":true,"huhgawz":true,"azaritech":true,"slurm":true,"iori20091101":true,"panlw":true,"telco2011":true,"xlsu":true,"wangnan0610":true,"daizch":true,"xlaoyu":true,"pmbenjamin":true,"wangfeia":true,"shaomingquan":true,"bianlongting":true,"stone_breaker":true,"fengmiaosen":true,"xgheaven":true,"tsxuehu":true,"heartnett":true,"larrychen":true,"xngiser":true,"g120hbq":true,"saadbinsaeed":true,"sbruchmann":true,"django_wong":true,"sartrey":true,"alexxnica":true,"someok":true,"isaacvitor":true},"_attachments":{},"_etag":"W/\"5936fdc8-5804\"","_lastModified":"Tue, 06 Jun 2017 19:08:56 GMT","_cached":true}