{"_id":"cli-spinners","_rev":"2679845","name":"cli-spinners","description":"Spinners for use in the terminal","dist-tags":{"latest":"1.0.0"},"maintainers":[{"name":"sindresorhus","email":"sindresorhus@gmail.com"}],"time":{"modified":"2017-03-28T07:41:09.000Z","created":"2016-03-03T18:21:35.618Z","1.0.0":"2016-12-07T20:38:55.594Z","0.3.0":"2016-09-06T09:51:15.583Z","0.2.0":"2016-07-21T10:15:54.902Z","0.1.2":"2016-03-03T18:37:16.530Z","0.1.1":"2016-03-03T18:34:21.114Z","0.1.0":"2016-03-03T18:21:35.618Z"},"users":{"germanattanasio":true,"rodrigo-medeiros":true,"tlezotte":true,"simon129":true,"ahme-t":true,"john-goldsmith":true,"ahmed-dinar":true,"django_wong":true},"author":{"name":"Sindre Sorhus","email":"sindresorhus@gmail.com","url":"sindresorhus.com"},"repository":{"type":"git","url":"git+https://github.com/sindresorhus/cli-spinners.git"},"versions":{"1.0.0":{"name":"cli-spinners","version":"1.0.0","description":"Spinners for use in the terminal","license":"MIT","repository":{"type":"git","url":"git+https://github.com/sindresorhus/cli-spinners.git"},"author":{"name":"Sindre Sorhus","email":"sindresorhus@gmail.com","url":"sindresorhus.com"},"engines":{"node":">=4"},"scripts":{"test":"xo && ava","asciicast":"asciinema rec --command='node example-all.js' --title='cli-spinner' --quiet"},"files":["index.js","spinners.json"],"keywords":["cli","spinner","spinners","terminal","term","console","ascii","unicode","loading","indicator","progress","busy","wait","idle","json"],"devDependencies":{"ava":"*","log-update":"^1.0.2","xo":"*"},"gitHead":"24a4edc10e48df456820f03b4962896fe13c0c31","bugs":{"url":"https://github.com/sindresorhus/cli-spinners/issues"},"homepage":"https://github.com/sindresorhus/cli-spinners#readme","_id":"cli-spinners@1.0.0","_shasum":"ef987ed3d48391ac3dab9180b406a742180d6e6a","_from":".","_npmVersion":"4.0.2","_nodeVersion":"6.9.1","_npmUser":{"name":"sindresorhus","email":"sindresorhus@gmail.com"},"dist":{"shasum":"ef987ed3d48391ac3dab9180b406a742180d6e6a","size":3707,"noattachment":false,"tarball":"http://registry.npm.taobao.org/cli-spinners/download/cli-spinners-1.0.0.tgz"},"maintainers":[{"name":"sindresorhus","email":"sindresorhus@gmail.com"}],"_npmOperationalInternal":{"host":"packages-12-west.internal.npmjs.com","tmp":"tmp/cli-spinners-1.0.0.tgz_1481143133542_0.14823321253061295"},"directories":{},"publish_time":1481143135594,"_cnpm_publish_time":1481143135594,"_hasShrinkwrap":false},"0.3.0":{"name":"cli-spinners","version":"0.3.0","description":"Spinners for use in the terminal","license":"MIT","repository":{"type":"git","url":"git+https://github.com/sindresorhus/cli-spinners.git"},"author":{"name":"Sindre Sorhus","email":"sindresorhus@gmail.com","url":"sindresorhus.com"},"engines":{"node":">=4"},"scripts":{"test":"xo && ava","asciicast":"asciinema rec --command='node example-all.js' --title='cli-spinner' --quiet"},"files":["index.js","spinners.json"],"keywords":["cli","spinner","spinners","terminal","term","console","ascii","unicode","loading","indicator","progress","busy","wait","idle","json"],"devDependencies":{"ava":"*","log-update":"^1.0.2","xo":"*"},"gitHead":"edfe659b9f7e729b8714971580209686a99fe272","bugs":{"url":"https://github.com/sindresorhus/cli-spinners/issues"},"homepage":"https://github.com/sindresorhus/cli-spinners#readme","_id":"cli-spinners@0.3.0","_shasum":"d822cc65116aa70ae7f6d2a826eda845fc0e4ef1","_from":".","_npmVersion":"3.10.3","_nodeVersion":"6.4.0","_npmUser":{"name":"sindresorhus","email":"sindresorhus@gmail.com"},"dist":{"shasum":"d822cc65116aa70ae7f6d2a826eda845fc0e4ef1","size":3718,"noattachment":false,"tarball":"http://registry.npm.taobao.org/cli-spinners/download/cli-spinners-0.3.0.tgz"},"maintainers":[{"name":"sindresorhus","email":"sindresorhus@gmail.com"}],"_npmOperationalInternal":{"host":"packages-12-west.internal.npmjs.com","tmp":"tmp/cli-spinners-0.3.0.tgz_1473155475361_0.47535424679517746"},"directories":{},"publish_time":1473155475583,"_cnpm_publish_time":1473155475583,"_hasShrinkwrap":false},"0.2.0":{"name":"cli-spinners","version":"0.2.0","description":"Spinners for use in the terminal","license":"MIT","repository":{"type":"git","url":"git+https://github.com/sindresorhus/cli-spinners.git"},"author":{"name":"Sindre Sorhus","email":"sindresorhus@gmail.com","url":"sindresorhus.com"},"engines":{"node":">=4"},"scripts":{"test":"xo && ava","asciicast":"asciinema rec --command='node example-all.js' --title='cli-spinner' --quiet"},"files":["index.js","spinners.json"],"keywords":["cli","spinner","spinners","terminal","term","console","ascii","unicode","loading","indicator","progress","busy","wait","idle","json"],"devDependencies":{"ava":"*","log-update":"^1.0.2","xo":"*"},"gitHead":"90faeef9589318ea01854226464b66bf8f08bc83","bugs":{"url":"https://github.com/sindresorhus/cli-spinners/issues"},"homepage":"https://github.com/sindresorhus/cli-spinners#readme","_id":"cli-spinners@0.2.0","_shasum":"85078737913b880f6ec9ffe7b65e83ec7776284f","_from":".","_npmVersion":"2.15.5","_nodeVersion":"4.4.5","_npmUser":{"name":"sindresorhus","email":"sindresorhus@gmail.com"},"dist":{"shasum":"85078737913b880f6ec9ffe7b65e83ec7776284f","size":3458,"noattachment":false,"tarball":"http://registry.npm.taobao.org/cli-spinners/download/cli-spinners-0.2.0.tgz"},"maintainers":[{"name":"sindresorhus","email":"sindresorhus@gmail.com"}],"_npmOperationalInternal":{"host":"packages-12-west.internal.npmjs.com","tmp":"tmp/cli-spinners-0.2.0.tgz_1469096152903_0.14068454504013062"},"directories":{},"publish_time":1469096154902,"_cnpm_publish_time":1469096154902,"_hasShrinkwrap":false},"0.1.2":{"name":"cli-spinners","version":"0.1.2","description":"Spinners for use in the terminal","license":"MIT","repository":{"type":"git","url":"https://github.com/sindresorhus/cli-spinners"},"author":{"name":"Sindre Sorhus","email":"sindresorhus@gmail.com","url":"sindresorhus.com"},"engines":{"node":">=0.10.0"},"scripts":{"test":"xo && ava"},"files":["index.js","spinners.json"],"keywords":["cli","spinner","spinners","terminal","term","console","ascii","unicode","loading","indicator","progress","busy","wait","idle","json"],"devDependencies":{"ava":"*","log-update":"^1.0.2","xo":"*"},"gitHead":"13a2f874e373f16f40f7aba90a5ab7ecbde8e3b6","bugs":{"url":"https://github.com/sindresorhus/cli-spinners/issues"},"homepage":"https://github.com/sindresorhus/cli-spinners","_id":"cli-spinners@0.1.2","_shasum":"bb764d88e185fb9e1e6a2a1f19772318f605e31c","_from":".","_npmVersion":"2.14.12","_nodeVersion":"4.3.0","_npmUser":{"name":"sindresorhus","email":"sindresorhus@gmail.com"},"dist":{"shasum":"bb764d88e185fb9e1e6a2a1f19772318f605e31c","size":3108,"noattachment":false,"tarball":"http://registry.npm.taobao.org/cli-spinners/download/cli-spinners-0.1.2.tgz"},"maintainers":[{"name":"sindresorhus","email":"sindresorhus@gmail.com"}],"_npmOperationalInternal":{"host":"packages-12-west.internal.npmjs.com","tmp":"tmp/cli-spinners-0.1.2.tgz_1457030235334_0.041595852468162775"},"directories":{},"publish_time":1457030236530,"_cnpm_publish_time":1457030236530,"_hasShrinkwrap":false},"0.1.1":{"name":"cli-spinners","version":"0.1.1","description":"Spinners for use in the terminal","license":"MIT","repository":{"type":"git","url":"https://github.com/sindresorhus/cli-spinners"},"author":{"name":"Sindre Sorhus","email":"sindresorhus@gmail.com","url":"sindresorhus.com"},"engines":{"node":">=0.10.0"},"scripts":{"test":"xo && ava"},"files":["index.js","spinners.json"],"keywords":["cli","spinner","spinners","terminal","term","console","ascii","unicode","loading","indicator","progress","busy","wait","idle","json"],"devDependencies":{"ava":"*","log-update":"^1.0.2","xo":"*"},"gitHead":"66dd64c7d0ce03c53a328a10bc6963ef2b36052e","bugs":{"url":"https://github.com/sindresorhus/cli-spinners/issues"},"homepage":"https://github.com/sindresorhus/cli-spinners","_id":"cli-spinners@0.1.1","_shasum":"ea3d445e9b78e4f2ddfe147dd54786cdb8ac02b8","_from":".","_npmVersion":"2.14.12","_nodeVersion":"4.3.0","_npmUser":{"name":"sindresorhus","email":"sindresorhus@gmail.com"},"dist":{"shasum":"ea3d445e9b78e4f2ddfe147dd54786cdb8ac02b8","size":3093,"noattachment":false,"tarball":"http://registry.npm.taobao.org/cli-spinners/download/cli-spinners-0.1.1.tgz"},"maintainers":[{"name":"sindresorhus","email":"sindresorhus@gmail.com"}],"_npmOperationalInternal":{"host":"packages-13-west.internal.npmjs.com","tmp":"tmp/cli-spinners-0.1.1.tgz_1457030059997_0.671696525067091"},"directories":{},"publish_time":1457030061114,"_cnpm_publish_time":1457030061114,"_hasShrinkwrap":false},"0.1.0":{"name":"cli-spinners","version":"0.1.0","description":"Spinners for use in the terminal","license":"MIT","repository":{"type":"git","url":"https://github.com/sindresorhus/cli-spinners"},"author":{"name":"Sindre Sorhus","email":"sindresorhus@gmail.com","url":"sindresorhus.com"},"engines":{"node":">=0.10.0"},"scripts":{"test":"xo && ava"},"files":["index.js","spinners.json"],"keywords":["cli","spinner","spinners","terminal","term","console","ascii","unicode","loading","indicator","progress","busy","wait","idle","json"],"devDependencies":{"ava":"*","log-update":"^1.0.2","xo":"*"},"gitHead":"055d22444bfb7bc718853c2183c8750402ebd2d9","bugs":{"url":"https://github.com/sindresorhus/cli-spinners/issues"},"homepage":"https://github.com/sindresorhus/cli-spinners","_id":"cli-spinners@0.1.0","_shasum":"a9a0ee659aa1dc1364795481c1609d5860ddea7b","_from":".","_npmVersion":"2.14.12","_nodeVersion":"4.3.0","_npmUser":{"name":"sindresorhus","email":"sindresorhus@gmail.com"},"dist":{"shasum":"a9a0ee659aa1dc1364795481c1609d5860ddea7b","size":3094,"noattachment":false,"tarball":"http://registry.npm.taobao.org/cli-spinners/download/cli-spinners-0.1.0.tgz"},"maintainers":[{"name":"sindresorhus","email":"sindresorhus@gmail.com"}],"_npmOperationalInternal":{"host":"packages-12-west.internal.npmjs.com","tmp":"tmp/cli-spinners-0.1.0.tgz_1457029294408_0.03702787193469703"},"directories":{},"publish_time":1457029295618,"_cnpm_publish_time":1457029295618,"_hasShrinkwrap":false}},"readme":"# cli-spinners [![Build Status](https://travis-ci.org/sindresorhus/cli-spinners.svg?branch=master)](https://travis-ci.org/sindresorhus/cli-spinners)\n\n> 60+ spinners for use in the terminal\n\n![](screenshot.gif)\n\nThe list of spinners is just a [JSON file](spinners.json) and can be used wherever.\n\nYou probably want to use one of these spinners through the [`ora`](https://github.com/sindresorhus/ora) module.\n\n\n## Install\n\n```\n$ npm install --save cli-spinners\n```\n\n\n## Usage\n\n```js\nconst cliSpinners = require('cli-spinners');\n\nconsole.log(cliSpinners.dots);\n/*\n{\n\tinterval: 80,\n\tframes: ['⠋', '⠙', '⠹', '⠸', '⠼', '⠴', '⠦', '⠧', '⠇', '⠏']\n}\n*/\n```\n\n\n## Preview\n\nThe header GIF is outdated. Click below to see a preview of all the spinners.\n\n[![](https://asciinema.org/a/95348.png)](https://asciinema.org/a/95348?size=big)\n\n\n## API\n\nEach spinner comes with a recommended `interval` and an array of `frames`.\n\n[See the spinners.](spinners.json)\n\n\n## Related\n\n- [ora](https://github.com/sindresorhus/ora) - Elegant terminal spinner\n\n\n## License\n\nMIT © [Sindre Sorhus](https://sindresorhus.com)\n","_attachments":{},"homepage":"https://github.com/sindresorhus/cli-spinners#readme","bugs":{"url":"https://github.com/sindresorhus/cli-spinners/issues"},"license":"MIT","_etag":"\"2c89-lLegy1NbJagPTk1Ff9ocwtmR1Gs\""}