{"_id":"strip-ansi","_rev":"40-d293b9044062dbaa9e2e8eb222b81843","name":"strip-ansi","description":"Strip ANSI escape codes","dist-tags":{"latest":"3.0.1"},"versions":{"0.1.0":{"name":"strip-ansi","version":"0.1.0","description":"Strip ANSI color codes","license":"MIT","bin":{"strip-ansi":"cli.js"},"repository":{"type":"git","url":"git://github.com/sindresorhus/strip-ansi"},"author":{"name":"Sindre Sorhus","email":"sindresorhus@gmail.com","url":"http://sindresorhus.com"},"engines":{"node":">=0.8.0"},"scripts":{"test":"mocha"},"files":["index.js","cli.js"],"keywords":["strip","trim","remove","ansi","styles","color","colour","colors","terminal","console","cli","string","tty","escape","formatting","rgb","256","shell","xterm","log","logging","command-line","text"],"devDependencies":{"mocha":"~1.x"},"bugs":{"url":"https://github.com/sindresorhus/strip-ansi/issues"},"homepage":"https://github.com/sindresorhus/strip-ansi","_id":"strip-ansi@0.1.0","dist":{"shasum":"1bc16b35788d9bdaaf0b9ef0d9e35b0b59403f8e","tarball":"https://registry.npmjs.org/strip-ansi/-/strip-ansi-0.1.0.tgz"},"_from":".","_npmVersion":"1.3.15","_npmUser":{"name":"sindresorhus","email":"sindresorhus@gmail.com"},"maintainers":[{"name":"sindresorhus","email":"sindresorhus@gmail.com"}],"directories":{}},"0.1.1":{"name":"strip-ansi","version":"0.1.1","description":"Strip ANSI escape codes (used for colorizing strings in the terminal)","license":"MIT","bin":{"strip-ansi":"cli.js"},"repository":{"type":"git","url":"git://github.com/sindresorhus/strip-ansi"},"author":{"name":"Sindre Sorhus","email":"sindresorhus@gmail.com","url":"http://sindresorhus.com"},"engines":{"node":">=0.8.0"},"scripts":{"test":"mocha"},"files":["index.js","cli.js"],"keywords":["strip","trim","remove","ansi","styles","color","colour","colors","terminal","console","cli","string","tty","escape","formatting","rgb","256","shell","xterm","log","logging","command-line","text"],"devDependencies":{"mocha":"~1.x"},"bugs":{"url":"https://github.com/sindresorhus/strip-ansi/issues"},"homepage":"https://github.com/sindresorhus/strip-ansi","_id":"strip-ansi@0.1.1","dist":{"shasum":"39e8a98d044d150660abe4a6808acf70bb7bc991","tarball":"https://registry.npmjs.org/strip-ansi/-/strip-ansi-0.1.1.tgz"},"_from":".","_npmVersion":"1.3.15","_npmUser":{"name":"sindresorhus","email":"sindresorhus@gmail.com"},"maintainers":[{"name":"sindresorhus","email":"sindresorhus@gmail.com"}],"directories":{}},"0.2.0":{"name":"strip-ansi","version":"0.2.0","description":"Strip ANSI escape codes (used for colorizing strings in the terminal)","license":"MIT","bin":{"strip-ansi":"cli.js"},"repository":{"type":"git","url":"git://github.com/sindresorhus/strip-ansi"},"author":{"name":"Sindre Sorhus","email":"sindresorhus@gmail.com","url":"http://sindresorhus.com"},"engines":{"node":">=0.10.0"},"scripts":{"test":"mocha"},"files":["index.js","cli.js"],"keywords":["strip","trim","remove","ansi","styles","color","colour","colors","terminal","console","cli","string","tty","escape","formatting","rgb","256","shell","xterm","log","logging","command-line","text"],"devDependencies":{"mocha":"*"},"bugs":{"url":"https://github.com/sindresorhus/strip-ansi/issues"},"homepage":"https://github.com/sindresorhus/strip-ansi","_id":"strip-ansi@0.2.0","dist":{"shasum":"e987d2c9128aadd85b9b9bfda7d09d9751e5e53a","tarball":"https://registry.npmjs.org/strip-ansi/-/strip-ansi-0.2.0.tgz"},"_from":".","_npmVersion":"1.4.6","_npmUser":{"name":"sindresorhus","email":"sindresorhus@gmail.com"},"maintainers":[{"name":"sindresorhus","email":"sindresorhus@gmail.com"}],"directories":{}},"0.2.1":{"name":"strip-ansi","version":"0.2.1","description":"Strip ANSI escape codes (used for colorizing strings in the terminal)","license":"MIT","bin":{"strip-ansi":"cli.js"},"repository":{"type":"git","url":"git://github.com/sindresorhus/strip-ansi"},"author":{"name":"Sindre Sorhus","email":"sindresorhus@gmail.com","url":"http://sindresorhus.com"},"engines":{"node":">=0.10.0"},"scripts":{"test":"mocha"},"files":["index.js","cli.js"],"keywords":["strip","trim","remove","ansi","styles","color","colour","colors","terminal","console","cli","string","tty","escape","formatting","rgb","256","shell","xterm","log","logging","command-line","text"],"devDependencies":{"mocha":"*"},"bugs":{"url":"https://github.com/sindresorhus/strip-ansi/issues"},"homepage":"https://github.com/sindresorhus/strip-ansi","_id":"strip-ansi@0.2.1","dist":{"shasum":"09218505ccf1083a41460150571355efabaa126e","tarball":"https://registry.npmjs.org/strip-ansi/-/strip-ansi-0.2.1.tgz"},"_from":".","_npmVersion":"1.4.6","_npmUser":{"name":"sindresorhus","email":"sindresorhus@gmail.com"},"maintainers":[{"name":"sindresorhus","email":"sindresorhus@gmail.com"}],"directories":{}},"0.2.2":{"name":"strip-ansi","version":"0.2.2","description":"Strip ANSI escape codes","license":"MIT","bin":{"strip-ansi":"cli.js"},"repository":{"type":"git","url":"git://github.com/sindresorhus/strip-ansi"},"author":{"name":"Sindre Sorhus","email":"sindresorhus@gmail.com","url":"http://sindresorhus.com"},"engines":{"node":">=0.10.0"},"scripts":{"test":"mocha"},"files":["index.js","cli.js"],"keywords":["strip","trim","remove","ansi","styles","color","colour","colors","terminal","console","cli","string","tty","escape","formatting","rgb","256","shell","xterm","log","logging","command-line","text"],"dependencies":{"ansi-regex":"^0.1.0"},"devDependencies":{"mocha":"*"},"bugs":{"url":"https://github.com/sindresorhus/strip-ansi/issues"},"homepage":"https://github.com/sindresorhus/strip-ansi","_id":"strip-ansi@0.2.2","_shasum":"854d290c981525fc8c397a910b025ae2d54ffc08","_from":".","_npmVersion":"1.4.9","_npmUser":{"name":"sindresorhus","email":"sindresorhus@gmail.com"},"maintainers":[{"name":"sindresorhus","email":"sindresorhus@gmail.com"}],"dist":{"shasum":"854d290c981525fc8c397a910b025ae2d54ffc08","tarball":"https://registry.npmjs.org/strip-ansi/-/strip-ansi-0.2.2.tgz"},"directories":{}},"0.3.0":{"name":"strip-ansi","version":"0.3.0","description":"Strip ANSI escape codes","license":"MIT","bin":{"strip-ansi":"cli.js"},"repository":{"type":"git","url":"git://github.com/sindresorhus/strip-ansi"},"author":{"name":"Sindre Sorhus","email":"sindresorhus@gmail.com","url":"http://sindresorhus.com"},"engines":{"node":">=0.10.0"},"scripts":{"test":"mocha"},"files":["index.js","cli.js"],"keywords":["strip","trim","remove","ansi","styles","color","colour","colors","terminal","console","cli","string","tty","escape","formatting","rgb","256","shell","xterm","log","logging","command-line","text"],"dependencies":{"ansi-regex":"^0.2.1"},"devDependencies":{"mocha":"*"},"bugs":{"url":"https://github.com/sindresorhus/strip-ansi/issues"},"homepage":"https://github.com/sindresorhus/strip-ansi","_id":"strip-ansi@0.3.0","_shasum":"25f48ea22ca79187f3174a4db8759347bb126220","_from":".","_npmVersion":"1.4.9","_npmUser":{"name":"sindresorhus","email":"sindresorhus@gmail.com"},"maintainers":[{"name":"sindresorhus","email":"sindresorhus@gmail.com"}],"dist":{"shasum":"25f48ea22ca79187f3174a4db8759347bb126220","tarball":"https://registry.npmjs.org/strip-ansi/-/strip-ansi-0.3.0.tgz"},"directories":{}},"1.0.0":{"name":"strip-ansi","version":"1.0.0","description":"Strip ANSI escape codes","license":"MIT","bin":{"strip-ansi":"cli.js"},"repository":{"type":"git","url":"git://github.com/sindresorhus/strip-ansi"},"author":{"name":"Sindre Sorhus","email":"sindresorhus@gmail.com","url":"http://sindresorhus.com"},"engines":{"node":">=0.10.0"},"scripts":{"test":"mocha"},"files":["index.js","cli.js"],"keywords":["strip","trim","remove","ansi","styles","color","colour","colors","terminal","console","cli","string","tty","escape","formatting","rgb","256","shell","xterm","log","logging","command-line","text"],"dependencies":{"ansi-regex":"^0.2.1"},"devDependencies":{"mocha":"*"},"gitHead":"6fea2ef935f1ba10d43e4c4d9814af328803935c","bugs":{"url":"https://github.com/sindresorhus/strip-ansi/issues"},"homepage":"https://github.com/sindresorhus/strip-ansi","_id":"strip-ansi@1.0.0","_shasum":"6c021321d6ece161a3c608fbab268c7328901c73","_from":".","_npmVersion":"1.4.14","_npmUser":{"name":"sindresorhus","email":"sindresorhus@gmail.com"},"maintainers":[{"name":"sindresorhus","email":"sindresorhus@gmail.com"},{"name":"jbnicolai","email":"jappelman@xebia.com"}],"dist":{"shasum":"6c021321d6ece161a3c608fbab268c7328901c73","tarball":"https://registry.npmjs.org/strip-ansi/-/strip-ansi-1.0.0.tgz"},"directories":{}},"2.0.0":{"name":"strip-ansi","version":"2.0.0","description":"Strip ANSI escape codes","license":"MIT","repository":{"type":"git","url":"git://github.com/sindresorhus/strip-ansi"},"author":{"name":"Sindre Sorhus","email":"sindresorhus@gmail.com","url":"http://sindresorhus.com"},"bin":{"strip-ansi":"cli.js"},"engines":{"node":">=0.10.0"},"scripts":{"test":"mocha"},"files":["index.js","cli.js"],"keywords":["strip","trim","remove","ansi","styles","color","colour","colors","terminal","console","cli","string","tty","escape","formatting","rgb","256","shell","xterm","log","logging","command-line","text"],"dependencies":{"ansi-regex":"^1.0.0"},"devDependencies":{"mocha":"*"},"gitHead":"c5e780acc07532f5d651cfb6ea035198095c6c74","bugs":{"url":"https://github.com/sindresorhus/strip-ansi/issues"},"homepage":"https://github.com/sindresorhus/strip-ansi","_id":"strip-ansi@2.0.0","_shasum":"fa8d69432e97674746f55f51d076ae78b18df13f","_from":".","_npmVersion":"1.4.14","_npmUser":{"name":"sindresorhus","email":"sindresorhus@gmail.com"},"maintainers":[{"name":"sindresorhus","email":"sindresorhus@gmail.com"},{"name":"jbnicolai","email":"jappelman@xebia.com"}],"dist":{"shasum":"fa8d69432e97674746f55f51d076ae78b18df13f","tarball":"https://registry.npmjs.org/strip-ansi/-/strip-ansi-2.0.0.tgz"},"directories":{}},"2.0.1":{"name":"strip-ansi","version":"2.0.1","description":"Strip ANSI escape codes","license":"MIT","repository":{"type":"git","url":"https://github.com/sindresorhus/strip-ansi"},"author":{"name":"Sindre Sorhus","email":"sindresorhus@gmail.com","url":"http://sindresorhus.com"},"bin":{"strip-ansi":"cli.js"},"engines":{"node":">=0.10.0"},"scripts":{"test":"mocha"},"files":["index.js","cli.js"],"keywords":["strip","trim","remove","ansi","styles","color","colour","colors","terminal","console","cli","string","tty","escape","formatting","rgb","256","shell","xterm","log","logging","command-line","text"],"dependencies":{"ansi-regex":"^1.0.0"},"devDependencies":{"mocha":"*"},"gitHead":"1eff0936c01f89efa312d9d51deed137259871a1","bugs":{"url":"https://github.com/sindresorhus/strip-ansi/issues"},"homepage":"https://github.com/sindresorhus/strip-ansi","_id":"strip-ansi@2.0.1","_shasum":"df62c1aa94ed2f114e1d0f21fd1d50482b79a60e","_from":".","_npmVersion":"1.4.28","_npmUser":{"name":"sindresorhus","email":"sindresorhus@gmail.com"},"maintainers":[{"name":"sindresorhus","email":"sindresorhus@gmail.com"},{"name":"jbnicolai","email":"jappelman@xebia.com"}],"dist":{"shasum":"df62c1aa94ed2f114e1d0f21fd1d50482b79a60e","tarball":"https://registry.npmjs.org/strip-ansi/-/strip-ansi-2.0.1.tgz"},"directories":{}},"3.0.0":{"name":"strip-ansi","version":"3.0.0","description":"Strip ANSI escape codes","license":"MIT","repository":{"type":"git","url":"https://github.com/sindresorhus/strip-ansi"},"author":{"name":"Sindre Sorhus","email":"sindresorhus@gmail.com","url":"sindresorhus.com"},"maintainers":[{"name":"sindresorhus","email":"sindresorhus@gmail.com"},{"name":"jbnicolai","email":"jappelman@xebia.com"}],"engines":{"node":">=0.10.0"},"scripts":{"test":"node test.js"},"files":["index.js"],"keywords":["strip","trim","remove","ansi","styles","color","colour","colors","terminal","console","string","tty","escape","formatting","rgb","256","shell","xterm","log","logging","command-line","text"],"dependencies":{"ansi-regex":"^2.0.0"},"devDependencies":{"ava":"0.0.4"},"gitHead":"3f05b9810e1438f946e2eb84ee854cc00b972e9e","bugs":{"url":"https://github.com/sindresorhus/strip-ansi/issues"},"homepage":"https://github.com/sindresorhus/strip-ansi","_id":"strip-ansi@3.0.0","_shasum":"7510b665567ca914ccb5d7e072763ac968be3724","_from":".","_npmVersion":"2.11.2","_nodeVersion":"0.12.5","_npmUser":{"name":"sindresorhus","email":"sindresorhus@gmail.com"},"dist":{"shasum":"7510b665567ca914ccb5d7e072763ac968be3724","tarball":"https://registry.npmjs.org/strip-ansi/-/strip-ansi-3.0.0.tgz"},"directories":{}},"3.0.1":{"name":"strip-ansi","version":"3.0.1","description":"Strip ANSI escape codes","license":"MIT","repository":{"type":"git","url":"https://github.com/chalk/strip-ansi"},"author":{"name":"Sindre Sorhus","email":"sindresorhus@gmail.com","url":"sindresorhus.com"},"maintainers":[{"name":"sindresorhus","email":"sindresorhus@gmail.com"},{"name":"jbnicolai","email":"jappelman@xebia.com"}],"engines":{"node":">=0.10.0"},"scripts":{"test":"xo && ava"},"files":["index.js"],"keywords":["strip","trim","remove","ansi","styles","color","colour","colors","terminal","console","string","tty","escape","formatting","rgb","256","shell","xterm","log","logging","command-line","text"],"dependencies":{"ansi-regex":"^2.0.0"},"devDependencies":{"ava":"*","xo":"*"},"gitHead":"8270705c704956da865623e564eba4875c3ea17f","bugs":{"url":"https://github.com/chalk/strip-ansi/issues"},"homepage":"https://github.com/chalk/strip-ansi","_id":"strip-ansi@3.0.1","_shasum":"6a385fb8853d952d5ff05d0e8aaf94278dc63dcf","_from":".","_npmVersion":"2.11.3","_nodeVersion":"0.12.7","_npmUser":{"name":"jbnicolai","email":"jappelman@xebia.com"},"dist":{"shasum":"6a385fb8853d952d5ff05d0e8aaf94278dc63dcf","tarball":"https://registry.npmjs.org/strip-ansi/-/strip-ansi-3.0.1.tgz"},"_npmOperationalInternal":{"host":"packages-9-west.internal.npmjs.com","tmp":"tmp/strip-ansi-3.0.1.tgz_1456057278183_0.28958667791448534"},"directories":{}}},"readme":"# strip-ansi [![Build Status](https://travis-ci.org/chalk/strip-ansi.svg?branch=master)](https://travis-ci.org/chalk/strip-ansi)\n\n> Strip [ANSI escape codes](http://en.wikipedia.org/wiki/ANSI_escape_code)\n\n\n## Install\n\n```\n$ npm install --save strip-ansi\n```\n\n\n## Usage\n\n```js\nvar stripAnsi = require('strip-ansi');\n\nstripAnsi('\\u001b[4mcake\\u001b[0m');\n//=> 'cake'\n```\n\n\n## Related\n\n- [strip-ansi-cli](https://github.com/chalk/strip-ansi-cli) - CLI for this module\n- [has-ansi](https://github.com/chalk/has-ansi) - Check if a string has ANSI escape codes\n- [ansi-regex](https://github.com/chalk/ansi-regex) - Regular expression for matching ANSI escape codes\n- [chalk](https://github.com/chalk/chalk) - Terminal string styling done right\n\n\n## License\n\nMIT © [Sindre Sorhus](http://sindresorhus.com)\n","maintainers":[{"name":"dthree","email":"threedeecee@gmail.com"},{"name":"qix","email":"i.am.qix@gmail.com"},{"name":"sindresorhus","email":"sindresorhus@gmail.com"}],"time":{"modified":"2017-04-20T11:26:44.919Z","created":"2013-12-07T23:30:14.926Z","0.1.0":"2013-12-07T23:30:17.673Z","0.1.1":"2013-12-08T00:12:22.401Z","0.2.0":"2014-03-26T15:28:35.327Z","0.2.1":"2014-04-28T10:05:45.285Z","0.2.2":"2014-06-03T17:09:40.794Z","0.3.0":"2014-06-24T19:33:15.394Z","1.0.0":"2014-07-23T22:31:46.786Z","2.0.0":"2014-08-13T13:36:36.745Z","2.0.1":"2015-01-16T18:48:44.952Z","3.0.0":"2015-06-30T16:53:11.137Z","3.0.1":"2016-02-21T12:21:22.998Z"},"author":{"name":"Sindre Sorhus","email":"sindresorhus@gmail.com","url":"sindresorhus.com"},"repository":{"type":"git","url":"https://github.com/chalk/strip-ansi"},"homepage":"https://github.com/chalk/strip-ansi","keywords":["strip","trim","remove","ansi","styles","color","colour","colors","terminal","console","string","tty","escape","formatting","rgb","256","shell","xterm","log","logging","command-line","text"],"bugs":{"url":"https://github.com/chalk/strip-ansi/issues"},"license":"MIT","readmeFilename":"readme.md","users":{"tunnckocore":true,"lenage":true,"recursion_excursion":true,"scottfreecode":true,"mojaray2k":true,"insomniaqc":true,"kontrax":true},"_attachments":{},"_etag":"W/\"58f89af4-3e57\"","_lastModified":"Thu, 20 Apr 2017 11:26:44 GMT","_cached":true}