{"_id":"os-name","_rev":"18-07ad735df0a207fb491a89446cac3189","name":"os-name","description":"Get the name of the current operating system. Example: macOS Sierra","dist-tags":{"latest":"2.0.1"},"versions":{"0.1.0":{"name":"os-name","version":"0.1.0","description":"Get the name of the current operating system. Example: OS X Mavericks","license":"MIT","repository":{"type":"git","url":"git://github.com/sindresorhus/os-name"},"bin":{"os-name":"cli.js"},"author":{"name":"Sindre Sorhus","email":"sindresorhus@gmail.com","url":"http://sindresorhus.com"},"engines":{"node":">=0.10.0"},"scripts":{"test":"mocha"},"files":["index.js","cli.js"],"keywords":["cli","bin","os","operating","system","platform","name","title","release","version","osx","windows","linux"],"dependencies":{"minimist":"^0.1.0"},"devDependencies":{"mocha":"*"},"bugs":{"url":"https://github.com/sindresorhus/os-name/issues"},"homepage":"https://github.com/sindresorhus/os-name","_id":"os-name@0.1.0","_shasum":"8a8098932b00ceff6b93d7842860598554ba1c46","_from":".","_npmVersion":"1.4.9","_npmUser":{"name":"sindresorhus","email":"sindresorhus@gmail.com"},"maintainers":[{"name":"sindresorhus","email":"sindresorhus@gmail.com"}],"dist":{"shasum":"8a8098932b00ceff6b93d7842860598554ba1c46","tarball":"https://registry.npmjs.org/os-name/-/os-name-0.1.0.tgz"},"directories":{}},"0.1.1":{"name":"os-name","version":"0.1.1","description":"Get the name of the current operating system. Example: OS X Mavericks","license":"MIT","repository":{"type":"git","url":"git://github.com/sindresorhus/os-name"},"bin":{"os-name":"cli.js"},"author":{"name":"Sindre Sorhus","email":"sindresorhus@gmail.com","url":"http://sindresorhus.com"},"engines":{"node":">=0.10.0"},"scripts":{"test":"mocha"},"files":["index.js","cli.js"],"keywords":["cli","bin","os","operating","system","platform","name","title","release","version","osx","windows","linux"],"dependencies":{"minimist":"^0.1.0"},"devDependencies":{"mocha":"*"},"bugs":{"url":"https://github.com/sindresorhus/os-name/issues"},"homepage":"https://github.com/sindresorhus/os-name","_id":"os-name@0.1.1","_shasum":"3d8a3126a417d8921efeee8fc3f509d5a2c633ff","_from":".","_npmVersion":"1.4.9","_npmUser":{"name":"sindresorhus","email":"sindresorhus@gmail.com"},"maintainers":[{"name":"sindresorhus","email":"sindresorhus@gmail.com"}],"dist":{"shasum":"3d8a3126a417d8921efeee8fc3f509d5a2c633ff","tarball":"https://registry.npmjs.org/os-name/-/os-name-0.1.1.tgz"},"directories":{}},"0.1.2":{"name":"os-name","version":"0.1.2","description":"Get the name of the current operating system. Example: OS X Mavericks","license":"MIT","repository":{"type":"git","url":"git://github.com/sindresorhus/os-name"},"bin":{"os-name":"cli.js"},"author":{"name":"Sindre Sorhus","email":"sindresorhus@gmail.com","url":"http://sindresorhus.com"},"engines":{"node":">=0.10.0"},"scripts":{"test":"mocha"},"files":["index.js","cli.js"],"keywords":["cli","bin","os","operating","system","platform","name","title","release","version","osx","windows","linux"],"dependencies":{"minimist":"^0.1.0","osx-release":"^0.1.0"},"devDependencies":{"mocha":"*"},"bugs":{"url":"https://github.com/sindresorhus/os-name/issues"},"homepage":"https://github.com/sindresorhus/os-name","_id":"os-name@0.1.2","_shasum":"15d391987711b8838566993c4606e8691bb94c58","_from":".","_npmVersion":"1.4.9","_npmUser":{"name":"sindresorhus","email":"sindresorhus@gmail.com"},"maintainers":[{"name":"sindresorhus","email":"sindresorhus@gmail.com"}],"dist":{"shasum":"15d391987711b8838566993c4606e8691bb94c58","tarball":"https://registry.npmjs.org/os-name/-/os-name-0.1.2.tgz"},"directories":{}},"1.0.0":{"name":"os-name","version":"1.0.0","description":"Get the name of the current operating system. Example: OS X Mavericks","license":"MIT","repository":{"type":"git","url":"https://github.com/sindresorhus/os-name"},"author":{"name":"Sindre Sorhus","email":"sindresorhus@gmail.com","url":"http://sindresorhus.com"},"bin":{"os-name":"cli.js"},"engines":{"node":">=0.10.0"},"scripts":{"test":"mocha"},"files":["index.js","cli.js"],"keywords":["cli","bin","os","operating","system","platform","name","title","release","version","osx","windows","linux"],"dependencies":{"minimist":"^1.1.0","osx-release":"^1.0.0"},"devDependencies":{"mocha":"*"},"gitHead":"682acba68087b768da3f43f329d7bf8feafb484b","bugs":{"url":"https://github.com/sindresorhus/os-name/issues"},"homepage":"https://github.com/sindresorhus/os-name","_id":"os-name@1.0.0","_shasum":"f0b2790d05f32c729f8e5168859484ab2cd32bab","_from":".","_npmVersion":"1.4.21","_npmUser":{"name":"sindresorhus","email":"sindresorhus@gmail.com"},"maintainers":[{"name":"sindresorhus","email":"sindresorhus@gmail.com"}],"dist":{"shasum":"f0b2790d05f32c729f8e5168859484ab2cd32bab","tarball":"https://registry.npmjs.org/os-name/-/os-name-1.0.0.tgz"},"directories":{}},"1.0.1":{"name":"os-name","version":"1.0.1","description":"Get the name of the current operating system. Example: OS X Mavericks","license":"MIT","repository":{"type":"git","url":"https://github.com/sindresorhus/os-name"},"author":{"name":"Sindre Sorhus","email":"sindresorhus@gmail.com","url":"http://sindresorhus.com"},"bin":{"os-name":"cli.js"},"engines":{"node":">=0.10.0"},"scripts":{"test":"mocha"},"files":["index.js","cli.js"],"keywords":["cli","bin","os","operating","system","platform","name","title","release","version","osx","windows","linux"],"dependencies":{"minimist":"^1.1.0","osx-release":"^1.0.0"},"devDependencies":{"mocha":"*"},"gitHead":"d2096530b2a6c21eb2bf79ea65d74c569f235658","bugs":{"url":"https://github.com/sindresorhus/os-name/issues"},"homepage":"https://github.com/sindresorhus/os-name","_id":"os-name@1.0.1","_shasum":"5d78a4a0d6bc96f7fce8e060fef19525422dcc8f","_from":".","_npmVersion":"2.1.2","_nodeVersion":"0.10.32","_npmUser":{"name":"sindresorhus","email":"sindresorhus@gmail.com"},"maintainers":[{"name":"sindresorhus","email":"sindresorhus@gmail.com"}],"dist":{"shasum":"5d78a4a0d6bc96f7fce8e060fef19525422dcc8f","tarball":"https://registry.npmjs.org/os-name/-/os-name-1.0.1.tgz"},"directories":{}},"1.0.2":{"name":"os-name","version":"1.0.2","description":"Get the name of the current operating system. Example: OS X Mavericks","license":"MIT","repository":{"type":"git","url":"https://github.com/sindresorhus/os-name"},"author":{"name":"Sindre Sorhus","email":"sindresorhus@gmail.com","url":"http://sindresorhus.com"},"bin":{"os-name":"cli.js"},"engines":{"node":">=0.10.0"},"scripts":{"test":"mocha"},"files":["index.js","cli.js"],"keywords":["cli","bin","os","operating","system","platform","name","title","release","version","osx","windows","linux"],"dependencies":{"minimist":"^1.1.0","osx-release":"^1.0.0","win-release":"^1.0.0"},"devDependencies":{"mocha":"*"},"gitHead":"77a08fe4ca592a10c0a583940dc2126866cc7a4b","bugs":{"url":"https://github.com/sindresorhus/os-name/issues"},"homepage":"https://github.com/sindresorhus/os-name","_id":"os-name@1.0.2","_shasum":"cd17bf43e927d0f889ae93dbc5e9930baf918277","_from":".","_npmVersion":"1.4.28","_npmUser":{"name":"sindresorhus","email":"sindresorhus@gmail.com"},"maintainers":[{"name":"sindresorhus","email":"sindresorhus@gmail.com"}],"dist":{"shasum":"cd17bf43e927d0f889ae93dbc5e9930baf918277","tarball":"https://registry.npmjs.org/os-name/-/os-name-1.0.2.tgz"},"directories":{}},"1.0.3":{"name":"os-name","version":"1.0.3","description":"Get the name of the current operating system. Example: OS X Mavericks","license":"MIT","repository":{"type":"git","url":"https://github.com/sindresorhus/os-name"},"author":{"name":"Sindre Sorhus","email":"sindresorhus@gmail.com","url":"sindresorhus.com"},"bin":{"os-name":"cli.js"},"engines":{"node":">=0.10.0"},"scripts":{"test":"mocha"},"files":["index.js","cli.js"],"keywords":["cli","bin","os","operating","system","platform","name","title","release","version","osx","windows","linux"],"dependencies":{"osx-release":"^1.0.0","win-release":"^1.0.0"},"devDependencies":{"mocha":"*"},"gitHead":"b731d05cc7fbb3271c05f1b84d4296ea229dc1c5","bugs":{"url":"https://github.com/sindresorhus/os-name/issues"},"homepage":"https://github.com/sindresorhus/os-name","_id":"os-name@1.0.3","_shasum":"1b379f64835af7c5a7f498b357cb95215c159edf","_from":".","_npmVersion":"1.4.28","_npmUser":{"name":"sindresorhus","email":"sindresorhus@gmail.com"},"maintainers":[{"name":"sindresorhus","email":"sindresorhus@gmail.com"}],"dist":{"shasum":"1b379f64835af7c5a7f498b357cb95215c159edf","tarball":"https://registry.npmjs.org/os-name/-/os-name-1.0.3.tgz"},"directories":{}},"2.0.0":{"name":"os-name","version":"2.0.0","description":"Get the name of the current operating system. Example: macOS Sierra","license":"MIT","repository":{"type":"git","url":"git+https://github.com/sindresorhus/os-name.git"},"author":{"name":"Sindre Sorhus","email":"sindresorhus@gmail.com","url":"sindresorhus.com"},"engines":{"node":">=0.10.0"},"scripts":{"test":"xo && ava"},"files":["index.js"],"keywords":["os","operating","system","platform","name","title","release","version","macos","osx","windows","linux"],"dependencies":{"macos-release":"^1.0.0","win-release":"^1.0.0"},"devDependencies":{"ava":"*","xo":"*"},"gitHead":"3f689ba013593b05316a35bfd99a3307dd6f1684","bugs":{"url":"https://github.com/sindresorhus/os-name/issues"},"homepage":"https://github.com/sindresorhus/os-name#readme","_id":"os-name@2.0.0","_shasum":"9a5a6beacea2c280bd064e8c0eb0b1a4eae61216","_from":".","_npmVersion":"2.15.0","_nodeVersion":"4.4.2","_npmUser":{"name":"sindresorhus","email":"sindresorhus@gmail.com"},"dist":{"shasum":"9a5a6beacea2c280bd064e8c0eb0b1a4eae61216","tarball":"https://registry.npmjs.org/os-name/-/os-name-2.0.0.tgz"},"maintainers":[{"name":"sindresorhus","email":"sindresorhus@gmail.com"}],"_npmOperationalInternal":{"host":"packages-12-west.internal.npmjs.com","tmp":"tmp/os-name-2.0.0.tgz_1466370725719_0.06153477542102337"},"directories":{}},"2.0.1":{"name":"os-name","version":"2.0.1","description":"Get the name of the current operating system. Example: macOS Sierra","license":"MIT","repository":{"type":"git","url":"git+https://github.com/sindresorhus/os-name.git"},"author":{"name":"Sindre Sorhus","email":"sindresorhus@gmail.com","url":"sindresorhus.com"},"engines":{"node":">=0.10.0"},"scripts":{"test":"xo && ava"},"files":["index.js"],"keywords":["os","operating","system","platform","name","title","release","version","macos","osx","windows","linux"],"dependencies":{"macos-release":"^1.0.0","win-release":"^1.0.0"},"devDependencies":{"ava":"*","xo":"*"},"gitHead":"c4903a345f3921e9a500dd3a2704d2f1ca43ecd1","bugs":{"url":"https://github.com/sindresorhus/os-name/issues"},"homepage":"https://github.com/sindresorhus/os-name#readme","_id":"os-name@2.0.1","_shasum":"b9a386361c17ae3a21736ef0599405c9a8c5dc5e","_from":".","_npmVersion":"2.15.0","_nodeVersion":"4.4.2","_npmUser":{"name":"sindresorhus","email":"sindresorhus@gmail.com"},"dist":{"shasum":"b9a386361c17ae3a21736ef0599405c9a8c5dc5e","tarball":"https://registry.npmjs.org/os-name/-/os-name-2.0.1.tgz"},"maintainers":[{"name":"sindresorhus","email":"sindresorhus@gmail.com"}],"_npmOperationalInternal":{"host":"packages-16-east.internal.npmjs.com","tmp":"tmp/os-name-2.0.1.tgz_1466382684023_0.860145166516304"},"directories":{}}},"readme":"# os-name [![Build Status](https://travis-ci.org/sindresorhus/os-name.svg?branch=master)](https://travis-ci.org/sindresorhus/os-name)\n\n> Get the name of the current operating system<br>\n> Example: `macOS Sierra`\n\nUseful for analytics and debugging.\n\n\n## Install\n\n```\n$ npm install --save os-name\n```\n\n\n## Usage\n\n```js\nconst os = require('os');\nconst osName = require('os-name');\n\n// on a macOS Sierra system\n\nosName();\n//=> 'macOS Sierra'\n\nosName(os.platform(), os.release());\n//=> 'macOS Sierra'\n\nosName('darwin', '14.0.0');\n//=> 'OS X Yosemite'\n\nosName('linux', '3.13.0-24-generic');\n//=> 'Linux 3.13'\n\nosName('win32', '6.3.9600');\n//=> 'Windows 8.1'\n```\n\n\n## API\n\n### osName([platform, release])\n\nBy default the name of the current operating system is returned.\n\nYou can optionally supply a custom [`os.platform()`](http://nodejs.org/api/os.html#os_os_platform) and [`os.release()`](http://nodejs.org/api/os.html#os_os_release).\n\nCheck out [getos](https://github.com/wblankenship/getos) if you need the Linux distribution name.\n\n\n## Contributing\n\nProduction systems depend on this package for logging / tracking. Please be careful when introducing new output, and adhere to existing output format (whitespace, capitalization, etc.).\n\n\n## Related\n\n- [os-name-cli](https://github.com/sindresorhus/os-name-cli) - CLI for this module\n\n\n## License\n\nMIT © [Sindre Sorhus](https://sindresorhus.com)\n","maintainers":[{"name":"sindresorhus","email":"sindresorhus@gmail.com"}],"time":{"modified":"2016-06-20T00:31:25.380Z","created":"2014-06-07T22:55:38.804Z","0.1.0":"2014-06-07T22:55:38.804Z","0.1.1":"2014-06-07T23:09:04.899Z","0.1.2":"2014-06-08T15:43:49.707Z","1.0.0":"2014-08-14T09:32:59.714Z","1.0.1":"2014-10-06T09:21:50.979Z","1.0.2":"2015-01-17T11:30:53.364Z","1.0.3":"2015-01-28T06:02:12.320Z","2.0.0":"2016-06-19T21:12:08.190Z","2.0.1":"2016-06-20T00:31:25.380Z"},"homepage":"https://github.com/sindresorhus/os-name#readme","keywords":["os","operating","system","platform","name","title","release","version","macos","osx","windows","linux"],"repository":{"type":"git","url":"git+https://github.com/sindresorhus/os-name.git"},"author":{"name":"Sindre Sorhus","email":"sindresorhus@gmail.com","url":"sindresorhus.com"},"bugs":{"url":"https://github.com/sindresorhus/os-name/issues"},"license":"MIT","readmeFilename":"readme.md","users":{"bcoe":true,"f124275809":true},"_attachments":{},"_etag":"W/\"5767395d-3595\"","_lastModified":"Mon, 20 Jun 2016 00:31:25 GMT","_cached":true}