{"_id":"is-typedarray","_rev":"892237","name":"is-typedarray","description":"Detect whether or not an object is a Typed Array","dist-tags":{"latest":"1.0.0"},"maintainers":[{"name":"hughsk","email":"hughskennedy@gmail.com"}],"time":{"modified":"2017-03-30T01:17:31.000Z","created":"2014-06-01T19:10:47.674Z","1.0.0":"2015-05-17T01:03:39.627Z","0.0.0":"2014-06-01T19:10:47.674Z"},"users":{"anoubis":true},"author":{"name":"Hugh Kennedy","email":"hughskennedy@gmail.com","url":"http://hughsk.io/"},"repository":{"type":"git","url":"git://github.com/hughsk/is-typedarray.git"},"versions":{"1.0.0":{"name":"is-typedarray","version":"1.0.0","description":"Detect whether or not an object is a Typed Array","main":"index.js","scripts":{"test":"node test"},"author":{"name":"Hugh Kennedy","email":"hughskennedy@gmail.com","url":"http://hughsk.io/"},"license":"MIT","dependencies":{},"devDependencies":{"tape":"^2.13.1"},"repository":{"type":"git","url":"git://github.com/hughsk/is-typedarray.git"},"keywords":["typed","array","detect","is","util"],"bugs":{"url":"https://github.com/hughsk/is-typedarray/issues"},"homepage":"https://github.com/hughsk/is-typedarray","gitHead":"0617cfa871686cf541af62b144f130488f44f6fe","_id":"is-typedarray@1.0.0","_shasum":"e479c80858df0c1b11ddda6940f96011fcda4a9a","_from":".","_npmVersion":"2.7.5","_nodeVersion":"0.10.36","_npmUser":{"name":"hughsk","email":"hughskennedy@gmail.com"},"dist":{"shasum":"e479c80858df0c1b11ddda6940f96011fcda4a9a","size":1881,"noattachment":false,"tarball":"http://registry.npm.taobao.org/is-typedarray/download/is-typedarray-1.0.0.tgz"},"maintainers":[{"name":"hughsk","email":"hughskennedy@gmail.com"}],"directories":{},"publish_time":1431824619627,"_cnpm_publish_time":1431824619627,"_hasShrinkwrap":false},"0.0.0":{"name":"is-typedarray","version":"0.0.0","description":"Detect whether or not an object is a Typed Array","main":"index.js","scripts":{"test":"node test"},"author":{"name":"Hugh Kennedy","email":"hughskennedy@gmail.com","url":"http://hughsk.io/"},"license":"MIT","dependencies":{},"devDependencies":{"tape":"^2.13.1"},"repository":{"type":"git","url":"git://github.com/hughsk/is-typedarray.git"},"keywords":["typed","array","detect","is","util"],"bugs":{"url":"https://github.com/hughsk/is-typedarray/issues"},"homepage":"https://github.com/hughsk/is-typedarray","_id":"is-typedarray@0.0.0","_shasum":"9e5c50a8bf17b3051b48c5e5b678440821f756f4","_from":".","_npmVersion":"1.4.10","_npmUser":{"name":"hughsk","email":"hughskennedy@gmail.com"},"maintainers":[{"name":"hughsk","email":"hughskennedy@gmail.com"}],"dist":{"shasum":"9e5c50a8bf17b3051b48c5e5b678440821f756f4","size":1866,"noattachment":false,"tarball":"http://registry.npm.taobao.org/is-typedarray/download/is-typedarray-0.0.0.tgz"},"directories":{},"publish_time":1401649847674,"_cnpm_publish_time":1401649847674,"_hasShrinkwrap":false}},"readme":"# is-typedarray [![locked](http://badges.github.io/stability-badges/dist/locked.svg)](http://github.com/badges/stability-badges)\n\nDetect whether or not an object is a\n[Typed Array](https://developer.mozilla.org/en-US/docs/Web/JavaScript/Typed_arrays).\n\n## Usage\n\n[![NPM](https://nodei.co/npm/is-typedarray.png)](https://nodei.co/npm/is-typedarray/)\n\n### isTypedArray(array)\n\nReturns `true` when array is a Typed Array, and `false` when it is not.\n\n## License\n\nMIT. See [LICENSE.md](http://github.com/hughsk/is-typedarray/blob/master/LICENSE.md) for details.\n","_attachments":{},"homepage":"https://github.com/hughsk/is-typedarray","bugs":{"url":"https://github.com/hughsk/is-typedarray/issues"},"license":"MIT","_etag":"\"e1d-1Fny++INzOCTrn1DGTdP84Ej01M\""}