{"_id":"punycode","_rev":"2813017","name":"punycode","description":"A robust Punycode converter that fully complies to RFC 3492 and RFC 5891, and works on nearly all JavaScript platforms.","dist-tags":{"latest":"2.1.0"},"maintainers":[{"name":"mathias","email":"mathias@qiwi.be"},{"name":"reconbot","email":"wizard@roborooter.com"}],"time":{"modified":"2017-03-27T10:48:17.000Z","created":"2011-09-07T03:53:54.402Z","2.1.0":"2017-01-06T18:05:34.286Z","2.0.1":"2016-10-24T05:17:56.406Z","2.0.0":"2016-06-10T16:40:26.846Z","1.4.1":"2016-03-20T01:27:18.427Z","1.4.0":"2015-12-11T12:41:32.747Z","1.3.2":"2014-10-22T12:20:28.551Z","1.3.1":"2014-08-08T12:57:39.100Z","1.3.0":"2014-07-03T10:59:22.173Z","1.1.0":"2012-06-27T15:07:09.317Z","1.2.4":"2014-02-17T06:07:31.240Z","1.2.3":"2013-06-20T10:33:05.742Z","1.2.2":"2013-06-02T12:11:21.440Z","1.2.1":"2013-03-31T12:04:49.515Z","1.2.0":"2012-10-10T12:24:07.234Z","1.1.1":"2012-06-27T15:43:09.363Z","1.0.0":"2012-02-24T15:02:54.438Z","0.3.0":"2012-01-03T09:05:18.020Z","0.2.2":"2011-12-27T14:06:30.675Z","0.2.1":"2011-11-28T20:47:36.225Z","0.2.0":"2011-11-17T20:46:35.728Z","0.1.2":"2011-11-14T13:15:15.136Z","0.1.1":"2011-11-13T17:01:43.406Z","0.1.0":"2011-11-13T17:01:18.347Z","0.0.1337":"2011-11-13T16:58:36.944Z","0.0.2":"2011-10-26T22:21:42.683Z","0.0.1":"2011-09-07T03:53:54.402Z"},"users":{"m42am":true,"d10":true,"wenbing":true,"simplyianm":true,"remryahirev":true,"nickeltobias":true,"tobiasnickel":true,"ahmedelgabri":true,"netoperatorwibby":true,"ys_sidson_aidson":true},"author":{"name":"Mathias Bynens","url":"https://mathiasbynens.be/"},"repository":{"type":"git","url":"git+https://github.com/bestiejs/punycode.js.git"},"versions":{"2.1.0":{"name":"punycode","version":"2.1.0","description":"A robust Punycode converter that fully complies to RFC 3492 and RFC 5891, and works on nearly all JavaScript platforms.","homepage":"https://mths.be/punycode","main":"punycode.js","jsnext:main":"punycode.es6.js","engines":{"node":">=6"},"keywords":["punycode","unicode","idn","idna","dns","url","domain"],"license":"MIT","author":{"name":"Mathias Bynens","url":"https://mathiasbynens.be/"},"contributors":[{"name":"Mathias Bynens","url":"https://mathiasbynens.be/"}],"repository":{"type":"git","url":"git+https://github.com/bestiejs/punycode.js.git"},"bugs":{"url":"https://github.com/bestiejs/punycode.js/issues"},"files":["LICENSE-MIT.txt","punycode.js","punycode.es6.js"],"scripts":{"test":"mocha tests","prepublish":"node scripts/prepublish.js"},"devDependencies":{"codecov":"^1.0.1","istanbul":"^0.4.1","mocha":"^2.5.3"},"jspm":{"map":{"./punycode.js":{"node":"@node/punycode"}}},"gitHead":"9aeca525bba478206c6e1b5501e063f3db7bda7f","_id":"punycode@2.1.0","_shasum":"5f863edc89b96db09074bad7947bf09056ca4e7d","_from":".","_npmVersion":"3.10.8","_nodeVersion":"6.9.1","_npmUser":{"name":"mathias","email":"mathias@qiwi.be"},"maintainers":[{"name":"mathias","email":"mathias@qiwi.be"},{"name":"reconbot","email":"wizard@roborooter.com"}],"dist":{"shasum":"5f863edc89b96db09074bad7947bf09056ca4e7d","size":7242,"noattachment":false,"tarball":"http://registry.npm.taobao.org/punycode/download/punycode-2.1.0.tgz"},"_npmOperationalInternal":{"host":"packages-12-west.internal.npmjs.com","tmp":"tmp/punycode-2.1.0.tgz_1483725932175_0.5228502317331731"},"directories":{},"publish_time":1483725934286,"_cnpm_publish_time":1483725934286,"_hasShrinkwrap":false},"2.0.1":{"name":"punycode","version":"2.0.1","description":"A robust Punycode converter that fully complies to RFC 3492 and RFC 5891, and works on nearly all JavaScript platforms.","homepage":"https://mths.be/punycode","main":"punycode.js","jsnext:main":"punycode.es6.js","engines":{"node":">=6"},"keywords":["punycode","unicode","idn","idna","dns","url","domain"],"license":"MIT","author":{"name":"Mathias Bynens","url":"https://mathiasbynens.be/"},"contributors":[{"name":"Mathias Bynens","url":"https://mathiasbynens.be/"}],"repository":{"type":"git","url":"git+https://github.com/bestiejs/punycode.js.git"},"bugs":{"url":"https://github.com/bestiejs/punycode.js/issues"},"files":["LICENSE-MIT.txt","punycode.js","punycode.es6.js"],"scripts":{"test":"mocha tests","prepublish":"node scripts/prepublish.js"},"devDependencies":{"codecov":"^1.0.1","istanbul":"^0.4.1","mocha":"^2.5.3"},"jspm":{"map":{"./punycode.js":{"node":"@node/punycode"}}},"gitHead":"e29d10dbba04dd52cfa2481cc4daea3286bc54ed","_id":"punycode@2.0.1","_shasum":"3f142fd8e6ef4e9ce24acbf7ba869ff9b00d2c2b","_from":".","_npmVersion":"3.10.8","_nodeVersion":"6.9.1","_npmUser":{"name":"mathias","email":"mathias@qiwi.be"},"maintainers":[{"name":"mathias","email":"mathias@qiwi.be"},{"name":"reconbot","email":"wizard@roborooter.com"}],"dist":{"shasum":"3f142fd8e6ef4e9ce24acbf7ba869ff9b00d2c2b","size":7250,"noattachment":false,"tarball":"http://registry.npm.taobao.org/punycode/download/punycode-2.0.1.tgz"},"_npmOperationalInternal":{"host":"packages-12-west.internal.npmjs.com","tmp":"tmp/punycode-2.0.1.tgz_1477286274563_0.6842294086236507"},"directories":{},"publish_time":1477286276406,"_cnpm_publish_time":1477286276406,"_hasShrinkwrap":false},"2.0.0":{"name":"punycode","version":"2.0.0","description":"A robust Punycode converter that fully complies to RFC 3492 and RFC 5891, and works on nearly all JavaScript platforms.","homepage":"https://mths.be/punycode","main":"punycode.js","engines":{"node":">=6"},"keywords":["punycode","unicode","idn","idna","dns","url","domain"],"license":"MIT","author":{"name":"Mathias Bynens","url":"https://mathiasbynens.be/"},"contributors":[{"name":"Mathias Bynens","url":"https://mathiasbynens.be/"}],"repository":{"type":"git","url":"git+https://github.com/bestiejs/punycode.js.git"},"bugs":{"url":"https://github.com/bestiejs/punycode.js/issues"},"files":["LICENSE-MIT.txt","punycode.js"],"scripts":{"test":"mocha tests"},"devDependencies":{"codecov":"^1.0.1","istanbul":"^0.4.1","mocha":"^2.5.3"},"jspm":{"map":{"./punycode.js":{"node":"@node/punycode"}}},"gitHead":"681a9a4446c75c8d5a467f3a0689775d6c88a191","_id":"punycode@2.0.0","_shasum":"9145b207b5228410ca17a10fe1cf4ba2c015f6d7","_from":".","_npmVersion":"3.9.3","_nodeVersion":"6.2.1","_npmUser":{"name":"mathias","email":"mathias@qiwi.be"},"maintainers":[{"name":"mathias","email":"mathias@qiwi.be"},{"name":"reconbot","email":"wizard@roborooter.com"}],"dist":{"shasum":"9145b207b5228410ca17a10fe1cf4ba2c015f6d7","size":5447,"noattachment":false,"tarball":"http://registry.npm.taobao.org/punycode/download/punycode-2.0.0.tgz"},"_npmOperationalInternal":{"host":"packages-12-west.internal.npmjs.com","tmp":"tmp/punycode-2.0.0.tgz_1465576824252_0.9305142343509942"},"directories":{},"publish_time":1465576826846,"_cnpm_publish_time":1465576826846,"_hasShrinkwrap":false},"1.4.1":{"name":"punycode","version":"1.4.1","description":"A robust Punycode converter that fully complies to RFC 3492 and RFC 5891, and works on nearly all JavaScript platforms.","homepage":"https://mths.be/punycode","main":"punycode.js","keywords":["punycode","unicode","idn","idna","dns","url","domain"],"license":"MIT","author":{"name":"Mathias Bynens","url":"https://mathiasbynens.be/"},"contributors":[{"name":"Mathias Bynens","url":"https://mathiasbynens.be/"},{"name":"John-David Dalton","url":"http://allyoucanleet.com/"}],"repository":{"type":"git","url":"git+https://github.com/bestiejs/punycode.js.git"},"bugs":{"url":"https://github.com/bestiejs/punycode.js/issues"},"files":["LICENSE-MIT.txt","punycode.js"],"scripts":{"test":"node tests/tests.js"},"devDependencies":{"coveralls":"^2.11.4","grunt":"^0.4.5","grunt-contrib-uglify":"^0.11.0","grunt-shell":"^1.1.2","istanbul":"^0.4.1","qunit-extras":"^1.4.4","qunitjs":"~1.11.0","requirejs":"^2.1.22"},"jspm":{"map":{"./punycode.js":{"node":"@node/punycode"}}},"gitHead":"0fbadd6e81f3a0ce06c38998040d6db6bdfbc5c9","_id":"punycode@1.4.1","_shasum":"c0d5a63b2718800ad8e1eb0fa5269c84dd41845e","_from":".","_npmVersion":"3.8.2","_nodeVersion":"5.2.0","_npmUser":{"name":"mathias","email":"mathias@qiwi.be"},"maintainers":[{"name":"mathias","email":"mathias@qiwi.be"},{"name":"reconbot","email":"wizard@roborooter.com"}],"dist":{"shasum":"c0d5a63b2718800ad8e1eb0fa5269c84dd41845e","size":8058,"noattachment":false,"tarball":"http://registry.npm.taobao.org/punycode/download/punycode-1.4.1.tgz"},"_npmOperationalInternal":{"host":"packages-12-west.internal.npmjs.com","tmp":"tmp/punycode-1.4.1.tgz_1458437236261_0.07678767060860991"},"directories":{},"publish_time":1458437238427,"_cnpm_publish_time":1458437238427,"_hasShrinkwrap":false},"1.4.0":{"name":"punycode","version":"1.4.0","description":"A robust Punycode converter that fully complies to RFC 3492 and RFC 5891, and works on nearly all JavaScript platforms.","homepage":"https://mths.be/punycode","main":"punycode.js","keywords":["punycode","unicode","idn","idna","dns","url","domain"],"license":"MIT","author":{"name":"Mathias Bynens","url":"https://mathiasbynens.be/"},"contributors":[{"name":"Mathias Bynens","url":"https://mathiasbynens.be/"},{"name":"John-David Dalton","url":"http://allyoucanleet.com/"}],"repository":{"type":"git","url":"git+https://github.com/bestiejs/punycode.js.git"},"bugs":{"url":"https://github.com/bestiejs/punycode.js/issues"},"files":["LICENSE-MIT.txt","punycode.js"],"scripts":{"test":"node tests/tests.js"},"devDependencies":{"coveralls":"^2.11.4","grunt":"^0.4.5","grunt-contrib-uglify":"^0.11.0","grunt-shell":"^1.1.2","istanbul":"^0.4.1","qunit-extras":"^1.4.4","qunitjs":"~1.11.0","requirejs":"^2.1.22"},"jspm":{"map":{"./punycode.js":{"node":"@node/punycode"}}},"gitHead":"27f9d92718c78a9d377c4e5176272ceca44590f4","_id":"punycode@1.4.0","_shasum":"3f879ea03f24c718d4d4b7e47de1fb51cf6c3e33","_from":".","_npmVersion":"3.3.12","_nodeVersion":"5.1.0","_npmUser":{"name":"mathias","email":"mathias@qiwi.be"},"maintainers":[{"name":"mathias","email":"mathias@qiwi.be"},{"name":"reconbot","email":"wizard@roborooter.com"}],"dist":{"shasum":"3f879ea03f24c718d4d4b7e47de1fb51cf6c3e33","size":8060,"noattachment":false,"tarball":"http://registry.npm.taobao.org/punycode/download/punycode-1.4.0.tgz"},"directories":{},"publish_time":1449837692747,"_cnpm_publish_time":1449837692747,"_hasShrinkwrap":false},"1.3.2":{"name":"punycode","version":"1.3.2","description":"A robust Punycode converter that fully complies to RFC 3492 and RFC 5891, and works on nearly all JavaScript platforms.","homepage":"https://mths.be/punycode","main":"punycode.js","keywords":["punycode","unicode","idn","idna","dns","url","domain"],"license":"MIT","author":{"name":"Mathias Bynens","url":"https://mathiasbynens.be/"},"contributors":[{"name":"Mathias Bynens","url":"https://mathiasbynens.be/"},{"name":"John-David Dalton","url":"http://allyoucanleet.com/"}],"repository":{"type":"git","url":"https://github.com/bestiejs/punycode.js.git"},"bugs":{"url":"https://github.com/bestiejs/punycode.js/issues"},"files":["LICENSE-MIT.txt","punycode.js"],"scripts":{"test":"node tests/tests.js"},"devDependencies":{"coveralls":"^2.10.1","grunt":"^0.4.5","grunt-contrib-uglify":"^0.5.0","grunt-shell":"^0.7.0","istanbul":"^0.2.13","qunit-extras":"^1.2.0","qunitjs":"~1.11.0","requirejs":"^2.1.14"},"gitHead":"38c8d3131a82567bfef18da09f7f4db68c84f8a3","_id":"punycode@1.3.2","_shasum":"9653a036fb7c1ee42342f2325cceefea3926c48d","_from":".","_npmVersion":"1.4.28","_npmUser":{"name":"mathias","email":"mathias@qiwi.be"},"maintainers":[{"name":"mathias","email":"mathias@qiwi.be"},{"name":"reconbot","email":"wizard@roborooter.com"}],"dist":{"shasum":"9653a036fb7c1ee42342f2325cceefea3926c48d","size":7980,"noattachment":false,"tarball":"http://registry.npm.taobao.org/punycode/download/punycode-1.3.2.tgz"},"directories":{},"publish_time":1413980428551,"_cnpm_publish_time":1413980428551,"_hasShrinkwrap":false},"1.3.1":{"name":"punycode","version":"1.3.1","description":"A robust Punycode converter that fully complies to RFC 3492 and RFC 5891, and works on nearly all JavaScript platforms.","homepage":"http://mths.be/punycode","main":"punycode.js","keywords":["punycode","unicode","idn","idna","dns","url","domain"],"licenses":[{"type":"MIT","url":"http://mths.be/mit"}],"author":{"name":"Mathias Bynens","url":"http://mathiasbynens.be/"},"contributors":[{"name":"Mathias Bynens","url":"http://mathiasbynens.be/"},{"name":"John-David Dalton","url":"http://allyoucanleet.com/"}],"repository":{"type":"git","url":"https://github.com/bestiejs/punycode.js.git"},"bugs":{"url":"https://github.com/bestiejs/punycode.js/issues"},"files":["LICENSE-MIT.txt","punycode.js"],"directories":{"test":"tests"},"scripts":{"test":"node tests/tests.js"},"devDependencies":{"coveralls":"^2.10.1","grunt":"^0.4.5","grunt-contrib-uglify":"^0.5.0","grunt-shell":"^0.7.0","istanbul":"^0.2.13","qunit-extras":"^1.2.0","qunitjs":"~1.11.0","requirejs":"^2.1.14"},"_id":"punycode@1.3.1","_shasum":"710afe5123c20a1530b712e3e682b9118fe8058e","_from":".","_npmVersion":"1.4.9","_npmUser":{"name":"mathias","email":"mathias@qiwi.be"},"maintainers":[{"name":"mathias","email":"mathias@qiwi.be"},{"name":"reconbot","email":"wizard@roborooter.com"}],"dist":{"shasum":"710afe5123c20a1530b712e3e682b9118fe8058e","size":7956,"noattachment":false,"tarball":"http://registry.npm.taobao.org/punycode/download/punycode-1.3.1.tgz"},"publish_time":1407502659100,"_cnpm_publish_time":1407502659100,"_hasShrinkwrap":false},"1.3.0":{"name":"punycode","version":"1.3.0","description":"A robust Punycode converter that fully complies to RFC 3492 and RFC 5891, and works on nearly all JavaScript platforms.","homepage":"http://mths.be/punycode","main":"punycode.js","keywords":["punycode","unicode","idn","idna","dns","url","domain"],"licenses":[{"type":"MIT","url":"http://mths.be/mit"}],"author":{"name":"Mathias Bynens","url":"http://mathiasbynens.be/"},"contributors":[{"name":"Mathias Bynens","url":"http://mathiasbynens.be/"},{"name":"John-David Dalton","url":"http://allyoucanleet.com/"}],"repository":{"type":"git","url":"https://github.com/bestiejs/punycode.js.git"},"bugs":{"url":"https://github.com/bestiejs/punycode.js/issues"},"files":["LICENSE-MIT.txt","punycode.js"],"directories":{"test":"tests"},"scripts":{"test":"node tests/tests.js"},"devDependencies":{"coveralls":"^2.10.1","grunt":"^0.4.5","grunt-contrib-uglify":"^0.5.0","grunt-shell":"^0.7.0","istanbul":"^0.2.13","qunit-extras":"^1.2.0","qunitjs":"~1.11.0","requirejs":"^2.1.14"},"gitHead":"40e15ef43a44fdcb2b60fb631384168ef8e0181f","_id":"punycode@1.3.0","_shasum":"7f5009ef539b9444be5c7a19abd2c3ca49e1731c","_from":".","_npmVersion":"1.4.15","_npmUser":{"name":"mathias","email":"mathias@qiwi.be"},"maintainers":[{"name":"mathias","email":"mathias@qiwi.be"},{"name":"reconbot","email":"wizard@roborooter.com"}],"dist":{"shasum":"7f5009ef539b9444be5c7a19abd2c3ca49e1731c","size":7908,"noattachment":false,"tarball":"http://registry.npm.taobao.org/punycode/download/punycode-1.3.0.tgz"},"publish_time":1404385162173,"_cnpm_publish_time":1404385162173,"_hasShrinkwrap":false},"1.1.0":{"name":"punycode","version":"1.1.0","description":"A robust Punycode converter that fully complies to RFC 3492 and RFC 5891, and works on nearly all JavaScript platforms.","homepage":"http://mths.be/punycode","main":"punycode.js","keywords":["punycode","unicode","idn","url","domain"],"licenses":[{"type":"MIT","url":"http://mths.be/mit"},{"type":"GPL","url":"http://mths.be/gpl"}],"author":{"name":"Mathias Bynens","email":"mathias@qiwi.be","url":"http://mathiasbynens.be/"},"maintainers":[{"name":"mathias","email":"mathias@qiwi.be"},{"name":"reconbot","email":"wizard@roborooter.com"}],"bugs":{"url":"https://github.com/bestiejs/punycode.js/issues"},"repository":{"type":"git","url":"https://github.com/bestiejs/punycode.js.git"},"engines":["node","rhino"],"directories":{"doc":"docs","test":"tests"},"_id":"punycode@1.1.0","dist":{"shasum":"6b091fb61ee64128ef9fa18780e74e1e7ba0217f","size":2340644,"noattachment":false,"tarball":"http://registry.npm.taobao.org/punycode/download/punycode-1.1.0.tgz"},"publish_time":1340809629317,"_cnpm_publish_time":1340809629317,"_hasShrinkwrap":false},"1.2.4":{"name":"punycode","version":"1.2.4","description":"A robust Punycode converter that fully complies to RFC 3492 and RFC 5891, and works on nearly all JavaScript platforms.","homepage":"http://mths.be/punycode","main":"punycode.js","keywords":["punycode","unicode","idn","idna","dns","url","domain"],"licenses":[{"type":"MIT","url":"http://mths.be/mit"},{"type":"GPL","url":"http://mths.be/gpl"}],"author":{"name":"Mathias Bynens","email":"mathias@qiwi.be","url":"http://mathiasbynens.be/"},"contributors":[{"name":"Mathias Bynens","email":"mathias@qiwi.be","url":"http://mathiasbynens.be/"},{"name":"John-David Dalton","email":"john.david.dalton@gmail.com","url":"http://allyoucanleet.com/"}],"bugs":{"url":"https://github.com/bestiejs/punycode.js/issues"},"repository":{"type":"git","url":"https://github.com/bestiejs/punycode.js.git"},"engines":["node","rhino"],"directories":{"doc":"docs","test":"tests"},"scripts":{"test":"node tests/tests.js"},"devDependencies":{"grunt":"~0.4.1","grunt-contrib-uglify":"~0.2.2","grunt-shell":"~0.6.4","istanbul":"~0.2.4","qunit-clib":"~1.3.0","qunitjs":"~1.11.0","requirejs":"~2.1.6"},"_id":"punycode@1.2.4","dist":{"shasum":"54008ac972aec74175def9cba6df7fa9d3918740","size":14489,"noattachment":false,"tarball":"http://registry.npm.taobao.org/punycode/download/punycode-1.2.4.tgz"},"_from":".","_npmVersion":"1.3.21","_npmUser":{"name":"mathias","email":"mathias@qiwi.be"},"maintainers":[{"name":"mathias","email":"mathias@qiwi.be"},{"name":"reconbot","email":"wizard@roborooter.com"}],"publish_time":1392617251240,"_cnpm_publish_time":1392617251240,"_hasShrinkwrap":false},"1.2.3":{"name":"punycode","version":"1.2.3","description":"A robust Punycode converter that fully complies to RFC 3492 and RFC 5891, and works on nearly all JavaScript platforms.","homepage":"http://mths.be/punycode","main":"punycode.js","keywords":["punycode","unicode","idn","idna","dns","url","domain"],"licenses":[{"type":"MIT","url":"http://mths.be/mit"},{"type":"GPL","url":"http://mths.be/gpl"}],"author":{"name":"Mathias Bynens","email":"mathias@qiwi.be","url":"http://mathiasbynens.be/"},"contributors":[{"name":"Mathias Bynens","email":"mathias@qiwi.be","url":"http://mathiasbynens.be/"},{"name":"John-David Dalton","email":"john.david.dalton@gmail.com","url":"http://allyoucanleet.com/"}],"bugs":{"url":"https://github.com/bestiejs/punycode.js/issues"},"repository":{"type":"git","url":"https://github.com/bestiejs/punycode.js.git"},"engines":["node","rhino"],"directories":{"doc":"docs","test":"tests"},"scripts":{"test":"node tests/tests.js"},"devDependencies":{"grunt":"~0.4.1","grunt-contrib-uglify":"~0.2.2","grunt-shell":"~0.2.2","istanbul":"~0.1.37","qunit-clib":"~1.3.0","qunitjs":"~1.11.0","requirejs":"~2.1.6"},"_id":"punycode@1.2.3","dist":{"shasum":"b4e304471082d783c73b3bafabf2fd9b6a486266","size":20939,"noattachment":false,"tarball":"http://registry.npm.taobao.org/punycode/download/punycode-1.2.3.tgz"},"_from":".","_npmVersion":"1.2.30","_npmUser":{"name":"mathias","email":"mathias@qiwi.be"},"maintainers":[{"name":"mathias","email":"mathias@qiwi.be"},{"name":"reconbot","email":"wizard@roborooter.com"}],"publish_time":1371724385742,"_cnpm_publish_time":1371724385742,"_hasShrinkwrap":false},"1.2.2":{"name":"punycode","version":"1.2.2","description":"A robust Punycode converter that fully complies to RFC 3492 and RFC 5891, and works on nearly all JavaScript platforms.","homepage":"http://mths.be/punycode","main":"punycode.js","keywords":["punycode","unicode","idn","idna","dns","url","domain"],"licenses":[{"type":"MIT","url":"http://mths.be/mit"},{"type":"GPL","url":"http://mths.be/gpl"}],"author":{"name":"Mathias Bynens","email":"mathias@qiwi.be","url":"http://mathiasbynens.be/"},"maintainers":[{"name":"mathias","email":"mathias@qiwi.be"},{"name":"reconbot","email":"wizard@roborooter.com"}],"bugs":{"url":"https://github.com/bestiejs/punycode.js/issues"},"repository":{"type":"git","url":"https://github.com/bestiejs/punycode.js.git"},"engines":["node","rhino"],"directories":{"doc":"docs","test":"tests"},"scripts":{"test":"node tests/tests.js"},"devDependencies":{"grunt":"~0.4.1","grunt-contrib-uglify":"~0.2.2","grunt-shell":"~0.2.2","istanbul":"~0.1.36","qunit-clib":"~1.3.0","qunitjs":"~1.11.0","requirejs":"~2.1.6"},"readmeFilename":"README.md","_id":"punycode@1.2.2","dist":{"shasum":"a7727afa42fc80a4bc19f7fbecde6ecec7e5a2c4","size":22732,"noattachment":false,"tarball":"http://registry.npm.taobao.org/punycode/download/punycode-1.2.2.tgz"},"_from":".","_npmVersion":"1.2.19","_npmUser":{"name":"mathias","email":"mathias@qiwi.be"},"publish_time":1370175081440,"_cnpm_publish_time":1370175081440,"_hasShrinkwrap":false},"1.2.1":{"name":"punycode","version":"1.2.1","description":"A robust Punycode converter that fully complies to RFC 3492 and RFC 5891, and works on nearly all JavaScript platforms.","homepage":"http://mths.be/punycode","main":"punycode.js","keywords":["punycode","unicode","idn","url","domain"],"licenses":[{"type":"MIT","url":"http://mths.be/mit"},{"type":"GPL","url":"http://mths.be/gpl"}],"author":{"name":"Mathias Bynens","email":"mathias@qiwi.be","url":"http://mathiasbynens.be/"},"maintainers":[{"name":"mathias","email":"mathias@qiwi.be"},{"name":"reconbot","email":"wizard@roborooter.com"}],"bugs":{"url":"https://github.com/bestiejs/punycode.js/issues"},"repository":{"type":"git","url":"https://github.com/bestiejs/punycode.js.git"},"engines":["node","rhino"],"directories":{"doc":"docs","test":"tests"},"scripts":{"test":"node tests/tests.js"},"devDependencies":{"istanbul":"~0.1.33","grunt":"~0.4.1","grunt-contrib-uglify":"~0.2.0","grunt-shell":"~0.2.1","qunitjs":"~1.11.0","qunit-clib":"~1.3.0","requirejs":"~2.1.5"},"readmeFilename":"README.md","_id":"punycode@1.2.1","dist":{"shasum":"90047bc2e6dbbf757d281b25af69b0a773df9cef","size":142016,"noattachment":false,"tarball":"http://registry.npm.taobao.org/punycode/download/punycode-1.2.1.tgz"},"_from":".","_npmVersion":"1.2.14","_npmUser":{"name":"mathias","email":"mathias@qiwi.be"},"publish_time":1364731489515,"_cnpm_publish_time":1364731489515,"_hasShrinkwrap":false},"1.2.0":{"name":"punycode","version":"1.2.0","description":"A robust Punycode converter that fully complies to RFC 3492 and RFC 5891, and works on nearly all JavaScript platforms.","homepage":"http://mths.be/punycode","main":"punycode.js","keywords":["punycode","unicode","idn","url","domain"],"licenses":[{"type":"MIT","url":"http://mths.be/mit"},{"type":"GPL","url":"http://mths.be/gpl"}],"author":{"name":"Mathias Bynens","email":"mathias@qiwi.be","url":"http://mathiasbynens.be/"},"maintainers":[{"name":"mathias","email":"mathias@qiwi.be"},{"name":"reconbot","email":"wizard@roborooter.com"}],"bugs":{"url":"https://github.com/bestiejs/punycode.js/issues"},"repository":{"type":"git","url":"https://github.com/bestiejs/punycode.js.git"},"engines":["node","rhino"],"directories":{"doc":"docs","test":"tests"},"_id":"punycode@1.2.0","dist":{"shasum":"aee66ec448ebc5c45849af628485ac05c324b9c2","size":2352571,"noattachment":false,"tarball":"http://registry.npm.taobao.org/punycode/download/punycode-1.2.0.tgz"},"_npmVersion":"1.1.59","_npmUser":{"name":"mathias","email":"mathias@qiwi.be"},"publish_time":1349871847234,"_cnpm_publish_time":1349871847234,"_hasShrinkwrap":false},"1.1.1":{"name":"punycode","version":"1.1.1","description":"A robust Punycode converter that fully complies to RFC 3492 and RFC 5891, and works on nearly all JavaScript platforms.","homepage":"http://mths.be/punycode","main":"punycode.js","keywords":["punycode","unicode","idn","url","domain"],"licenses":[{"type":"MIT","url":"http://mths.be/mit"},{"type":"GPL","url":"http://mths.be/gpl"}],"author":{"name":"Mathias Bynens","email":"mathias@qiwi.be","url":"http://mathiasbynens.be/"},"maintainers":[{"name":"mathias","email":"mathias@qiwi.be"},{"name":"reconbot","email":"wizard@roborooter.com"}],"bugs":{"url":"https://github.com/bestiejs/punycode.js/issues"},"repository":{"type":"git","url":"https://github.com/bestiejs/punycode.js.git"},"engines":["node","rhino"],"directories":{"doc":"docs","test":"tests"},"_id":"punycode@1.1.1","dist":{"shasum":"42b3ceab84d3c9c1da4d5a43f59eddbf54c60678","size":2340709,"noattachment":false,"tarball":"http://registry.npm.taobao.org/punycode/download/punycode-1.1.1.tgz"},"publish_time":1340811789363,"_cnpm_publish_time":1340811789363,"_hasShrinkwrap":false},"1.0.0":{"name":"punycode","version":"1.0.0","description":"A robust Punycode converter that fully complies to RFC 3492 and RFC 5891, and works on nearly all JavaScript platforms.","homepage":"http://mths.be/punycode","main":"punycode.js","keywords":["punycode","unicode","idn","url","domain"],"licenses":[{"type":"MIT","url":"http://mths.be/mit"},{"type":"GPL","url":"http://mths.be/gpl"}],"author":{"name":"Mathias Bynens","email":"mathias@qiwi.be","url":"http://mathiasbynens.be/"},"maintainers":[{"name":"mathias","email":"mathias@qiwi.be"},{"name":"reconbot","email":"wizard@roborooter.com"}],"bugs":{"url":"https://github.com/bestiejs/punycode.js/issues"},"repository":{"type":"git","url":"git://github.com/bestiejs/punycode.js.git"},"engines":["node","rhino"],"directories":{"doc":"docs","test":"tests"},"_npmUser":{"name":"mathias","email":"mathias@qiwi.be"},"_id":"punycode@1.0.0","dependencies":{},"devDependencies":{},"_engineSupported":true,"_npmVersion":"1.0.106","_nodeVersion":"v0.6.8","_defaultsLoaded":true,"dist":{"shasum":"ce9e6c6e9c1db5827174fceb12ff4938700a1bd3","size":2478080,"noattachment":false,"tarball":"http://registry.npm.taobao.org/punycode/download/punycode-1.0.0.tgz"},"publish_time":1330095774438,"_cnpm_publish_time":1330095774438,"_hasShrinkwrap":false},"0.3.0":{"name":"punycode","version":"0.3.0","description":"A robust Punycode converter that fully complies to RFC 3492 and RFC 5891, and works on nearly all JavaScript platforms.","homepage":"http://mths.be/punycode","main":"punycode.js","keywords":["punycode","unicode","idn","url","domain"],"licenses":[{"type":"MIT","url":"http://mths.be/mit"}],"author":{"name":"Mathias Bynens","email":"mathias@qiwi.be","url":"http://mathiasbynens.be/"},"maintainers":[{"name":"mathias","email":"mathias@qiwi.be"},{"name":"reconbot","email":"wizard@roborooter.com"}],"bugs":{"url":"https://github.com/bestiejs/punycode.js/issues"},"repository":{"type":"git","url":"git://github.com/bestiejs/punycode.js.git"},"engines":["node","rhino"],"directories":{"doc":"docs","test":"tests"},"_npmUser":{"name":"mathias","email":"mathias@qiwi.be"},"_id":"punycode@0.3.0","dependencies":{},"devDependencies":{},"_engineSupported":true,"_npmVersion":"1.0.106","_nodeVersion":"v0.6.6","_defaultsLoaded":true,"dist":{"shasum":"3e6d6f2e2ca3dce4364c66ec971823b228302d6f","size":2457600,"noattachment":false,"tarball":"http://registry.npm.taobao.org/punycode/download/punycode-0.3.0.tgz"},"publish_time":1325581518020,"_cnpm_publish_time":1325581518020,"_hasShrinkwrap":false},"0.2.2":{"name":"punycode","version":"0.2.2","description":"A robust Punycode converter that fully complies to RFC 3492 and RFC 5891, and works on nearly all JavaScript platforms.","homepage":"http://mths.be/punycode","main":"punycode.js","keywords":["punycode","unicode","idn","url","domain"],"licenses":[{"type":"MIT","url":"http://mths.be/mit"}],"author":{"name":"Mathias Bynens","email":"mathias@qiwi.be","url":"http://mathiasbynens.be/"},"maintainers":[{"name":"mathias","email":"mathias@qiwi.be"},{"name":"reconbot","email":"wizard@roborooter.com"}],"bugs":{"url":"https://github.com/bestiejs/punycode.js/issues"},"repository":{"type":"git","url":"git://github.com/bestiejs/punycode.js.git"},"engines":["node","rhino"],"directories":{"doc":"docs","test":"tests"},"_npmUser":{"name":"mathias","email":"mathias@qiwi.be"},"_id":"punycode@0.2.2","dependencies":{},"devDependencies":{},"_engineSupported":true,"_npmVersion":"1.0.105","_nodeVersion":"v0.6.6","_defaultsLoaded":true,"dist":{"shasum":"b7bf8403ef5a61a5860a5755dbda0a176d6a3be1","size":2334720,"noattachment":false,"tarball":"http://registry.npm.taobao.org/punycode/download/punycode-0.2.2.tgz"},"publish_time":1324994790675,"_cnpm_publish_time":1324994790675,"_hasShrinkwrap":false},"0.2.1":{"name":"punycode","version":"0.2.1","description":"A robust Punycode converter that fully complies to RFC 3492 and RFC 5891, and works on nearly all JavaScript platforms.","homepage":"http://mths.be/punycode","main":"punycode.js","keywords":["punycode","unicode","idn","url","domain"],"licenses":[{"type":"MIT","url":"http://mths.be/mit"}],"author":{"name":"Mathias Bynens","email":"mathias@qiwi.be","url":"http://mathiasbynens.be/"},"maintainers":[{"name":"mathias","email":"mathias@qiwi.be"},{"name":"reconbot","email":"wizard@roborooter.com"}],"bugs":{"url":"https://github.com/bestiejs/punycode.js/issues"},"repository":{"type":"git","url":"git://github.com/bestiejs/punycode.js.git"},"engines":["node","rhino"],"directories":{"doc":"docs","test":"tests"},"_npmUser":{"name":"mathias","email":"mathias@qiwi.be"},"_id":"punycode@0.2.1","dependencies":{},"devDependencies":{},"_engineSupported":true,"_npmVersion":"1.0.105","_nodeVersion":"v0.6.1","_defaultsLoaded":true,"dist":{"shasum":"c52e2d332170d0fb45f853f3b4e718b00245e167","size":2334720,"noattachment":false,"tarball":"http://registry.npm.taobao.org/punycode/download/punycode-0.2.1.tgz"},"publish_time":1322513256225,"_cnpm_publish_time":1322513256225,"_hasShrinkwrap":false},"0.2.0":{"name":"punycode","version":"0.2.0","description":"A robust Punycode converter that fully complies to RFC 3492 and RFC 5891, and works on nearly all JavaScript platforms.","homepage":"http://mths.be/punycode","main":"punycode.js","keywords":["punycode","unicode","idn","url","domain"],"licenses":[{"type":"MIT","url":"http://mths.be/mit"}],"author":{"name":"Mathias Bynens","email":"mathias@qiwi.be","url":"http://mathiasbynens.be/"},"maintainers":[{"name":"mathias","email":"mathias@qiwi.be"},{"name":"reconbot","email":"wizard@roborooter.com"}],"bugs":{"url":"https://github.com/bestiejs/punycode.js/issues"},"repository":{"type":"git","url":"git://github.com/bestiejs/punycode.js.git"},"engines":["node","rhino"],"directories":{"doc":"docs","test":"tests"},"_npmUser":{"name":"mathias","email":"mathias@qiwi.be"},"_id":"punycode@0.2.0","dependencies":{},"devDependencies":{},"_engineSupported":true,"_npmVersion":"1.0.105","_nodeVersion":"v0.6.1","_defaultsLoaded":true,"dist":{"shasum":"e7cc94740eb902bc9f791a8a598078a481ca677a","size":2334720,"noattachment":false,"tarball":"http://registry.npm.taobao.org/punycode/download/punycode-0.2.0.tgz"},"publish_time":1321562795728,"_cnpm_publish_time":1321562795728,"_hasShrinkwrap":false},"0.1.2":{"name":"punycode","version":"0.1.2","description":"A robust Punycode converter that fully complies to RFC 3492 and RFC 5891, and works on nearly all JavaScript platforms.","homepage":"http://mths.be/punycode","main":"punycode.js","keywords":["punycode","unicode","idn","url","domain"],"licenses":[{"type":"MIT","url":"http://mths.be/mit"}],"author":{"name":"Mathias Bynens","email":"mathias@qiwi.be","url":"http://mathiasbynens.be/"},"maintainers":[{"name":"mathias","email":"mathias@qiwi.be"},{"name":"reconbot","email":"wizard@roborooter.com"}],"bugs":{"url":"https://github.com/bestiejs/punycode.js/issues"},"repository":{"type":"git","url":"git://github.com/bestiejs/punycode.js.git"},"engines":["node","rhino"],"directories":{"doc":"docs","test":"tests"},"_npmUser":{"name":"mathias","email":"mathias@qiwi.be"},"_id":"punycode@0.1.2","dependencies":{},"devDependencies":{},"_engineSupported":true,"_npmVersion":"1.0.105","_nodeVersion":"v0.6.1","_defaultsLoaded":true,"dist":{"shasum":"bce2172b2307c51d58b95bf02e9b033e8a12982f","size":2334720,"noattachment":false,"tarball":"http://registry.npm.taobao.org/punycode/download/punycode-0.1.2.tgz"},"publish_time":1321276515136,"_cnpm_publish_time":1321276515136,"_hasShrinkwrap":false},"0.1.1":{"name":"punycode","version":"0.1.1","description":"A robust Punycode converter that fully complies to RFC 3492 and RFC 5891, and works on nearly all JavaScript platforms.","homepage":"http://mths.be/punycode","main":"punycode.js","keywords":["punycode","unicode","idn","url","domain"],"licenses":[{"type":"MIT","url":"http://mths.be/mit"}],"author":{"name":"Mathias Bynens","email":"mathias@qiwi.be","url":"http://mathiasbynens.be/"},"maintainers":[{"name":"mathias","email":"mathias@qiwi.be"},{"name":"reconbot","email":"wizard@roborooter.com"}],"bugs":{"url":"https://github.com/bestiejs/punycode.js/issues"},"repository":{"type":"git","url":"git://github.com/bestiejs/punycode.js.git"},"engines":["node","rhino"],"directories":{"doc":"docs","test":"tests"},"_npmUser":{"name":"mathias","email":"mathias@qiwi.be"},"_id":"punycode@0.1.1","dependencies":{},"devDependencies":{},"_engineSupported":true,"_npmVersion":"1.0.105","_nodeVersion":"v0.6.1","_defaultsLoaded":true,"dist":{"shasum":"35be18fe2e00e034c6815ad763534959595ae5e7","size":2334720,"noattachment":false,"tarball":"http://registry.npm.taobao.org/punycode/download/punycode-0.1.1.tgz"},"publish_time":1321203703406,"_cnpm_publish_time":1321203703406,"_hasShrinkwrap":false},"0.1.0":{"name":"punycode","version":"0.1.0","description":"A robust Punycode converter that fully complies to RFC 3492 and RFC 5891, and works on nearly all JavaScript platforms.","homepage":"http://mths.be/punycode","main":"punycode.js","keywords":["punycode","unicode","idn","url","domain"],"licenses":[{"type":"MIT","url":"http://mths.be/mit"}],"author":{"name":"Mathias Bynens","email":"mathias@qiwi.be","url":"http://mathiasbynens.be/"},"maintainers":[{"name":"mathias","email":"mathias@qiwi.be"},{"name":"reconbot","email":"wizard@roborooter.com"}],"bugs":{"url":"https://github.com/bestiejs/punycode.js/issues"},"repository":{"type":"git","url":"git://github.com/bestiejs/punycode.js.git"},"engines":["node","rhino"],"directories":{"doc":"docs","test":"tests"},"_npmUser":{"name":"mathias","email":"mathias@qiwi.be"},"_id":"punycode@0.1.0","dependencies":{},"devDependencies":{},"_engineSupported":true,"_npmVersion":"1.0.105","_nodeVersion":"v0.6.1","_defaultsLoaded":true,"dist":{"shasum":"8f7655c949a9d0adb0e0b61039f8c9d9ac3e12ac","size":2334720,"noattachment":false,"tarball":"http://registry.npm.taobao.org/punycode/download/punycode-0.1.0.tgz"},"publish_time":1321203678347,"_cnpm_publish_time":1321203678347,"_hasShrinkwrap":false},"0.0.1337":{"name":"punycode","version":"0.0.1337","description":"A robust Punycode converter that fully complies to RFC 3492 and RFC 5891, and works on nearly all JavaScript platforms.","homepage":"http://mths.be/punycode","main":"punycode.js","keywords":["punycode","unicode","idn","url","domain"],"licenses":[{"type":"MIT","url":"http://mths.be/mit"}],"author":{"name":"Mathias Bynens","email":"mathias@qiwi.be","url":"http://mathiasbynens.be/"},"maintainers":[{"name":"mathias","email":"mathias@qiwi.be"},{"name":"reconbot","email":"wizard@roborooter.com"}],"bugs":{"url":"https://github.com/bestiejs/punycode.js/issues"},"repository":{"type":"git","url":"git://github.com/bestiejs/punycode.js.git"},"engines":["node","rhino"],"directories":{"doc":"docs","test":"tests"},"_npmUser":{"name":"mathias","email":"mathias@qiwi.be"},"_id":"punycode@0.0.1337","dependencies":{},"devDependencies":{},"_engineSupported":true,"_npmVersion":"1.0.105","_nodeVersion":"v0.6.1","_defaultsLoaded":true,"dist":{"shasum":"73a5fcc5e6c89681a9cd9800bfe75cb245fcc15d","size":2334720,"noattachment":false,"tarball":"http://registry.npm.taobao.org/punycode/download/punycode-0.0.1337.tgz"},"publish_time":1321203516944,"_cnpm_publish_time":1321203516944,"_hasShrinkwrap":false},"0.0.2":{"author":{"name":"Francis Gulotta","email":"wizard@roborooter.com"},"name":"punycode","description":"Javascript Punycode converter derived from example in RFC3492.","version":"0.0.2","repository":{"type":"git","url":"git://github.com/reconbot/Node-PunyCode.git"},"engines":{"npm":"1.0.x","node":"0.4.x"},"dependencies":{},"devDependencies":{},"homepage":"https://github.com/reconbot/Node-PunyCode","_npmUser":{"name":"wizard","email":"wizard@roborooter.com"},"_id":"punycode@0.0.2","_engineSupported":true,"_npmVersion":"1.0.103","_nodeVersion":"v0.4.11","_defaultsLoaded":true,"dist":{"shasum":"a16bd1e46e5b59276e2e21b6f15086c484f3a6c7","size":10240,"noattachment":false,"tarball":"http://registry.npm.taobao.org/punycode/download/punycode-0.0.2.tgz"},"maintainers":[{"name":"mathias","email":"mathias@qiwi.be"},{"name":"reconbot","email":"wizard@roborooter.com"}],"directories":{},"publish_time":1319667702683,"_hasShrinkwrap":false,"_cnpm_publish_time":1319667702683},"0.0.1":{"author":{"name":"Francis Gulotta","email":"wizard@roborooter.com"},"name":"punycode","description":"Javascript Punycode converter derived from example in RFC3492.","version":"0.0.1","repository":{"type":"git","url":"git://github.com/reconbot/Node-PunyCode.git"},"engines":{"npm":"1.0.6","node":"v0.4.7"},"dependencies":{},"devDependencies":{},"homepage":"https://github.com/reconbot/Node-PunyCode","_id":"punycode@0.0.1","_engineSupported":true,"_npmVersion":"1.0.6","_nodeVersion":"v0.4.7","_defaultsLoaded":true,"dist":{"shasum":"ae0f52d48d5efcde4a8e02fbdfdc9d679bec0d01","size":4003,"noattachment":false,"tarball":"http://registry.npm.taobao.org/punycode/download/punycode-0.0.1.tgz"},"scripts":{},"maintainers":[{"name":"mathias","email":"mathias@qiwi.be"},{"name":"reconbot","email":"wizard@roborooter.com"}],"directories":{},"publish_time":1315367634402,"_hasShrinkwrap":false,"_cnpm_publish_time":1315367634402}},"readme":"# Punycode.js [![Build status](https://travis-ci.org/bestiejs/punycode.js.svg?branch=master)](https://travis-ci.org/bestiejs/punycode.js) [![Code coverage status](http://img.shields.io/codecov/c/github/bestiejs/punycode.js.svg)](https://codecov.io/gh/bestiejs/punycode.js) [![Dependency status](https://gemnasium.com/bestiejs/punycode.js.svg)](https://gemnasium.com/bestiejs/punycode.js)\n\nPunycode.js is a robust Punycode converter that fully complies to [RFC 3492](https://tools.ietf.org/html/rfc3492) and [RFC 5891](https://tools.ietf.org/html/rfc5891).\n\nThis JavaScript library is the result of comparing, optimizing and documenting different open-source implementations of the Punycode algorithm:\n\n* [The C example code from RFC 3492](https://tools.ietf.org/html/rfc3492#appendix-C)\n* [`punycode.c` by _Markus W. Scherer_ (IBM)](http://opensource.apple.com/source/ICU/ICU-400.42/icuSources/common/punycode.c)\n* [`punycode.c` by _Ben Noordhuis_](https://github.com/bnoordhuis/punycode/blob/master/punycode.c)\n* [JavaScript implementation by _some_](http://stackoverflow.com/questions/183485/can-anyone-recommend-a-good-free-javascript-for-punycode-to-unicode-conversion/301287#301287)\n* [`punycode.js` by _Ben Noordhuis_](https://github.com/joyent/node/blob/426298c8c1c0d5b5224ac3658c41e7c2a3fe9377/lib/punycode.js) (note: [not fully compliant](https://github.com/joyent/node/issues/2072))\n\nThis project was [bundled](https://github.com/joyent/node/blob/master/lib/punycode.js) with Node.js from [v0.6.2+](https://github.com/joyent/node/compare/975f1930b1...61e796decc) until [v7](https://github.com/nodejs/node/pull/7941) (soft-deprecated).\n\nThe current version supports recent versions of Node.js only. It provides a CommonJS module and an ES6 module. For the old version that offers the same functionality with broader support, including Rhino, Ringo, Narwhal, and web browsers, see [v1.4.1](https://github.com/bestiejs/punycode.js/releases/tag/v1.4.1).\n\n## Installation\n\nVia [npm](https://www.npmjs.com/):\n\n```bash\nnpm install punycode --save\n```\n\nIn [Node.js](https://nodejs.org/):\n\n```js\nconst punycode = require('punycode');\n```\n\n## API\n\n### `punycode.decode(string)`\n\nConverts a Punycode string of ASCII symbols to a string of Unicode symbols.\n\n```js\n// decode domain name parts\npunycode.decode('maana-pta'); // 'mañana'\npunycode.decode('--dqo34k'); // '☃-⌘'\n```\n\n### `punycode.encode(string)`\n\nConverts a string of Unicode symbols to a Punycode string of ASCII symbols.\n\n```js\n// encode domain name parts\npunycode.encode('mañana'); // 'maana-pta'\npunycode.encode('☃-⌘'); // '--dqo34k'\n```\n\n### `punycode.toUnicode(input)`\n\nConverts a Punycode string representing a domain name or an email address to Unicode. Only the Punycoded parts of the input will be converted, i.e. it doesn’t matter if you call it on a string that has already been converted to Unicode.\n\n```js\n// decode domain names\npunycode.toUnicode('xn--maana-pta.com');\n// → 'mañana.com'\npunycode.toUnicode('xn----dqo34k.com');\n// → '☃-⌘.com'\n\n// decode email addresses\npunycode.toUnicode('джумла@xn--p-8sbkgc5ag7bhce.xn--ba-lmcq');\n// → 'джумла@джpумлатест.bрфa'\n```\n\n### `punycode.toASCII(input)`\n\nConverts a lowercased Unicode string representing a domain name or an email address to Punycode. Only the non-ASCII parts of the input will be converted, i.e. it doesn’t matter if you call it with a domain that’s already in ASCII.\n\n```js\n// encode domain names\npunycode.toASCII('mañana.com');\n// → 'xn--maana-pta.com'\npunycode.toASCII('☃-⌘.com');\n// → 'xn----dqo34k.com'\n\n// encode email addresses\npunycode.toASCII('джумла@джpумлатест.bрфa');\n// → 'джумла@xn--p-8sbkgc5ag7bhce.xn--ba-lmcq'\n```\n\n### `punycode.ucs2`\n\n#### `punycode.ucs2.decode(string)`\n\nCreates an array containing the numeric code point values of each Unicode symbol in the string. While [JavaScript uses UCS-2 internally](https://mathiasbynens.be/notes/javascript-encoding), this function will convert a pair of surrogate halves (each of which UCS-2 exposes as separate characters) into a single code point, matching UTF-16.\n\n```js\npunycode.ucs2.decode('abc');\n// → [0x61, 0x62, 0x63]\n// surrogate pair for U+1D306 TETRAGRAM FOR CENTRE:\npunycode.ucs2.decode('\\uD834\\uDF06');\n// → [0x1D306]\n```\n\n#### `punycode.ucs2.encode(codePoints)`\n\nCreates a string based on an array of numeric code point values.\n\n```js\npunycode.ucs2.encode([0x61, 0x62, 0x63]);\n// → 'abc'\npunycode.ucs2.encode([0x1D306]);\n// → '\\uD834\\uDF06'\n```\n\n### `punycode.version`\n\nA string representing the current Punycode.js version number.\n\n## Author\n\n| [![twitter/mathias](https://gravatar.com/avatar/24e08a9ea84deb17ae121074d0f17125?s=70)](https://twitter.com/mathias \"Follow @mathias on Twitter\") |\n|---|\n| [Mathias Bynens](https://mathiasbynens.be/) |\n\n## License\n\nPunycode.js is available under the [MIT](https://mths.be/mit) license.\n","_attachments":{},"homepage":"https://mths.be/punycode","bugs":{"url":"https://github.com/bestiejs/punycode.js/issues"},"license":"MIT","_etag":"\"a784-xiZ1KDfP7E5wQqFUDPB1JXg1iSk\""}