{"_id":"core-util-is","_rev":"1273808","name":"core-util-is","description":"The `util.is*` functions introduced in Node v0.12.","dist-tags":{"latest":"1.0.2"},"maintainers":[{"name":"isaacs","email":"i@izs.me"}],"time":{"modified":"2017-03-27T15:53:42.000Z","created":"2013-08-26T22:51:59.881Z","1.0.2":"2015-11-20T00:37:33.081Z","1.0.1":"2014-01-08T05:50:45.831Z","1.0.0":"2013-08-26T22:51:59.881Z"},"users":{"tunnckocore":true,"wenbing":true,"cparker15":true,"monjer":true,"shuoshubao":true,"kael":true},"author":{"name":"Isaac Z. Schlueter","email":"i@izs.me","url":"http://blog.izs.me/"},"repository":{"type":"git","url":"git://github.com/isaacs/core-util-is.git"},"versions":{"1.0.2":{"name":"core-util-is","version":"1.0.2","description":"The `util.is*` functions introduced in Node v0.12.","main":"lib/util.js","repository":{"type":"git","url":"git://github.com/isaacs/core-util-is.git"},"keywords":["util","isBuffer","isArray","isNumber","isString","isRegExp","isThis","isThat","polyfill"],"author":{"name":"Isaac Z. Schlueter","email":"i@izs.me","url":"http://blog.izs.me/"},"license":"MIT","bugs":{"url":"https://github.com/isaacs/core-util-is/issues"},"scripts":{"test":"tap test.js"},"devDependencies":{"tap":"^2.3.0"},"gitHead":"a177da234df5638b363ddc15fa324619a38577c8","homepage":"https://github.com/isaacs/core-util-is#readme","_id":"core-util-is@1.0.2","_shasum":"b5fd54220aa2bc5ab57aab7140c940754503c1a7","_from":".","_npmVersion":"3.3.2","_nodeVersion":"4.0.0","_npmUser":{"name":"isaacs","email":"i@izs.me"},"dist":{"shasum":"b5fd54220aa2bc5ab57aab7140c940754503c1a7","size":7016,"noattachment":false,"tarball":"http://registry.npm.taobao.org/core-util-is/download/core-util-is-1.0.2.tgz"},"maintainers":[{"name":"isaacs","email":"i@izs.me"}],"directories":{},"publish_time":1447979853081,"_cnpm_publish_time":1447979853081,"_hasShrinkwrap":false},"1.0.1":{"name":"core-util-is","version":"1.0.1","description":"The `util.is*` functions introduced in Node v0.12.","main":"lib/util.js","repository":{"type":"git","url":"git://github.com/isaacs/core-util-is"},"keywords":["util","isBuffer","isArray","isNumber","isString","isRegExp","isThis","isThat","polyfill"],"author":{"name":"Isaac Z. Schlueter","email":"i@izs.me","url":"http://blog.izs.me/"},"license":"MIT","bugs":{"url":"https://github.com/isaacs/core-util-is/issues"},"readmeFilename":"README.md","homepage":"https://github.com/isaacs/core-util-is","_id":"core-util-is@1.0.1","dist":{"shasum":"6b07085aef9a3ccac6ee53bf9d3df0c1521a5538","size":6520,"noattachment":false,"tarball":"http://registry.npm.taobao.org/core-util-is/download/core-util-is-1.0.1.tgz"},"_from":".","_npmVersion":"1.3.23","_npmUser":{"name":"isaacs","email":"i@izs.me"},"maintainers":[{"name":"isaacs","email":"i@izs.me"}],"directories":{},"publish_time":1389160245831,"_hasShrinkwrap":false,"_cnpm_publish_time":1389160245831},"1.0.0":{"name":"core-util-is","version":"1.0.0","description":"The `util.is*` functions introduced in Node v0.12.","main":"lib/util.js","repository":{"type":"git","url":"git://github.com/isaacs/core-util-is"},"keywords":["util","isBuffer","isArray","isNumber","isString","isRegExp","isThis","isThat","polyfill"],"author":{"name":"Isaac Z. Schlueter","email":"i@izs.me","url":"http://blog.izs.me/"},"license":"MIT","bugs":{"url":"https://github.com/isaacs/core-util-is/issues"},"readmeFilename":"README.md","_id":"core-util-is@1.0.0","dist":{"shasum":"740c74c400e72707b95cc75d509543f8ad7f83de","size":6355,"noattachment":false,"tarball":"http://registry.npm.taobao.org/core-util-is/download/core-util-is-1.0.0.tgz"},"_from":".","_npmVersion":"1.3.9","_npmUser":{"name":"isaacs","email":"i@izs.me"},"maintainers":[{"name":"isaacs","email":"i@izs.me"}],"directories":{},"publish_time":1377557519881,"_hasShrinkwrap":false,"_cnpm_publish_time":1377557519881}},"readme":"# core-util-is\n\nThe `util.is*` functions introduced in Node v0.12.\n","_attachments":{},"homepage":"https://github.com/isaacs/core-util-is#readme","bugs":{"url":"https://github.com/isaacs/core-util-is/issues"},"license":"MIT","_etag":"\"fe8-KOVOqhMBkJpPX78zTnZ+o8ztzf8\""}