{"_id":"enable","_rev":"43-5be5f571c7a752a82f8d5f340226a804","name":"enable","description":"ES6 and ES7 feature detection.","dist-tags":{"latest":"3.3.0"},"versions":{"1.0.0":{"name":"enable","version":"1.0.0","description":"Detect es6 features enable or not.","main":"index.js","scripts":{"test":"mocha --harmony --check-leaks -R spec -t 5000 -r should test/*.test.js","test-cov":"node --harmony node_modules/.bin/istanbul cover node_modules/.bin/_mocha -- --check-leaks -t 5000 -r should test/*.test.js","test-travis":"node --harmony node_modules/.bin/istanbul cover node_modules/.bin/_mocha --report lcovonly -- --check-leaks -t 5000 -r should test/*.test.js","jshint":"jshint .","autod":"autod -w --prefix '~' && npm run cnpm","cnpm":"npm install --registry=https://registry.npm.taobao.org","contributors":"contributors -f plain -o AUTHORS"},"dependencies":{},"devDependencies":{"autod":"*","contributors":"*","should":"*","jshint":"*","istanbul-harmony":"*","mocha":"*"},"homepage":"https://github.com/node-modules/enable","repository":{"type":"git","url":"git://github.com/node-modules/enable.git","web":"https://github.com/node-modules/enable"},"bugs":{"url":"https://github.com/node-modules/enable/issues","email":"fengmk2@gmail.com"},"keywords":["enable","es6","generator"],"engines":{"node":">= 0.10.0"},"author":{"name":"fengmk2","email":"fengmk2@gmail.com","url":"http://fengmk2.github.com"},"license":"MIT","contributors":[],"gitHead":"7dc3ba2210816c18d639bf677ca50bb053833995","_id":"enable@1.0.0","_shasum":"5c039aa94ba16c7f3c398749e5e95e78f89a23b3","_from":".","_npmVersion":"2.0.0","_npmUser":{"name":"fengmk2","email":"fengmk2@gmail.com"},"maintainers":[{"name":"fengmk2","email":"fengmk2@gmail.com"}],"dist":{"shasum":"5c039aa94ba16c7f3c398749e5e95e78f89a23b3","tarball":"https://registry.npmjs.org/enable/-/enable-1.0.0.tgz"},"directories":{}},"1.0.1":{"name":"enable","version":"1.0.1","description":"Detect es6 features enable or not.","main":"index.js","scripts":{"test":"mocha --harmony --check-leaks -R spec -t 5000 -r should test/*.test.js","test-cov":"node --harmony node_modules/.bin/istanbul cover node_modules/.bin/_mocha -- --check-leaks -t 5000 -r should test/*.test.js","test-travis":"node --harmony node_modules/.bin/istanbul cover node_modules/.bin/_mocha --report lcovonly -- --check-leaks -t 5000 -r should test/*.test.js","jshint":"jshint .","autod":"autod -w --prefix '~' && npm run cnpm","cnpm":"npm install --registry=https://registry.npm.taobao.org","contributors":"contributors -f plain -o AUTHORS"},"dependencies":{},"devDependencies":{"autod":"*","contributors":"*","should":"*","jshint":"*","istanbul-harmony":"*","mocha":"*"},"homepage":"https://github.com/node-modules/enable","repository":{"type":"git","url":"git://github.com/node-modules/enable.git","web":"https://github.com/node-modules/enable"},"bugs":{"url":"https://github.com/node-modules/enable/issues","email":"fengmk2@gmail.com"},"keywords":["enable","es6","generator"],"engines":{"node":">= 0.10.0"},"author":{"name":"fengmk2","email":"fengmk2@gmail.com","url":"http://fengmk2.github.com"},"license":"MIT","contributors":[{"name":"fengmk2","email":"fengmk2@gmail.com","url":"https://github.com/fengmk2"},{"name":"alsotang","email":"alsotang@gmail.com","url":"https://github.com/alsotang"}],"gitHead":"8e974df7a8efa6580428e33d97be242499a4f89f","_id":"enable@1.0.1","_shasum":"f8dafaaea8ae90f601b425579e76b34fe34c1f97","_from":".","_npmVersion":"2.0.0","_npmUser":{"name":"fengmk2","email":"fengmk2@gmail.com"},"maintainers":[{"name":"fengmk2","email":"fengmk2@gmail.com"}],"dist":{"shasum":"f8dafaaea8ae90f601b425579e76b34fe34c1f97","tarball":"https://registry.npmjs.org/enable/-/enable-1.0.1.tgz"},"directories":{}},"1.0.2":{"name":"enable","version":"1.0.2","description":"Detect es6 features enable or not.","main":"index.js","scripts":{"test":"mocha --harmony --check-leaks -R spec -t 5000 -r should test/*.test.js","test-cov":"node --harmony node_modules/.bin/istanbul cover node_modules/.bin/_mocha -- --check-leaks -t 5000 -r should test/*.test.js","test-travis":"node --harmony node_modules/.bin/istanbul cover node_modules/.bin/_mocha --report lcovonly -- --check-leaks -t 5000 -r should test/*.test.js","jshint":"jshint .","autod":"autod -w --prefix '~' && npm run cnpm","cnpm":"npm install --registry=https://registry.npm.taobao.org","contributors":"contributors -f plain -o AUTHORS"},"dependencies":{},"devDependencies":{"autod":"*","contributors":"*","should":"*","jshint":"*","istanbul-harmony":"*","mocha":"*"},"homepage":"https://github.com/node-modules/enable","repository":{"type":"git","url":"git://github.com/node-modules/enable.git","web":"https://github.com/node-modules/enable"},"bugs":{"url":"https://github.com/node-modules/enable/issues","email":"fengmk2@gmail.com"},"keywords":["enable","es6","generator"],"engines":{"node":">= 0.10.0"},"author":{"name":"fengmk2","email":"fengmk2@gmail.com","url":"http://fengmk2.github.com"},"license":"MIT","contributors":[{"name":"fengmk2","email":"fengmk2@gmail.com","url":"https://github.com/fengmk2"},{"name":"alsotang","email":"alsotang@gmail.com","url":"https://github.com/alsotang"},{"name":"dead-horse","email":"heyiyu.deadhorse@gmail.com","url":"https://github.com/dead-horse"}],"gitHead":"689a01d2947a155f7c16e5dea8230f37f90f6258","_id":"enable@1.0.2","_shasum":"3576f0f4c311b7efa6b5e90e11d84a1a17ff7719","_from":".","_npmVersion":"2.0.0","_npmUser":{"name":"fengmk2","email":"fengmk2@gmail.com"},"maintainers":[{"name":"fengmk2","email":"fengmk2@gmail.com"}],"dist":{"shasum":"3576f0f4c311b7efa6b5e90e11d84a1a17ff7719","tarball":"https://registry.npmjs.org/enable/-/enable-1.0.2.tgz"},"directories":{}},"1.1.0":{"name":"enable","version":"1.1.0","description":"Detect es6 features enable or not.","main":"index.js","scripts":{"test":"mocha --harmony --check-leaks -R spec -t 5000 -r should test/*.test.js","test-cov":"node --harmony node_modules/.bin/istanbul cover node_modules/.bin/_mocha -- --check-leaks -t 5000 -r should test/*.test.js","test-travis":"node --harmony node_modules/.bin/istanbul cover node_modules/.bin/_mocha --report lcovonly -- --check-leaks -t 5000 -r should test/*.test.js","jshint":"jshint .","autod":"autod -w --prefix '~' && npm run cnpm","cnpm":"npm install --registry=https://registry.npm.taobao.org","contributors":"contributors -f plain -o AUTHORS"},"dependencies":{},"devDependencies":{"autod":"*","contributors":"*","should":"*","jshint":"*","istanbul-harmony":"*","mocha":"*"},"homepage":"https://github.com/node-modules/enable","repository":{"type":"git","url":"git://github.com/node-modules/enable.git","web":"https://github.com/node-modules/enable"},"bugs":{"url":"https://github.com/node-modules/enable/issues","email":"fengmk2@gmail.com"},"keywords":["enable","es6","generator"],"engines":{"node":">= 0.10.0"},"author":{"name":"fengmk2","email":"fengmk2@gmail.com","url":"http://fengmk2.github.com"},"license":"MIT","contributors":[{"name":"fengmk2","email":"fengmk2@gmail.com","url":"https://github.com/fengmk2"},{"name":"alsotang","email":"alsotang@gmail.com","url":"https://github.com/alsotang"},{"name":"dead-horse","email":"heyiyu.deadhorse@gmail.com","url":"https://github.com/dead-horse"},{"name":"hemanth","email":"hemanth.hm@gmail.com","url":"https://github.com/hemanth"}],"gitHead":"17213aab96afc00353ab67fe87a23f876c2f95a5","_id":"enable@1.1.0","_shasum":"d952e79c0fee851f7198dd7f088c634cbb3aba45","_from":".","_npmVersion":"2.0.0","_npmUser":{"name":"fengmk2","email":"fengmk2@gmail.com"},"maintainers":[{"name":"fengmk2","email":"fengmk2@gmail.com"}],"dist":{"shasum":"d952e79c0fee851f7198dd7f088c634cbb3aba45","tarball":"https://registry.npmjs.org/enable/-/enable-1.1.0.tgz"},"directories":{}},"1.2.0":{"name":"enable","version":"1.2.0","description":"Detect es6 features enable or not.","main":"index.js","scripts":{"test":"mocha --harmony --check-leaks -R spec -t 5000 -r should test/*.test.js","test-cov":"node --harmony node_modules/.bin/istanbul cover node_modules/.bin/_mocha -- --check-leaks -t 5000 -r should test/*.test.js","test-travis":"node --harmony node_modules/.bin/istanbul cover node_modules/.bin/_mocha --report lcovonly -- --check-leaks -t 5000 -r should test/*.test.js","jshint":"jshint .","autod":"autod -w --prefix '~' && npm run cnpm","cnpm":"npm install --registry=https://registry.npm.taobao.org","contributors":"contributors -f plain -o AUTHORS"},"dependencies":{},"devDependencies":{"autod":"*","contributors":"*","should":"*","jshint":"*","istanbul-harmony":"*","mocha":"*"},"homepage":"https://github.com/node-modules/enable","repository":{"type":"git","url":"git://github.com/node-modules/enable.git","web":"https://github.com/node-modules/enable"},"bugs":{"url":"https://github.com/node-modules/enable/issues","email":"fengmk2@gmail.com"},"keywords":["enable","es6","generator"],"engines":{"node":">= 0.10.0"},"author":{"name":"fengmk2","email":"fengmk2@gmail.com","url":"http://fengmk2.github.com"},"license":"MIT","contributors":[{"name":"fengmk2","email":"fengmk2@gmail.com","url":"https://github.com/fengmk2"},{"name":"alsotang","email":"alsotang@gmail.com","url":"https://github.com/alsotang"},{"name":"dead-horse","email":"heyiyu.deadhorse@gmail.com","url":"https://github.com/dead-horse"},{"name":"hemanth","email":"hemanth.hm@gmail.com","url":"https://github.com/hemanth"}],"gitHead":"e8af1e58bf44665f099fd7fa41aa65776514e855","_id":"enable@1.2.0","_shasum":"8cc6df6523f84e55d3abba0614dc05e8de890620","_from":".","_npmVersion":"2.0.0","_npmUser":{"name":"fengmk2","email":"fengmk2@gmail.com"},"maintainers":[{"name":"fengmk2","email":"fengmk2@gmail.com"}],"dist":{"shasum":"8cc6df6523f84e55d3abba0614dc05e8de890620","tarball":"https://registry.npmjs.org/enable/-/enable-1.2.0.tgz"},"directories":{}},"1.3.0":{"name":"enable","version":"1.3.0","description":"Detect es6 features enable or not.","main":"index.js","scripts":{"test":"mocha --harmony --check-leaks -R spec -t 5000 -r should test/*.test.js","test-cov":"node --harmony node_modules/.bin/istanbul cover node_modules/.bin/_mocha -- --check-leaks -t 5000 -r should test/*.test.js","test-travis":"node --harmony node_modules/.bin/istanbul cover node_modules/.bin/_mocha --report lcovonly -- --check-leaks -t 5000 -r should test/*.test.js","jshint":"jshint .","autod":"autod -w --prefix '~' && npm run cnpm","cnpm":"npm install --registry=https://registry.npm.taobao.org","contributors":"contributors -f plain -o AUTHORS"},"dependencies":{},"devDependencies":{"autod":"*","contributors":"*","should":"*","jshint":"*","istanbul-harmony":"*","mocha":"*"},"homepage":"https://github.com/node-modules/enable","repository":{"type":"git","url":"git://github.com/node-modules/enable.git","web":"https://github.com/node-modules/enable"},"bugs":{"url":"https://github.com/node-modules/enable/issues","email":"fengmk2@gmail.com"},"keywords":["enable","es6","generator"],"engines":{"node":">= 0.10.0"},"author":{"name":"fengmk2","email":"fengmk2@gmail.com","url":"http://fengmk2.github.com"},"license":"MIT","contributors":[{"name":"fengmk2","email":"fengmk2@gmail.com","url":"https://github.com/fengmk2"},{"name":"alsotang","email":"alsotang@gmail.com","url":"https://github.com/alsotang"},{"name":"dead-horse","email":"heyiyu.deadhorse@gmail.com","url":"https://github.com/dead-horse"},{"name":"hemanth","email":"hemanth.hm@gmail.com","url":"https://github.com/hemanth"}],"gitHead":"b7147731e650cc77d637fec4b1e9d4a7975b7bd9","_id":"enable@1.3.0","_shasum":"de1a24d3e1395bf5e0d7fe24ed0c1ad9c8630754","_from":".","_npmVersion":"2.0.0","_npmUser":{"name":"fengmk2","email":"fengmk2@gmail.com"},"maintainers":[{"name":"fengmk2","email":"fengmk2@gmail.com"}],"dist":{"shasum":"de1a24d3e1395bf5e0d7fe24ed0c1ad9c8630754","tarball":"https://registry.npmjs.org/enable/-/enable-1.3.0.tgz"},"directories":{}},"1.3.1":{"name":"enable","version":"1.3.1","description":"Detect es6 features enable or not.","main":"index.js","scripts":{"test":"mocha --harmony --check-leaks -R spec -t 5000 -r should test/*.test.js","test-cov":"node --harmony node_modules/.bin/istanbul cover node_modules/.bin/_mocha -- --check-leaks -t 5000 -r should test/*.test.js","test-travis":"node --harmony node_modules/.bin/istanbul cover node_modules/.bin/_mocha --report lcovonly -- --check-leaks -t 5000 -r should test/*.test.js","jshint":"jshint .","autod":"autod -w --prefix '~' && npm run cnpm","cnpm":"npm install --registry=https://registry.npm.taobao.org","contributors":"contributors -f plain -o AUTHORS"},"dependencies":{},"devDependencies":{"autod":"*","contributors":"*","should":"*","jshint":"*","istanbul-harmony":"*","mocha":"*"},"homepage":"https://github.com/node-modules/enable","repository":{"type":"git","url":"git://github.com/node-modules/enable.git","web":"https://github.com/node-modules/enable"},"bugs":{"url":"https://github.com/node-modules/enable/issues","email":"fengmk2@gmail.com"},"keywords":["enable","es6","generator"],"engines":{"node":">= 0.10.0"},"author":{"name":"fengmk2","email":"fengmk2@gmail.com","url":"http://fengmk2.github.com"},"license":"MIT","contributors":[{"name":"fengmk2","email":"fengmk2@gmail.com","url":"https://github.com/fengmk2"},{"name":"alsotang","email":"alsotang@gmail.com","url":"https://github.com/alsotang"},{"name":"dead-horse","email":"heyiyu.deadhorse@gmail.com","url":"https://github.com/dead-horse"},{"name":"hemanth","email":"hemanth.hm@gmail.com","url":"https://github.com/hemanth"}],"gitHead":"6941d41beecb5191b6b08a3d9784cd5bab4df09d","_id":"enable@1.3.1","_shasum":"bbbf93682c5a03fb18daad744b566b54903cdd8c","_from":".","_npmVersion":"2.0.0","_npmUser":{"name":"fengmk2","email":"fengmk2@gmail.com"},"maintainers":[{"name":"fengmk2","email":"fengmk2@gmail.com"}],"dist":{"shasum":"bbbf93682c5a03fb18daad744b566b54903cdd8c","tarball":"https://registry.npmjs.org/enable/-/enable-1.3.1.tgz"},"directories":{}},"1.3.2":{"name":"enable","version":"1.3.2","description":"Detect es6 features enable or not.","main":"index.js","scripts":{"test":"mocha --harmony --check-leaks -R spec -t 5000 -r should test/*.test.js","test-cov":"node --harmony node_modules/.bin/istanbul cover node_modules/.bin/_mocha -- --check-leaks -t 5000 -r should test/*.test.js","test-travis":"node --harmony node_modules/.bin/istanbul cover node_modules/.bin/_mocha --report lcovonly -- --check-leaks -t 5000 -r should test/*.test.js","jshint":"jshint .","autod":"autod -w --prefix '~' && npm run cnpm","cnpm":"npm install --registry=https://registry.npm.taobao.org","contributors":"contributors -f plain -o AUTHORS"},"dependencies":{},"devDependencies":{"autod":"*","contributors":"*","should":"*","jshint":"*","istanbul-harmony":"*","mocha":"*"},"homepage":"https://github.com/node-modules/enable","repository":{"type":"git","url":"git://github.com/node-modules/enable.git","web":"https://github.com/node-modules/enable"},"bugs":{"url":"https://github.com/node-modules/enable/issues","email":"fengmk2@gmail.com"},"keywords":["enable","es6","generator"],"engines":{"node":">= 0.10.0"},"author":{"name":"fengmk2","email":"fengmk2@gmail.com","url":"http://fengmk2.github.com"},"license":"MIT","contributors":[{"name":"fengmk2","email":"fengmk2@gmail.com","url":"https://github.com/fengmk2"},{"name":"alsotang","email":"alsotang@gmail.com","url":"https://github.com/alsotang"},{"name":"dead-horse","email":"heyiyu.deadhorse@gmail.com","url":"https://github.com/dead-horse"},{"name":"hemanth","email":"hemanth.hm@gmail.com","url":"https://github.com/hemanth"}],"gitHead":"78ff75375447d9560022e643a9fd2829701c6c88","_id":"enable@1.3.2","_shasum":"9eba6837d16d0982b59f87d889bf754443d52931","_from":".","_npmVersion":"1.4.20","_npmUser":{"name":"hemanth","email":"hemanth.hm@gmail.com"},"maintainers":[{"name":"fengmk2","email":"fengmk2@gmail.com"},{"name":"hemanth","email":"hemanth.hm@gmail.com"}],"dist":{"shasum":"9eba6837d16d0982b59f87d889bf754443d52931","tarball":"https://registry.npmjs.org/enable/-/enable-1.3.2.tgz"},"directories":{}},"2.0.0":{"name":"enable","version":"2.0.0","description":"Detect es6 features enable or not.","main":"index.js","scripts":{"test":"mocha --harmony --check-leaks -R spec -t 5000 -r should test/*.test.js","test-cov":"node --harmony node_modules/.bin/istanbul cover node_modules/.bin/_mocha -- --check-leaks -t 5000 -r should test/*.test.js","test-travis":"node --harmony node_modules/.bin/istanbul cover node_modules/.bin/_mocha --report lcovonly -- --check-leaks -t 5000 -r should test/*.test.js","jshint":"jshint .","autod":"autod -w --prefix '~' && npm run cnpm","cnpm":"npm install --registry=https://registry.npm.taobao.org","contributors":"contributors -f plain -o AUTHORS"},"dependencies":{},"devDependencies":{"autod":"*","contributors":"*","should":"*","jshint":"*","istanbul-harmony":"*","mocha":"*"},"homepage":"https://github.com/node-modules/enable","repository":{"type":"git","url":"git://github.com/node-modules/enable.git","web":"https://github.com/node-modules/enable"},"bugs":{"url":"https://github.com/node-modules/enable/issues","email":"fengmk2@gmail.com"},"keywords":["enable","es6","generator"],"engines":{"node":">= 0.10.0"},"author":{"name":"fengmk2","email":"fengmk2@gmail.com","url":"http://fengmk2.github.com"},"license":"MIT","contributors":[{"name":"fengmk2","email":"fengmk2@gmail.com","url":"https://github.com/fengmk2"},{"name":"alsotang","email":"alsotang@gmail.com","url":"https://github.com/alsotang"},{"name":"dead-horse","email":"heyiyu.deadhorse@gmail.com","url":"https://github.com/dead-horse"},{"name":"hemanth","email":"hemanth.hm@gmail.com","url":"https://github.com/hemanth"}],"gitHead":"b9985f3aa0b573162f61df9760e81572932f6284","_id":"enable@2.0.0","_shasum":"a1b818f23b73765538e8adce706c37f5ff1b35d8","_from":".","_npmVersion":"1.4.28","_npmUser":{"name":"hemanth","email":"hemanth.hm@gmail.com"},"maintainers":[{"name":"fengmk2","email":"fengmk2@gmail.com"},{"name":"hemanth","email":"hemanth.hm@gmail.com"}],"dist":{"shasum":"a1b818f23b73765538e8adce706c37f5ff1b35d8","tarball":"https://registry.npmjs.org/enable/-/enable-2.0.0.tgz"},"directories":{}},"2.1.0":{"name":"enable","version":"2.1.0","description":"ES6 and ES7 feature detection.","main":"index.js","scripts":{"test":"mocha --harmony --check-leaks -R spec -t 5000 -r should test/*.test.js","test-cov":"node --harmony node_modules/.bin/istanbul cover node_modules/.bin/_mocha -- --check-leaks -t 5000 -r should test/*.test.js","test-travis":"node --harmony node_modules/.bin/istanbul cover node_modules/.bin/_mocha --report lcovonly -- --check-leaks -t 5000 -r should test/*.test.js","jshint":"jshint .","autod":"autod -w --prefix '~' && npm run cnpm","cnpm":"npm install --registry=https://registry.npm.taobao.org","contributors":"contributors -f plain -o AUTHORS"},"dependencies":{},"devDependencies":{"autod":"*","contributors":"*","should":"*","jshint":"*","istanbul-harmony":"*","mocha":"*"},"homepage":"https://github.com/node-modules/enable","repository":{"type":"git","url":"git://github.com/node-modules/enable.git","web":"https://github.com/node-modules/enable"},"bugs":{"url":"https://github.com/node-modules/enable/issues","email":"fengmk2@gmail.com"},"keywords":["enable","es6","es7","detect","generator"],"engines":{"node":">= 0.10.0"},"author":{"name":"fengmk2","email":"fengmk2@gmail.com","url":"http://fengmk2.github.com"},"license":"MIT","contributors":[{"name":"fengmk2","email":"fengmk2@gmail.com","url":"https://github.com/fengmk2"},{"name":"alsotang","email":"alsotang@gmail.com","url":"https://github.com/alsotang"},{"name":"dead-horse","email":"heyiyu.deadhorse@gmail.com","url":"https://github.com/dead-horse"},{"name":"hemanth","email":"hemanth.hm@gmail.com","url":"https://github.com/hemanth"}],"_id":"enable@2.1.0","dist":{"shasum":"cf24895f70dc71e89db7076c090dbd22298d64bb","tarball":"https://registry.npmjs.org/enable/-/enable-2.1.0.tgz"},"_from":".","_npmVersion":"1.3.11","_npmUser":{"name":"hemanth","email":"hemanth.hm@gmail.com"},"maintainers":[{"name":"fengmk2","email":"fengmk2@gmail.com"},{"name":"hemanth","email":"hemanth.hm@gmail.com"}],"directories":{}},"2.2.0":{"name":"enable","version":"2.2.0","description":"ES6 and ES7 feature detection.","main":"index.js","scripts":{"test":"mocha --harmony --check-leaks -R spec -t 5000 -r should test/*.test.js","test-cov":"node --harmony node_modules/.bin/istanbul cover node_modules/.bin/_mocha -- --check-leaks -t 5000 -r should test/*.test.js","test-travis":"node --harmony node_modules/.bin/istanbul cover node_modules/.bin/_mocha --report lcovonly -- --check-leaks -t 5000 -r should test/*.test.js","jshint":"jshint .","autod":"autod -w --prefix '~' && npm run cnpm","cnpm":"npm install --registry=https://registry.npm.taobao.org","contributors":"contributors -f plain -o AUTHORS"},"dependencies":{},"devDependencies":{"autod":"*","contributors":"*","should":"*","jshint":"*","istanbul-harmony":"*","mocha":"*"},"homepage":"https://github.com/node-modules/enable","repository":{"type":"git","url":"git://github.com/node-modules/enable.git","web":"https://github.com/node-modules/enable"},"bugs":{"url":"https://github.com/node-modules/enable/issues","email":"fengmk2@gmail.com"},"keywords":["enable","es6","es7","detect","generator"],"engines":{"node":">= 0.10.0"},"author":{"name":"fengmk2","email":"fengmk2@gmail.com","url":"http://fengmk2.github.com"},"license":"MIT","contributors":[{"name":"fengmk2","email":"fengmk2@gmail.com","url":"https://github.com/fengmk2"},{"name":"alsotang","email":"alsotang@gmail.com","url":"https://github.com/alsotang"},{"name":"dead-horse","email":"heyiyu.deadhorse@gmail.com","url":"https://github.com/dead-horse"},{"name":"hemanth","email":"hemanth.hm@gmail.com","url":"https://github.com/hemanth"}],"gitHead":"93e713fd2bdb8015edefea5a890ce60d62945164","_id":"enable@2.2.0","_shasum":"19472aed56d8be1005d637f10004e48ce25b016a","_from":".","_npmVersion":"1.4.28","_npmUser":{"name":"hemanth","email":"hemanth.hm@gmail.com"},"maintainers":[{"name":"fengmk2","email":"fengmk2@gmail.com"},{"name":"hemanth","email":"hemanth.hm@gmail.com"}],"dist":{"shasum":"19472aed56d8be1005d637f10004e48ce25b016a","tarball":"https://registry.npmjs.org/enable/-/enable-2.2.0.tgz"},"directories":{}},"2.3.0":{"name":"enable","version":"2.3.0","description":"ES6 and ES7 feature detection.","main":"index.js","scripts":{"test":"mocha --harmony --check-leaks -R spec -t 5000 -r should test/*.test.js","test-cov":"node --harmony node_modules/.bin/istanbul cover node_modules/.bin/_mocha -- --check-leaks -t 5000 -r should test/*.test.js","test-travis":"node --harmony node_modules/.bin/istanbul cover node_modules/.bin/_mocha --report lcovonly -- --check-leaks -t 5000 -r should test/*.test.js","jshint":"jshint .","autod":"autod -w --prefix '~' && npm run cnpm","cnpm":"npm install --registry=https://registry.npm.taobao.org","contributors":"contributors -f plain -o AUTHORS"},"dependencies":{},"devDependencies":{"autod":"*","contributors":"*","should":"*","jshint":"*","istanbul-harmony":"*","mocha":"*"},"homepage":"https://github.com/node-modules/enable","repository":{"type":"git","url":"git://github.com/node-modules/enable.git","web":"https://github.com/node-modules/enable"},"bugs":{"url":"https://github.com/node-modules/enable/issues","email":"fengmk2@gmail.com"},"keywords":["enable","es6","es7","detect","generator"],"engines":{"node":">= 0.10.0"},"author":{"name":"fengmk2","email":"fengmk2@gmail.com","url":"http://fengmk2.github.com"},"license":"MIT","contributors":[{"name":"fengmk2","email":"fengmk2@gmail.com","url":"https://github.com/fengmk2"},{"name":"alsotang","email":"alsotang@gmail.com","url":"https://github.com/alsotang"},{"name":"dead-horse","email":"heyiyu.deadhorse@gmail.com","url":"https://github.com/dead-horse"},{"name":"hemanth","email":"hemanth.hm@gmail.com","url":"https://github.com/hemanth"}],"gitHead":"fe9d21318cdc36d5d43223f5fc5ce06c5f893be8","_id":"enable@2.3.0","_shasum":"ff4f05c2a58ae39b25030ab08ae882b49123373f","_from":".","_npmVersion":"1.4.28","_npmUser":{"name":"hemanth","email":"hemanth.hm@gmail.com"},"maintainers":[{"name":"fengmk2","email":"fengmk2@gmail.com"},{"name":"hemanth","email":"hemanth.hm@gmail.com"}],"dist":{"shasum":"ff4f05c2a58ae39b25030ab08ae882b49123373f","tarball":"https://registry.npmjs.org/enable/-/enable-2.3.0.tgz"},"directories":{}},"2.3.1":{"name":"enable","version":"2.3.1","description":"ES6 and ES7 feature detection.","main":"index.js","scripts":{"test":"mocha --harmony --check-leaks -R spec -t 5000 -r should test/*.test.js","test-cov":"node --harmony node_modules/.bin/istanbul cover node_modules/.bin/_mocha -- --check-leaks -t 5000 -r should test/*.test.js","test-travis":"node --harmony node_modules/.bin/istanbul cover node_modules/.bin/_mocha --report lcovonly -- --check-leaks -t 5000 -r should test/*.test.js","jshint":"jshint .","autod":"autod -w --prefix '~' && npm run cnpm","cnpm":"npm install --registry=https://registry.npm.taobao.org","contributors":"contributors -f plain -o AUTHORS"},"dependencies":{},"devDependencies":{"autod":"*","contributors":"*","should":"*","jshint":"*","istanbul-harmony":"*","mocha":"*"},"homepage":"https://github.com/node-modules/enable","repository":{"type":"git","url":"git://github.com/node-modules/enable.git","web":"https://github.com/node-modules/enable"},"bugs":{"url":"https://github.com/node-modules/enable/issues","email":"fengmk2@gmail.com"},"keywords":["enable","es6","es7","detect","generator"],"engines":{"node":">= 0.10.0"},"author":{"name":"fengmk2","email":"fengmk2@gmail.com","url":"http://fengmk2.github.com"},"license":"MIT","contributors":[{"name":"fengmk2","email":"fengmk2@gmail.com","url":"https://github.com/fengmk2"},{"name":"alsotang","email":"alsotang@gmail.com","url":"https://github.com/alsotang"},{"name":"dead-horse","email":"heyiyu.deadhorse@gmail.com","url":"https://github.com/dead-horse"},{"name":"hemanth","email":"hemanth.hm@gmail.com","url":"https://github.com/hemanth"}],"_id":"enable@2.3.1","dist":{"shasum":"106a6e5d82ad94888310a09aa48b897c5d38055e","tarball":"https://registry.npmjs.org/enable/-/enable-2.3.1.tgz"},"_from":".","_npmVersion":"1.3.11","_npmUser":{"name":"hemanth","email":"hemanth.hm@gmail.com"},"maintainers":[{"name":"fengmk2","email":"fengmk2@gmail.com"},{"name":"hemanth","email":"hemanth.hm@gmail.com"}],"directories":{}},"3.0.0":{"name":"enable","version":"3.0.0","description":"ES6 and ES7 feature detection.","main":"index.js","scripts":{"test":"mocha --harmony --check-leaks -R spec -t 5000 -r should test/*.test.js","test-cov":"node --harmony node_modules/.bin/istanbul cover node_modules/.bin/_mocha -- --check-leaks -t 5000 -r should test/*.test.js","test-travis":"node --harmony node_modules/.bin/istanbul cover node_modules/.bin/_mocha --report lcovonly -- --check-leaks -t 5000 -r should test/*.test.js","jshint":"jshint .","autod":"autod -w --prefix '~' && npm run cnpm","cnpm":"npm install --registry=https://registry.npm.taobao.org","contributors":"contributors -f plain -o AUTHORS"},"dependencies":{},"devDependencies":{"autod":"*","contributors":"*","should":"*","jshint":"*","istanbul-harmony":"*","mocha":"*"},"homepage":"https://github.com/node-modules/enable","repository":{"type":"git","url":"git://github.com/node-modules/enable.git","web":"https://github.com/node-modules/enable"},"bugs":{"url":"https://github.com/node-modules/enable/issues","email":"fengmk2@gmail.com"},"keywords":["enable","es6","es7","detect","generator"],"engines":{"node":">= 0.10.0"},"author":{"name":"fengmk2","email":"fengmk2@gmail.com","url":"http://fengmk2.github.com"},"license":"MIT","contributors":[{"name":"fengmk2","email":"fengmk2@gmail.com","url":"https://github.com/fengmk2"},{"name":"alsotang","email":"alsotang@gmail.com","url":"https://github.com/alsotang"},{"name":"dead-horse","email":"heyiyu.deadhorse@gmail.com","url":"https://github.com/dead-horse"},{"name":"hemanth","email":"hemanth.hm@gmail.com","url":"https://github.com/hemanth"}],"_id":"enable@3.0.0","dist":{"shasum":"9a0c5721cbfa6f6fd38e44275079fb997c360539","tarball":"https://registry.npmjs.org/enable/-/enable-3.0.0.tgz"},"_from":".","_npmVersion":"1.3.22","_npmUser":{"name":"hemanth","email":"hemanth.hm@gmail.com"},"maintainers":[{"name":"fengmk2","email":"fengmk2@gmail.com"},{"name":"hemanth","email":"hemanth.hm@gmail.com"}],"directories":{}},"3.0.1":{"name":"enable","version":"3.0.1","description":"ES6 and ES7 feature detection.","main":"index.js","scripts":{"test":"mocha --harmony --check-leaks -R spec -t 5000 -r should test/*.test.js","test-cov":"node --harmony node_modules/.bin/istanbul cover node_modules/.bin/_mocha -- --check-leaks -t 5000 -r should test/*.test.js","test-travis":"node --harmony node_modules/.bin/istanbul cover node_modules/.bin/_mocha --report lcovonly -- --check-leaks -t 5000 -r should test/*.test.js","jshint":"jshint .","autod":"autod -w --prefix '~' && npm run cnpm","cnpm":"npm install --registry=https://registry.npm.taobao.org","contributors":"contributors -f plain -o AUTHORS"},"dependencies":{},"devDependencies":{"autod":"*","contributors":"*","should":"*","jshint":"*","istanbul-harmony":"*","mocha":"*"},"homepage":"https://github.com/node-modules/enable","repository":{"type":"git","url":"git://github.com/node-modules/enable.git","web":"https://github.com/node-modules/enable"},"bugs":{"url":"https://github.com/node-modules/enable/issues","email":"fengmk2@gmail.com"},"keywords":["enable","es6","es7","detect","generator"],"engines":{"node":">= 0.10.0"},"author":{"name":"fengmk2","email":"fengmk2@gmail.com","url":"http://fengmk2.github.com"},"license":"MIT","contributors":[{"name":"fengmk2","email":"fengmk2@gmail.com","url":"https://github.com/fengmk2"},{"name":"alsotang","email":"alsotang@gmail.com","url":"https://github.com/alsotang"},{"name":"dead-horse","email":"heyiyu.deadhorse@gmail.com","url":"https://github.com/dead-horse"},{"name":"hemanth","email":"hemanth.hm@gmail.com","url":"https://github.com/hemanth"}],"gitHead":"64c027f7ea3d0cecc859fb8c55d451ad52100e63","_id":"enable@3.0.1","_shasum":"0deff72a4d5c34c966e79e632aec49bf70f869fd","_from":".","_npmVersion":"1.4.28","_npmUser":{"name":"hemanth","email":"hemanth.hm@gmail.com"},"maintainers":[{"name":"fengmk2","email":"fengmk2@gmail.com"},{"name":"hemanth","email":"hemanth.hm@gmail.com"}],"dist":{"shasum":"0deff72a4d5c34c966e79e632aec49bf70f869fd","tarball":"https://registry.npmjs.org/enable/-/enable-3.0.1.tgz"},"directories":{}},"3.1.0":{"name":"enable","version":"3.1.0","description":"ES6 and ES7 feature detection.","main":"index.js","scripts":{"test":"mocha --harmony --check-leaks -R spec -t 5000 -r should test/*.test.js","test-cov":"node --harmony node_modules/.bin/istanbul cover node_modules/.bin/_mocha -- --check-leaks -t 5000 -r should test/*.test.js","test-travis":"node --harmony node_modules/.bin/istanbul cover node_modules/.bin/_mocha --report lcovonly -- --check-leaks -t 5000 -r should test/*.test.js","jshint":"jshint .","autod":"autod -w --prefix '~' && npm run cnpm","cnpm":"npm install --registry=https://registry.npm.taobao.org","contributors":"contributors -f plain -o AUTHORS"},"dependencies":{},"devDependencies":{"autod":"*","contributors":"*","should":"*","jshint":"*","istanbul-harmony":"*","mocha":"*"},"homepage":"https://github.com/node-modules/enable","repository":{"type":"git","url":"git://github.com/node-modules/enable.git","web":"https://github.com/node-modules/enable"},"bugs":{"url":"https://github.com/node-modules/enable/issues","email":"fengmk2@gmail.com"},"keywords":["enable","es6","es7","detect","generator"],"engines":{"node":">= 0.10.0"},"author":{"name":"fengmk2","email":"fengmk2@gmail.com","url":"http://fengmk2.github.com"},"license":"MIT","contributors":[{"name":"fengmk2","email":"fengmk2@gmail.com","url":"https://github.com/fengmk2"},{"name":"alsotang","email":"alsotang@gmail.com","url":"https://github.com/alsotang"},{"name":"dead-horse","email":"heyiyu.deadhorse@gmail.com","url":"https://github.com/dead-horse"},{"name":"hemanth","email":"hemanth.hm@gmail.com","url":"https://github.com/hemanth"}],"gitHead":"efd05e153ef03bb9075a79bd43b88573e321b2f6","_id":"enable@3.1.0","_shasum":"3c7842b8ed6f14716ef61b4b2b5bf65fe319911c","_from":".","_npmVersion":"2.0.0","_npmUser":{"name":"hemanth","email":"hemanth.hm@gmail.com"},"maintainers":[{"name":"fengmk2","email":"fengmk2@gmail.com"},{"name":"hemanth","email":"hemanth.hm@gmail.com"}],"dist":{"shasum":"3c7842b8ed6f14716ef61b4b2b5bf65fe319911c","tarball":"https://registry.npmjs.org/enable/-/enable-3.1.0.tgz"},"directories":{}},"3.2.0":{"name":"enable","version":"3.2.0","description":"ES6 and ES7 feature detection.","main":"index.js","scripts":{"test":"mocha --harmony --check-leaks -R spec -t 5000 -r should test/*.test.js","test-cov":"node --harmony node_modules/.bin/istanbul cover node_modules/.bin/_mocha -- --check-leaks -t 5000 -r should test/*.test.js","test-travis":"node --harmony node_modules/.bin/istanbul cover node_modules/.bin/_mocha --report lcovonly -- --check-leaks -t 5000 -r should test/*.test.js","jshint":"jshint .","autod":"autod -w --prefix '~' && npm run cnpm","cnpm":"npm install --registry=https://registry.npm.taobao.org","contributors":"contributors -f plain -o AUTHORS"},"dependencies":{},"devDependencies":{"autod":"*","contributors":"*","should":"*","jshint":"*","istanbul-harmony":"*","mocha":"*"},"homepage":"https://github.com/node-modules/enable","repository":{"type":"git","url":"git://github.com/node-modules/enable.git","web":"https://github.com/node-modules/enable"},"bugs":{"url":"https://github.com/node-modules/enable/issues","email":"fengmk2@gmail.com"},"keywords":["enable","es6","es7","detect","generator"],"engines":{"node":">= 0.10.0"},"author":{"name":"fengmk2","email":"fengmk2@gmail.com","url":"http://fengmk2.github.com"},"license":"MIT","contributors":[{"name":"fengmk2","email":"fengmk2@gmail.com","url":"https://github.com/fengmk2"},{"name":"alsotang","email":"alsotang@gmail.com","url":"https://github.com/alsotang"},{"name":"dead-horse","email":"heyiyu.deadhorse@gmail.com","url":"https://github.com/dead-horse"},{"name":"hemanth","email":"hemanth.hm@gmail.com","url":"https://github.com/hemanth"}],"gitHead":"fb196481bedd0588446d13c31e146a5150eef8eb","_id":"enable@3.2.0","_shasum":"c2b532573617fbc2285745f7edba40f44ce04674","_from":".","_npmVersion":"2.0.0","_npmUser":{"name":"hemanth","email":"hemanth.hm@gmail.com"},"maintainers":[{"name":"fengmk2","email":"fengmk2@gmail.com"},{"name":"hemanth","email":"hemanth.hm@gmail.com"}],"dist":{"shasum":"c2b532573617fbc2285745f7edba40f44ce04674","tarball":"https://registry.npmjs.org/enable/-/enable-3.2.0.tgz"},"directories":{}},"3.3.0":{"name":"enable","version":"3.3.0","description":"ES6 and ES7 feature detection.","main":"index.js","scripts":{"test":"mocha --harmony --check-leaks -R spec -t 5000 -r should test/*.test.js","test-cov":"node --harmony node_modules/.bin/istanbul cover node_modules/.bin/_mocha -- --check-leaks -t 5000 -r should test/*.test.js","test-travis":"node --harmony node_modules/.bin/istanbul cover node_modules/.bin/_mocha --report lcovonly -- --check-leaks -t 5000 -r should test/*.test.js","jshint":"jshint .","autod":"autod -w --prefix '~' && npm run cnpm","cnpm":"npm install --registry=https://registry.npm.taobao.org","contributors":"contributors -f plain -o AUTHORS"},"dependencies":{},"devDependencies":{"autod":"*","contributors":"*","should":"*","jshint":"*","istanbul-harmony":"*","mocha":"*"},"homepage":"https://github.com/node-modules/enable","repository":{"type":"git","url":"git://github.com/node-modules/enable.git","web":"https://github.com/node-modules/enable"},"bugs":{"url":"https://github.com/node-modules/enable/issues","email":"fengmk2@gmail.com"},"keywords":["enable","es6","es7","detect","generator"],"engines":{"node":">= 0.10.0"},"author":{"name":"fengmk2","email":"fengmk2@gmail.com","url":"http://fengmk2.github.com"},"license":"MIT","contributors":[{"name":"fengmk2","email":"fengmk2@gmail.com","url":"https://github.com/fengmk2"},{"name":"alsotang","email":"alsotang@gmail.com","url":"https://github.com/alsotang"},{"name":"dead-horse","email":"heyiyu.deadhorse@gmail.com","url":"https://github.com/dead-horse"},{"name":"hemanth","email":"hemanth.hm@gmail.com","url":"https://github.com/hemanth"}],"gitHead":"2af6043b5a618f142dabc0d9da8c60b2df574629","_id":"enable@3.3.0","_shasum":"36fc761c76069f2d5c18c1d0874bb451d071109f","_from":".","_npmVersion":"1.4.28","_npmUser":{"name":"hemanth","email":"hemanth.hm@gmail.com"},"maintainers":[{"name":"fengmk2","email":"fengmk2@gmail.com"},{"name":"hemanth","email":"hemanth.hm@gmail.com"}],"dist":{"shasum":"36fc761c76069f2d5c18c1d0874bb451d071109f","tarball":"https://registry.npmjs.org/enable/-/enable-3.3.0.tgz"},"directories":{}}},"readme":"enable\n=======\n\n[![NPM version][npm-image]][npm-url]\n[![build status][travis-image]][travis-url]\n[![Test coverage][coveralls-image]][coveralls-url]\n[![Gittip][gittip-image]][gittip-url]\n[![David deps][david-image]][david-url]\n[![node version][node-image]][node-url]\n[![npm download][download-image]][download-url]\n\n[npm-image]: https://img.shields.io/npm/v/enable.svg?style=flat-square\n[npm-url]: https://npmjs.org/package/enable\n[travis-image]: https://img.shields.io/travis/node-modules/enable.svg?style=flat-square\n[travis-url]: https://travis-ci.org/node-modules/enable\n[coveralls-image]: https://img.shields.io/coveralls/node-modules/enable.svg?style=flat-square\n[coveralls-url]: https://coveralls.io/r/node-modules/enable?branch=master\n[gittip-image]: https://img.shields.io/gittip/fengmk2.svg?style=flat-square\n[gittip-url]: https://www.gittip.com/fengmk2/\n[david-image]: https://img.shields.io/david/node-modules/enable.svg?style=flat-square\n[david-url]: https://david-dm.org/node-modules/enable\n[node-image]: https://img.shields.io/badge/node.js-%3E=_0.10-green.svg?style=flat-square\n[node-url]: http://nodejs.org/download/\n[download-image]: https://img.shields.io/npm/dm/enable.svg?style=flat-square\n[download-url]: https://npmjs.org/package/enable\n\nDetect [es6](http://kangax.github.io/compat-table/es6) and [es7](http://kangax.github.io/compat-table/es7)\nfeatures enable or not.\n\n## Install\n\n```bash\n$ npm install enable --save\n```\n\n## Usage\n\n```js\nvar enable = require('enable');\n\nif (enable.<feature>) {\n  console.log(<feature> is supported);\n}\n\n/* Example:\nif (enable.generator) {\n  console.log('supports generator: `function* a() {}`');\n}\n*/\n```\n\n## List of features:\n\n__Object related:__\n\n* Object.is\n* Object.assign\n* Object.getOwnPropertySymbols\n* Object.setPrototypeOf\n* Object.observe\n* Object.Object.getOwnPropertyDescriptors\n\n__String related:__\n\n* String.raw\n* String.fromCodePoint\n* String.prototype.codePointAt\n* String.prototype.normalize\n* String.prototype.repeat\n* String.prototype.startsWith\n* String.prototype.endsWith\n* String.prototype.contains\n* String.prototype.anchor\n* String.prototype.big\n* String.prototype.bold\n* String.prototype.fixed\n* String.prototype.fontcolor\n* String.prototype.fontsize\n* String.prototype.italics\n* String.prototype.link\n* String.prototype.small\n* String.prototype.strike\n* String.prototype.sub\n* String.prototype.sup\n\n__Number related:__\n\n* Number.isFinite\n* Number.isInteger\n* Number.isSafeInteger\n* Number.isNaN\n* Number.EPSILON\n* Number.MIN_SAFE_INTEGER\n\n__Math related:__\n\n* Math.clz32\n* Math.imul\n* Math.sign\n* Math.log10\n* Math.log2\n* Math.log1p\n* Math.expm1\n* Math.cosh\n* Math.sinh\n* Math.tanh\n* Math.acosh\n* Math.asinh\n* Math.atanh\n* Math.hypot\n* Math.trunc\n* Math.fround\n* Math.cbrt\n\n__RefExp methods:__\n\n* RegExp.prototype.match\n* RegExp.prototype.replace\n* RegExp.prototype.split\n* RegExp.prototype.search\n\n__Map related:__\n\n* Map \n* Map.prototype.size \n* Map.prototype.get \n* Map.prototype.has \n* Map.prototype.set \n* Map.prototype.delete \n* Map.prototype.keys \n* Map.prototype.values \n* Map.prototype.clear \n* Map.prototype.forEach\n* Map.prototype.entries \n\n__WeakMap related:__\n\n* WeakMap\n* WeakMap.length\n* WeakMap.prototype.constructor\n* WeakMap.prototype.get\n* WeakMap.prototype.set\n* WeakMap.prototype.has\n* WeakMap.prototype.delete\n* WeakMap.prototype.clear\n\n__Set related:__\n\n* Set\n* Set.prototype.constructor\n* Set.prototype.size\n* Set.prototype.add\n* Set.prototype.has\n* Set.prototype.delete\n* Set.prototype.clear\n* Set.prototype.forEach\n* Set.prototype.entries\n* Set.prototype.keys\n* Set.prototype.values\n\n__WeakSet related:__\n\n* WeakSet\n* WeakSet.prototype.constructor\n* WeakSet.prototype.add\n* WeakSet.prototype.has\n* WeakSet.prototype.delete\n* WeakSet.prototype.clear\n\n__Array related:__\n\n* Array.from\n* Array.of\n* Array.prototype.copyWithin\n* Array.prototype.find\n* Array.prototype.findIndex\n* Array.prototype.fill\n* Array.prototype.keys\n* Array.prototype.values\n* Array.prototype.entries\n\n__Others:__\n\n* generator.\n* let.\n* const.\n* Promise.\n* class.\n\n## Test\n\n```bash\n$ npm install\n$ npm test\n```\n\n### Coverage\n\n```bash\n$ npm test-cov\n```\n","maintainers":[{"name":"fengmk2","email":"fengmk2@gmail.com"},{"name":"hemanth","email":"hemanth.hm@gmail.com"}],"time":{"modified":"2014-12-25T11:52:59.692Z","created":"2014-10-29T17:32:10.049Z","1.0.0":"2014-10-29T17:32:10.049Z","1.0.1":"2014-10-29T17:43:27.493Z","1.0.2":"2014-10-30T06:18:59.196Z","1.1.0":"2014-10-30T15:41:18.176Z","1.2.0":"2014-10-31T10:16:32.899Z","1.3.0":"2014-11-10T03:54:22.356Z","1.3.1":"2014-11-10T09:50:30.541Z","1.3.2":"2014-11-11T12:40:41.357Z","2.0.0":"2014-11-16T07:29:04.965Z","2.1.0":"2014-11-17T03:50:57.439Z","2.2.0":"2014-11-19T13:07:21.599Z","2.3.0":"2014-12-02T11:48:07.213Z","2.3.1":"2014-12-08T09:32:44.421Z","3.0.0":"2014-12-09T12:38:15.246Z","3.0.1":"2014-12-09T12:42:28.542Z","3.1.0":"2014-12-09T14:34:55.631Z","3.2.0":"2014-12-13T06:21:23.262Z","3.3.0":"2014-12-25T11:52:59.692Z"},"homepage":"https://github.com/node-modules/enable","keywords":["enable","es6","es7","detect","generator"],"repository":{"type":"git","url":"git://github.com/node-modules/enable.git","web":"https://github.com/node-modules/enable"},"contributors":[{"name":"fengmk2","email":"fengmk2@gmail.com","url":"https://github.com/fengmk2"},{"name":"alsotang","email":"alsotang@gmail.com","url":"https://github.com/alsotang"},{"name":"dead-horse","email":"heyiyu.deadhorse@gmail.com","url":"https://github.com/dead-horse"},{"name":"hemanth","email":"hemanth.hm@gmail.com","url":"https://github.com/hemanth"}],"author":{"name":"fengmk2","email":"fengmk2@gmail.com","url":"http://fengmk2.github.com"},"bugs":{"url":"https://github.com/node-modules/enable/issues","email":"fengmk2@gmail.com"},"license":"MIT","readmeFilename":"README.md","_attachments":{},"_etag":"W/\"549bfa9b-a6fd\"","_lastModified":"Thu, 25 Dec 2014 11:52:59 GMT","_cached":true}