{"_id":"mime-types","_rev":"3302565","name":"mime-types","description":"The ultimate javascript content-type utility.","dist-tags":{"latest":"2.1.15"},"maintainers":[{"name":"dougwilson","email":"doug@somethingdoug.com"},{"name":"fishrock123","email":"fishrock123@rocketmail.com"},{"name":"jongleberry","email":"jonathanrichardong@gmail.com"}],"time":{"modified":"2017-03-27T11:13:13.000Z","created":"2014-05-02T15:54:00.885Z","2.1.15":"2017-03-24T03:55:55.438Z","2.1.14":"2017-01-15T05:29:02.108Z","2.1.13":"2016-11-18T21:39:28.247Z","2.1.12":"2016-09-18T22:23:37.122Z","2.1.11":"2016-05-02T05:02:47.292Z","2.1.10":"2016-02-15T22:27:21.187Z","2.1.9":"2016-01-06T17:52:14.411Z","2.1.8":"2015-12-01T05:55:42.054Z","2.1.7":"2015-09-20T18:44:04.903Z","2.1.6":"2015-09-04T00:14:46.978Z","2.1.5":"2015-08-20T18:14:08.205Z","2.1.4":"2015-07-31T01:37:15.784Z","2.1.3":"2015-07-13T22:21:31.913Z","2.1.2":"2015-06-26T02:31:38.715Z","2.1.1":"2015-06-08T14:30:21.703Z","2.1.0":"2015-06-08T03:53:55.197Z","2.0.14":"2015-06-06T22:55:10.695Z","2.0.13":"2015-06-01T04:37:42.299Z","2.0.12":"2015-05-20T03:10:38.358Z","2.0.11":"2015-05-05T16:56:57.397Z","2.0.10":"2015-03-14T00:57:09.091Z","2.0.9":"2015-02-10T05:07:45.349Z","2.0.8":"2015-01-30T04:58:29.008Z","2.0.7":"2014-12-30T20:27:02.217Z","2.0.6":"2014-12-30T17:41:58.705Z","2.0.5":"2014-12-29T19:57:28.126Z","2.0.4":"2014-12-10T17:57:57.684Z","2.0.3":"2014-11-09T18:09:36.046Z","2.0.2":"2014-09-29T01:50:31.565Z","2.0.1":"2014-09-08T05:02:04.030Z","2.0.0":"2014-09-02T08:32:26.198Z","1.0.2":"2014-08-04T03:44:33.290Z","1.0.1":"2014-06-24T20:45:58.288Z","1.0.0":"2014-05-12T20:00:39.325Z","0.1.0":"2014-05-02T15:54:00.885Z"},"users":{"maxogden":true,"byossarian":true,"goodseller":true,"flyslow":true,"svell":true,"chrisyipw":true,"xgheaven":true,"jakub.knejzlik":true,"h0ward":true,"jessaustin":true,"galenandrew":true,"esundahl":true,"mjurincic":true,"gollojs":true,"jerkovicl":true,"cspotcode":true,"r3nya":true,"buzz-dee":true,"germanattanasio":true,"noderat":true,"mastayoda":true,"zolrath":true,"danielbankhead":true,"shaner":true,"davidbraun":true,"gld1982ltd":true,"moimikey":true,"marcellodesales":true,"glebec":true,"pablo.tavarez":true,"iori20091101":true,"danielbayley":true,"wisecolt":true,"byoigres":true,"mojaray2k":true,"maheshj":true,"wgerven":true,"finnhvman":true,"anoubis":true,"kimstreamme":true,"sitnin":true,"zixinliango":true,"benhuang":true,"rocket0191":true,"quafoo":true,"marinru":true,"dankle":true,"papasavva":true,"xinwangwang":true},"repository":{"type":"git","url":"git+https://github.com/jshttp/mime-types.git"},"versions":{"2.1.15":{"name":"mime-types","description":"The ultimate javascript content-type utility.","version":"2.1.15","contributors":[{"name":"Douglas Christopher Wilson","email":"doug@somethingdoug.com"},{"name":"Jeremiah Senkpiel","email":"fishrock123@rocketmail.com","url":"https://searchbeam.jit.su"},{"name":"Jonathan Ong","email":"me@jongleberry.com","url":"http://jongleberry.com"}],"license":"MIT","keywords":["mime","types"],"repository":{"type":"git","url":"git+https://github.com/jshttp/mime-types.git"},"dependencies":{"mime-db":"~1.27.0"},"devDependencies":{"eslint":"3.18.0","eslint-config-standard":"7.1.0","eslint-plugin-promise":"3.5.0","eslint-plugin-standard":"2.1.1","istanbul":"0.4.5","mocha":"1.21.5"},"files":["HISTORY.md","LICENSE","index.js"],"engines":{"node":">= 0.6"},"scripts":{"lint":"eslint .","test":"mocha --reporter spec test/test.js","test-cov":"istanbul cover node_modules/mocha/bin/_mocha -- --reporter dot test/test.js","test-travis":"istanbul cover node_modules/mocha/bin/_mocha --report lcovonly -- --reporter dot test/test.js"},"gitHead":"c44863eb0463ee16f3eb04576591cc4c4d6b214c","bugs":{"url":"https://github.com/jshttp/mime-types/issues"},"homepage":"https://github.com/jshttp/mime-types#readme","_id":"mime-types@2.1.15","_shasum":"a4ebf5064094569237b8cf70046776d09fc92aed","_from":".","_npmVersion":"2.15.11","_nodeVersion":"4.7.3","_npmUser":{"name":"dougwilson","email":"doug@somethingdoug.com"},"dist":{"shasum":"a4ebf5064094569237b8cf70046776d09fc92aed","size":4512,"noattachment":false,"tarball":"http://registry.npm.taobao.org/mime-types/download/mime-types-2.1.15.tgz"},"maintainers":[{"name":"dougwilson","email":"doug@somethingdoug.com"},{"name":"fishrock123","email":"fishrock123@rocketmail.com"},{"name":"jongleberry","email":"jonathanrichardong@gmail.com"}],"_npmOperationalInternal":{"host":"packages-12-west.internal.npmjs.com","tmp":"tmp/mime-types-2.1.15.tgz_1490327753615_0.3609113476704806"},"directories":{},"publish_time":1490327755438,"_cnpm_publish_time":1490327755438,"_hasShrinkwrap":false},"2.1.14":{"name":"mime-types","description":"The ultimate javascript content-type utility.","version":"2.1.14","contributors":[{"name":"Douglas Christopher Wilson","email":"doug@somethingdoug.com"},{"name":"Jeremiah Senkpiel","email":"fishrock123@rocketmail.com","url":"https://searchbeam.jit.su"},{"name":"Jonathan Ong","email":"me@jongleberry.com","url":"http://jongleberry.com"}],"license":"MIT","keywords":["mime","types"],"repository":{"type":"git","url":"git+https://github.com/jshttp/mime-types.git"},"dependencies":{"mime-db":"~1.26.0"},"devDependencies":{"eslint":"3.13.1","eslint-config-standard":"6.2.1","eslint-plugin-promise":"3.4.0","eslint-plugin-standard":"2.0.1","istanbul":"0.4.5","mocha":"1.21.5"},"files":["HISTORY.md","LICENSE","index.js"],"engines":{"node":">= 0.6"},"scripts":{"lint":"eslint .","test":"mocha --reporter spec test/test.js","test-cov":"istanbul cover node_modules/mocha/bin/_mocha -- --reporter dot test/test.js","test-travis":"istanbul cover node_modules/mocha/bin/_mocha --report lcovonly -- --reporter dot test/test.js"},"gitHead":"d7d15e50fe6b3a2da79d855015d25efa50e9f157","bugs":{"url":"https://github.com/jshttp/mime-types/issues"},"homepage":"https://github.com/jshttp/mime-types#readme","_id":"mime-types@2.1.14","_shasum":"f7ef7d97583fcaf3b7d282b6f8b5679dab1e94ee","_from":".","_npmVersion":"2.15.9","_nodeVersion":"4.6.1","_npmUser":{"name":"dougwilson","email":"doug@somethingdoug.com"},"dist":{"shasum":"f7ef7d97583fcaf3b7d282b6f8b5679dab1e94ee","size":4382,"noattachment":false,"tarball":"http://registry.npm.taobao.org/mime-types/download/mime-types-2.1.14.tgz"},"maintainers":[{"name":"dougwilson","email":"doug@somethingdoug.com"},{"name":"fishrock123","email":"fishrock123@rocketmail.com"},{"name":"jongleberry","email":"jonathanrichardong@gmail.com"}],"_npmOperationalInternal":{"host":"packages-18-east.internal.npmjs.com","tmp":"tmp/mime-types-2.1.14.tgz_1484458141358_0.7563668976072222"},"directories":{},"publish_time":1484458142108,"_cnpm_publish_time":1484458142108,"_hasShrinkwrap":false},"2.1.13":{"name":"mime-types","description":"The ultimate javascript content-type utility.","version":"2.1.13","contributors":[{"name":"Douglas Christopher Wilson","email":"doug@somethingdoug.com"},{"name":"Jeremiah Senkpiel","email":"fishrock123@rocketmail.com","url":"https://searchbeam.jit.su"},{"name":"Jonathan Ong","email":"me@jongleberry.com","url":"http://jongleberry.com"}],"license":"MIT","keywords":["mime","types"],"repository":{"type":"git","url":"https://github.com/jshttp/mime-types"},"dependencies":{"mime-db":"~1.25.0"},"devDependencies":{"eslint":"3.10.2","eslint-config-standard":"6.2.1","eslint-plugin-promise":"3.4.0","eslint-plugin-standard":"2.0.1","istanbul":"0.4.5","mocha":"1.21.5"},"files":["HISTORY.md","LICENSE","index.js"],"engines":{"node":">= 0.6"},"scripts":{"lint":"eslint .","test":"mocha --reporter spec test/test.js","test-cov":"istanbul cover node_modules/mocha/bin/_mocha -- --reporter dot test/test.js","test-travis":"istanbul cover node_modules/mocha/bin/_mocha --report lcovonly -- --reporter dot test/test.js"},"gitHead":"83e91a5aea93858bc95ec95a99309592cba0ffe3","bugs":{"url":"https://github.com/jshttp/mime-types/issues"},"homepage":"https://github.com/jshttp/mime-types","_id":"mime-types@2.1.13","_shasum":"e07aaa9c6c6b9a7ca3012c69003ad25a39e92a88","_from":".","_npmVersion":"1.4.28","_npmUser":{"name":"dougwilson","email":"doug@somethingdoug.com"},"maintainers":[{"name":"dougwilson","email":"doug@somethingdoug.com"},{"name":"fishrock123","email":"fishrock123@rocketmail.com"},{"name":"jongleberry","email":"jonathanrichardong@gmail.com"}],"dist":{"shasum":"e07aaa9c6c6b9a7ca3012c69003ad25a39e92a88","size":4376,"noattachment":false,"tarball":"http://registry.npm.taobao.org/mime-types/download/mime-types-2.1.13.tgz"},"_npmOperationalInternal":{"host":"packages-12-west.internal.npmjs.com","tmp":"tmp/mime-types-2.1.13.tgz_1479505166253_0.5666956284549087"},"directories":{},"publish_time":1479505168247,"_cnpm_publish_time":1479505168247,"_hasShrinkwrap":false},"2.1.12":{"name":"mime-types","description":"The ultimate javascript content-type utility.","version":"2.1.12","contributors":[{"name":"Douglas Christopher Wilson","email":"doug@somethingdoug.com"},{"name":"Jeremiah Senkpiel","email":"fishrock123@rocketmail.com","url":"https://searchbeam.jit.su"},{"name":"Jonathan Ong","email":"me@jongleberry.com","url":"http://jongleberry.com"}],"license":"MIT","keywords":["mime","types"],"repository":{"type":"git","url":"git+https://github.com/jshttp/mime-types.git"},"dependencies":{"mime-db":"~1.24.0"},"devDependencies":{"eslint":"3.5.0","eslint-config-standard":"6.0.1","eslint-plugin-promise":"2.0.1","eslint-plugin-standard":"2.0.0","istanbul":"0.4.5","mocha":"1.21.5"},"files":["HISTORY.md","LICENSE","index.js"],"engines":{"node":">= 0.6"},"scripts":{"lint":"eslint **/*.js","test":"mocha --reporter spec test/test.js","test-cov":"istanbul cover node_modules/mocha/bin/_mocha -- --reporter dot test/test.js","test-travis":"istanbul cover node_modules/mocha/bin/_mocha --report lcovonly -- --reporter dot test/test.js"},"gitHead":"7193a9094e2efe31da93988350bb0b32ab18b1ea","bugs":{"url":"https://github.com/jshttp/mime-types/issues"},"homepage":"https://github.com/jshttp/mime-types#readme","_id":"mime-types@2.1.12","_shasum":"152ba256777020dd4663f54c2e7bc26381e71729","_from":".","_npmVersion":"2.15.9","_nodeVersion":"4.5.0","_npmUser":{"name":"dougwilson","email":"doug@somethingdoug.com"},"dist":{"shasum":"152ba256777020dd4663f54c2e7bc26381e71729","size":4375,"noattachment":false,"tarball":"http://registry.npm.taobao.org/mime-types/download/mime-types-2.1.12.tgz"},"maintainers":[{"name":"dougwilson","email":"doug@somethingdoug.com"},{"name":"fishrock123","email":"fishrock123@rocketmail.com"},{"name":"jongleberry","email":"jonathanrichardong@gmail.com"}],"_npmOperationalInternal":{"host":"packages-12-west.internal.npmjs.com","tmp":"tmp/mime-types-2.1.12.tgz_1474237415119_0.03028594213537872"},"directories":{},"publish_time":1474237417122,"_cnpm_publish_time":1474237417122,"_hasShrinkwrap":false},"2.1.11":{"name":"mime-types","description":"The ultimate javascript content-type utility.","version":"2.1.11","contributors":[{"name":"Douglas Christopher Wilson","email":"doug@somethingdoug.com"},{"name":"Jeremiah Senkpiel","email":"fishrock123@rocketmail.com","url":"https://searchbeam.jit.su"},{"name":"Jonathan Ong","email":"me@jongleberry.com","url":"http://jongleberry.com"}],"license":"MIT","keywords":["mime","types"],"repository":{"type":"git","url":"git+https://github.com/jshttp/mime-types.git"},"dependencies":{"mime-db":"~1.23.0"},"devDependencies":{"istanbul":"0.4.3","mocha":"1.21.5"},"files":["HISTORY.md","LICENSE","index.js"],"engines":{"node":">= 0.6"},"scripts":{"test":"mocha --reporter spec test/test.js","test-cov":"istanbul cover node_modules/mocha/bin/_mocha -- --reporter dot test/test.js","test-travis":"istanbul cover node_modules/mocha/bin/_mocha --report lcovonly -- --reporter dot test/test.js"},"gitHead":"298ffcf490a5d6e60edea7bf7a69036df04846b1","bugs":{"url":"https://github.com/jshttp/mime-types/issues"},"homepage":"https://github.com/jshttp/mime-types#readme","_id":"mime-types@2.1.11","_shasum":"c259c471bda808a85d6cd193b430a5fae4473b3c","_from":".","_npmVersion":"2.15.1","_nodeVersion":"4.4.3","_npmUser":{"name":"dougwilson","email":"doug@somethingdoug.com"},"dist":{"shasum":"c259c471bda808a85d6cd193b430a5fae4473b3c","size":4279,"noattachment":false,"tarball":"http://registry.npm.taobao.org/mime-types/download/mime-types-2.1.11.tgz"},"maintainers":[{"name":"dougwilson","email":"doug@somethingdoug.com"},{"name":"fishrock123","email":"fishrock123@rocketmail.com"},{"name":"jongleberry","email":"jonathanrichardong@gmail.com"}],"_npmOperationalInternal":{"host":"packages-12-west.internal.npmjs.com","tmp":"tmp/mime-types-2.1.11.tgz_1462165365027_0.7217204745393246"},"directories":{},"publish_time":1462165367292,"_cnpm_publish_time":1462165367292,"_hasShrinkwrap":false},"2.1.10":{"name":"mime-types","description":"The ultimate javascript content-type utility.","version":"2.1.10","contributors":[{"name":"Douglas Christopher Wilson","email":"doug@somethingdoug.com"},{"name":"Jeremiah Senkpiel","email":"fishrock123@rocketmail.com","url":"https://searchbeam.jit.su"},{"name":"Jonathan Ong","email":"me@jongleberry.com","url":"http://jongleberry.com"}],"license":"MIT","keywords":["mime","types"],"repository":{"type":"git","url":"git+https://github.com/jshttp/mime-types.git"},"dependencies":{"mime-db":"~1.22.0"},"devDependencies":{"istanbul":"0.4.2","mocha":"1.21.5"},"files":["HISTORY.md","LICENSE","index.js"],"engines":{"node":">= 0.6"},"scripts":{"test":"mocha --reporter spec test/test.js","test-cov":"istanbul cover node_modules/mocha/bin/_mocha -- --reporter dot test/test.js","test-travis":"istanbul cover node_modules/mocha/bin/_mocha --report lcovonly -- --reporter dot test/test.js"},"gitHead":"70785d38e9cc251137b00f73ab3d3257c4aea203","bugs":{"url":"https://github.com/jshttp/mime-types/issues"},"homepage":"https://github.com/jshttp/mime-types#readme","_id":"mime-types@2.1.10","_shasum":"b93c7cb4362e16d41072a7e54538fb4d43070837","_from":".","_npmVersion":"2.14.7","_nodeVersion":"4.2.3","_npmUser":{"name":"dougwilson","email":"doug@somethingdoug.com"},"dist":{"shasum":"b93c7cb4362e16d41072a7e54538fb4d43070837","size":4266,"noattachment":false,"tarball":"http://registry.npm.taobao.org/mime-types/download/mime-types-2.1.10.tgz"},"maintainers":[{"name":"dougwilson","email":"doug@somethingdoug.com"},{"name":"fishrock123","email":"fishrock123@rocketmail.com"},{"name":"jongleberry","email":"jonathanrichardong@gmail.com"}],"_npmOperationalInternal":{"host":"packages-9-west.internal.npmjs.com","tmp":"tmp/mime-types-2.1.10.tgz_1455575237256_0.9163766100537032"},"directories":{},"publish_time":1455575241187,"_cnpm_publish_time":1455575241187,"_hasShrinkwrap":false},"2.1.9":{"name":"mime-types","description":"The ultimate javascript content-type utility.","version":"2.1.9","contributors":[{"name":"Douglas Christopher Wilson","email":"doug@somethingdoug.com"},{"name":"Jeremiah Senkpiel","email":"fishrock123@rocketmail.com","url":"https://searchbeam.jit.su"},{"name":"Jonathan Ong","email":"me@jongleberry.com","url":"http://jongleberry.com"}],"license":"MIT","keywords":["mime","types"],"repository":{"type":"git","url":"https://github.com/jshttp/mime-types"},"dependencies":{"mime-db":"~1.21.0"},"devDependencies":{"istanbul":"0.4.1","mocha":"~1.21.5"},"files":["HISTORY.md","LICENSE","index.js"],"engines":{"node":">= 0.6"},"scripts":{"test":"mocha --reporter spec test/test.js","test-cov":"istanbul cover node_modules/mocha/bin/_mocha -- --reporter dot test/test.js","test-travis":"istanbul cover node_modules/mocha/bin/_mocha --report lcovonly -- --reporter dot test/test.js"},"gitHead":"329f1c77e1a77c8fac59b15038e3808e9e314d96","bugs":{"url":"https://github.com/jshttp/mime-types/issues"},"homepage":"https://github.com/jshttp/mime-types","_id":"mime-types@2.1.9","_shasum":"dfb396764b5fdf75be34b1f4104bc3687fb635f8","_from":".","_npmVersion":"1.4.28","_npmUser":{"name":"dougwilson","email":"doug@somethingdoug.com"},"maintainers":[{"name":"dougwilson","email":"doug@somethingdoug.com"},{"name":"fishrock123","email":"fishrock123@rocketmail.com"},{"name":"jongleberry","email":"jonathanrichardong@gmail.com"}],"dist":{"shasum":"dfb396764b5fdf75be34b1f4104bc3687fb635f8","size":4215,"noattachment":false,"tarball":"http://registry.npm.taobao.org/mime-types/download/mime-types-2.1.9.tgz"},"directories":{},"publish_time":1452102734411,"_cnpm_publish_time":1452102734411,"_hasShrinkwrap":false},"2.1.8":{"name":"mime-types","description":"The ultimate javascript content-type utility.","version":"2.1.8","contributors":[{"name":"Douglas Christopher Wilson","email":"doug@somethingdoug.com"},{"name":"Jeremiah Senkpiel","email":"fishrock123@rocketmail.com","url":"https://searchbeam.jit.su"},{"name":"Jonathan Ong","email":"me@jongleberry.com","url":"http://jongleberry.com"}],"license":"MIT","keywords":["mime","types"],"repository":{"type":"git","url":"https://github.com/jshttp/mime-types"},"dependencies":{"mime-db":"~1.20.0"},"devDependencies":{"istanbul":"0.4.1","mocha":"~1.21.5"},"files":["HISTORY.md","LICENSE","index.js"],"engines":{"node":">= 0.6"},"scripts":{"test":"mocha --reporter spec test/test.js","test-cov":"istanbul cover node_modules/mocha/bin/_mocha -- --reporter dot test/test.js","test-travis":"istanbul cover node_modules/mocha/bin/_mocha --report lcovonly -- --reporter dot test/test.js"},"gitHead":"100876a23fab896d8cf0d904fc9778dbdfc1695b","bugs":{"url":"https://github.com/jshttp/mime-types/issues"},"homepage":"https://github.com/jshttp/mime-types","_id":"mime-types@2.1.8","_shasum":"faf57823de04bc7cbff4ee82c6b63946e812ae72","_from":".","_npmVersion":"1.4.28","_npmUser":{"name":"dougwilson","email":"doug@somethingdoug.com"},"maintainers":[{"name":"dougwilson","email":"doug@somethingdoug.com"},{"name":"fishrock123","email":"fishrock123@rocketmail.com"},{"name":"jongleberry","email":"jonathanrichardong@gmail.com"}],"dist":{"shasum":"faf57823de04bc7cbff4ee82c6b63946e812ae72","size":4204,"noattachment":false,"tarball":"http://registry.npm.taobao.org/mime-types/download/mime-types-2.1.8.tgz"},"directories":{},"publish_time":1448949342054,"_cnpm_publish_time":1448949342054,"_hasShrinkwrap":false},"2.1.7":{"name":"mime-types","description":"The ultimate javascript content-type utility.","version":"2.1.7","contributors":[{"name":"Douglas Christopher Wilson","email":"doug@somethingdoug.com"},{"name":"Jeremiah Senkpiel","email":"fishrock123@rocketmail.com","url":"https://searchbeam.jit.su"},{"name":"Jonathan Ong","email":"me@jongleberry.com","url":"http://jongleberry.com"}],"license":"MIT","keywords":["mime","types"],"repository":{"type":"git","url":"https://github.com/jshttp/mime-types"},"dependencies":{"mime-db":"~1.19.0"},"devDependencies":{"istanbul":"0.3.20","mocha":"~1.21.5"},"files":["HISTORY.md","LICENSE","index.js"],"engines":{"node":">= 0.6"},"scripts":{"test":"mocha --reporter spec test/test.js","test-cov":"istanbul cover node_modules/mocha/bin/_mocha -- --reporter dot test/test.js","test-travis":"istanbul cover node_modules/mocha/bin/_mocha --report lcovonly -- --reporter dot test/test.js"},"gitHead":"43f860c7df4a70246272194d601348865d550298","bugs":{"url":"https://github.com/jshttp/mime-types/issues"},"homepage":"https://github.com/jshttp/mime-types","_id":"mime-types@2.1.7","_shasum":"ff603970e3c731ef6f7f4df3c9a0f463a13c2755","_from":".","_npmVersion":"1.4.28","_npmUser":{"name":"dougwilson","email":"doug@somethingdoug.com"},"maintainers":[{"name":"dougwilson","email":"doug@somethingdoug.com"},{"name":"fishrock123","email":"fishrock123@rocketmail.com"},{"name":"jongleberry","email":"jonathanrichardong@gmail.com"}],"dist":{"shasum":"ff603970e3c731ef6f7f4df3c9a0f463a13c2755","size":4189,"noattachment":false,"tarball":"http://registry.npm.taobao.org/mime-types/download/mime-types-2.1.7.tgz"},"directories":{},"publish_time":1442774644903,"_cnpm_publish_time":1442774644903,"_hasShrinkwrap":false},"2.1.6":{"name":"mime-types","description":"The ultimate javascript content-type utility.","version":"2.1.6","contributors":[{"name":"Douglas Christopher Wilson","email":"doug@somethingdoug.com"},{"name":"Jeremiah Senkpiel","email":"fishrock123@rocketmail.com","url":"https://searchbeam.jit.su"},{"name":"Jonathan Ong","email":"me@jongleberry.com","url":"http://jongleberry.com"}],"license":"MIT","keywords":["mime","types"],"repository":{"type":"git","url":"https://github.com/jshttp/mime-types"},"dependencies":{"mime-db":"~1.18.0"},"devDependencies":{"istanbul":"0.3.19","mocha":"~1.21.5"},"files":["HISTORY.md","LICENSE","index.js"],"engines":{"node":">= 0.6"},"scripts":{"test":"mocha --reporter spec test/test.js","test-cov":"istanbul cover node_modules/mocha/bin/_mocha -- --reporter dot test/test.js","test-travis":"istanbul cover node_modules/mocha/bin/_mocha --report lcovonly -- --reporter dot test/test.js"},"gitHead":"8bfa7c2c9a4ad07f5807c7a0e547e0246155944d","bugs":{"url":"https://github.com/jshttp/mime-types/issues"},"homepage":"https://github.com/jshttp/mime-types","_id":"mime-types@2.1.6","_shasum":"949f8788411864ddc70948a0f21c43f29d25667c","_from":".","_npmVersion":"1.4.28","_npmUser":{"name":"dougwilson","email":"doug@somethingdoug.com"},"maintainers":[{"name":"dougwilson","email":"doug@somethingdoug.com"},{"name":"fishrock123","email":"fishrock123@rocketmail.com"},{"name":"jongleberry","email":"jonathanrichardong@gmail.com"}],"dist":{"shasum":"949f8788411864ddc70948a0f21c43f29d25667c","size":4178,"noattachment":false,"tarball":"http://registry.npm.taobao.org/mime-types/download/mime-types-2.1.6.tgz"},"directories":{},"publish_time":1441325686978,"_cnpm_publish_time":1441325686978,"_hasShrinkwrap":false},"2.1.5":{"name":"mime-types","description":"The ultimate javascript content-type utility.","version":"2.1.5","contributors":[{"name":"Douglas Christopher Wilson","email":"doug@somethingdoug.com"},{"name":"Jeremiah Senkpiel","email":"fishrock123@rocketmail.com","url":"https://searchbeam.jit.su"},{"name":"Jonathan Ong","email":"me@jongleberry.com","url":"http://jongleberry.com"}],"license":"MIT","keywords":["mime","types"],"repository":{"type":"git","url":"https://github.com/jshttp/mime-types"},"dependencies":{"mime-db":"~1.17.0"},"devDependencies":{"istanbul":"0.3.18","mocha":"~1.21.5"},"files":["HISTORY.md","LICENSE","index.js"],"engines":{"node":">= 0.6"},"scripts":{"test":"mocha --reporter spec test/test.js","test-cov":"istanbul cover node_modules/mocha/bin/_mocha -- --reporter dot test/test.js","test-travis":"istanbul cover node_modules/mocha/bin/_mocha --report lcovonly -- --reporter dot test/test.js"},"gitHead":"de48c96e731e5903433ac2cb5c0d9fd056d9d19b","bugs":{"url":"https://github.com/jshttp/mime-types/issues"},"homepage":"https://github.com/jshttp/mime-types","_id":"mime-types@2.1.5","_shasum":"2355ac0e1e0c5a68d8df6474b431192743f0a3ea","_from":".","_npmVersion":"1.4.28","_npmUser":{"name":"dougwilson","email":"doug@somethingdoug.com"},"maintainers":[{"name":"dougwilson","email":"doug@somethingdoug.com"},{"name":"fishrock123","email":"fishrock123@rocketmail.com"},{"name":"jongleberry","email":"jonathanrichardong@gmail.com"}],"dist":{"shasum":"2355ac0e1e0c5a68d8df6474b431192743f0a3ea","size":4162,"noattachment":false,"tarball":"http://registry.npm.taobao.org/mime-types/download/mime-types-2.1.5.tgz"},"directories":{},"publish_time":1440094448205,"_cnpm_publish_time":1440094448205,"_hasShrinkwrap":false},"2.1.4":{"name":"mime-types","description":"The ultimate javascript content-type utility.","version":"2.1.4","contributors":[{"name":"Douglas Christopher Wilson","email":"doug@somethingdoug.com"},{"name":"Jeremiah Senkpiel","email":"fishrock123@rocketmail.com","url":"https://searchbeam.jit.su"},{"name":"Jonathan Ong","email":"me@jongleberry.com","url":"http://jongleberry.com"}],"license":"MIT","keywords":["mime","types"],"repository":{"type":"git","url":"https://github.com/jshttp/mime-types"},"dependencies":{"mime-db":"~1.16.0"},"devDependencies":{"istanbul":"0.3.17","mocha":"~1.21.5"},"files":["HISTORY.md","LICENSE","index.js"],"engines":{"node":">= 0.6"},"scripts":{"test":"mocha --reporter spec test/test.js","test-cov":"istanbul cover node_modules/mocha/bin/_mocha -- --reporter dot test/test.js","test-travis":"istanbul cover node_modules/mocha/bin/_mocha --report lcovonly -- --reporter dot test/test.js"},"gitHead":"0d801665a7374c71d905d14bc3afc2b0624bb896","bugs":{"url":"https://github.com/jshttp/mime-types/issues"},"homepage":"https://github.com/jshttp/mime-types","_id":"mime-types@2.1.4","_shasum":"6562b328e341245cb63b14473b1d12b40dec5884","_from":".","_npmVersion":"1.4.28","_npmUser":{"name":"dougwilson","email":"doug@somethingdoug.com"},"maintainers":[{"name":"dougwilson","email":"doug@somethingdoug.com"},{"name":"fishrock123","email":"fishrock123@rocketmail.com"},{"name":"jongleberry","email":"jonathanrichardong@gmail.com"}],"dist":{"shasum":"6562b328e341245cb63b14473b1d12b40dec5884","size":4146,"noattachment":false,"tarball":"http://registry.npm.taobao.org/mime-types/download/mime-types-2.1.4.tgz"},"directories":{},"publish_time":1438306635784,"_cnpm_publish_time":1438306635784,"_hasShrinkwrap":false},"2.1.3":{"name":"mime-types","description":"The ultimate javascript content-type utility.","version":"2.1.3","contributors":[{"name":"Douglas Christopher Wilson","email":"doug@somethingdoug.com"},{"name":"Jeremiah Senkpiel","email":"fishrock123@rocketmail.com","url":"https://searchbeam.jit.su"},{"name":"Jonathan Ong","email":"me@jongleberry.com","url":"http://jongleberry.com"}],"license":"MIT","keywords":["mime","types"],"repository":{"type":"git","url":"https://github.com/jshttp/mime-types"},"dependencies":{"mime-db":"~1.15.0"},"devDependencies":{"istanbul":"0.3.17","mocha":"~1.21.5"},"files":["HISTORY.md","LICENSE","index.js"],"engines":{"node":">= 0.6"},"scripts":{"test":"mocha --reporter spec test/test.js","test-cov":"istanbul cover node_modules/mocha/bin/_mocha -- --reporter dot test/test.js","test-travis":"istanbul cover node_modules/mocha/bin/_mocha --report lcovonly -- --reporter dot test/test.js"},"gitHead":"565c49ad5683d4a123a170da3444ed32ce426c3a","bugs":{"url":"https://github.com/jshttp/mime-types/issues"},"homepage":"https://github.com/jshttp/mime-types","_id":"mime-types@2.1.3","_shasum":"f259849c7eb1f85b8f5f826187278a7f74f0c966","_from":".","_npmVersion":"1.4.28","_npmUser":{"name":"dougwilson","email":"doug@somethingdoug.com"},"maintainers":[{"name":"dougwilson","email":"doug@somethingdoug.com"},{"name":"fishrock123","email":"fishrock123@rocketmail.com"},{"name":"jongleberry","email":"jonathanrichardong@gmail.com"}],"dist":{"shasum":"f259849c7eb1f85b8f5f826187278a7f74f0c966","size":4140,"noattachment":false,"tarball":"http://registry.npm.taobao.org/mime-types/download/mime-types-2.1.3.tgz"},"directories":{},"publish_time":1436826091913,"_cnpm_publish_time":1436826091913,"_hasShrinkwrap":false},"2.1.2":{"name":"mime-types","description":"The ultimate javascript content-type utility.","version":"2.1.2","contributors":[{"name":"Douglas Christopher Wilson","email":"doug@somethingdoug.com"},{"name":"Jeremiah Senkpiel","email":"fishrock123@rocketmail.com","url":"https://searchbeam.jit.su"},{"name":"Jonathan Ong","email":"me@jongleberry.com","url":"http://jongleberry.com"}],"license":"MIT","keywords":["mime","types"],"repository":{"type":"git","url":"https://github.com/jshttp/mime-types"},"dependencies":{"mime-db":"~1.14.0"},"devDependencies":{"istanbul":"0.3.16","mocha":"~1.21.5"},"files":["HISTORY.md","LICENSE","index.js"],"engines":{"node":">= 0.6"},"scripts":{"test":"mocha --reporter spec test/test.js","test-cov":"istanbul cover node_modules/mocha/bin/_mocha -- --reporter dot test/test.js","test-travis":"istanbul cover node_modules/mocha/bin/_mocha --report lcovonly -- --reporter dot test/test.js"},"gitHead":"5704d7bb0cf90f14b442f0b954ace6c1dbc5f435","bugs":{"url":"https://github.com/jshttp/mime-types/issues"},"homepage":"https://github.com/jshttp/mime-types","_id":"mime-types@2.1.2","_shasum":"6545ccd95afe77b9c655d81c2e6ceace36257227","_from":".","_npmVersion":"1.4.28","_npmUser":{"name":"dougwilson","email":"doug@somethingdoug.com"},"maintainers":[{"name":"dougwilson","email":"doug@somethingdoug.com"},{"name":"fishrock123","email":"fishrock123@rocketmail.com"},{"name":"jongleberry","email":"jonathanrichardong@gmail.com"}],"dist":{"shasum":"6545ccd95afe77b9c655d81c2e6ceace36257227","size":4132,"noattachment":false,"tarball":"http://registry.npm.taobao.org/mime-types/download/mime-types-2.1.2.tgz"},"directories":{},"publish_time":1435285898715,"_cnpm_publish_time":1435285898715,"_hasShrinkwrap":false},"2.1.1":{"name":"mime-types","description":"The ultimate javascript content-type utility.","version":"2.1.1","contributors":[{"name":"Douglas Christopher Wilson","email":"doug@somethingdoug.com"},{"name":"Jeremiah Senkpiel","email":"fishrock123@rocketmail.com","url":"https://searchbeam.jit.su"},{"name":"Jonathan Ong","email":"me@jongleberry.com","url":"http://jongleberry.com"}],"license":"MIT","keywords":["mime","types"],"repository":{"type":"git","url":"https://github.com/jshttp/mime-types"},"dependencies":{"mime-db":"~1.13.0"},"devDependencies":{"istanbul":"0.3.14","mocha":"~1.21.5"},"files":["HISTORY.md","LICENSE","index.js"],"engines":{"node":">= 0.6"},"scripts":{"test":"mocha --reporter spec test/test.js","test-cov":"istanbul cover node_modules/mocha/bin/_mocha -- --reporter dot test/test.js","test-travis":"istanbul cover node_modules/mocha/bin/_mocha --report lcovonly -- --reporter dot test/test.js"},"gitHead":"c067c0b0d8a2e7df82c356dc295852688be1245c","bugs":{"url":"https://github.com/jshttp/mime-types/issues"},"homepage":"https://github.com/jshttp/mime-types","_id":"mime-types@2.1.1","_shasum":"c7b692796d5166f4826d10b4675c8a916657d04e","_from":".","_npmVersion":"1.4.28","_npmUser":{"name":"dougwilson","email":"doug@somethingdoug.com"},"maintainers":[{"name":"dougwilson","email":"doug@somethingdoug.com"},{"name":"fishrock123","email":"fishrock123@rocketmail.com"},{"name":"jongleberry","email":"jonathanrichardong@gmail.com"}],"dist":{"shasum":"c7b692796d5166f4826d10b4675c8a916657d04e","size":4112,"noattachment":false,"tarball":"http://registry.npm.taobao.org/mime-types/download/mime-types-2.1.1.tgz"},"directories":{},"publish_time":1433773821703,"_cnpm_publish_time":1433773821703,"_hasShrinkwrap":false},"2.1.0":{"name":"mime-types","description":"The ultimate javascript content-type utility.","version":"2.1.0","contributors":[{"name":"Douglas Christopher Wilson","email":"doug@somethingdoug.com"},{"name":"Jeremiah Senkpiel","email":"fishrock123@rocketmail.com","url":"https://searchbeam.jit.su"},{"name":"Jonathan Ong","email":"me@jongleberry.com","url":"http://jongleberry.com"}],"license":"MIT","keywords":["mime","types"],"repository":{"type":"git","url":"https://github.com/jshttp/mime-types"},"dependencies":{"mime-db":"~1.13.0"},"devDependencies":{"istanbul":"0.3.14","mocha":"~1.21.5"},"files":["HISTORY.md","LICENSE","index.js"],"engines":{"node":">= 0.6"},"scripts":{"test":"mocha --reporter spec test/test.js","test-cov":"istanbul cover node_modules/mocha/bin/_mocha -- --reporter dot test/test.js","test-travis":"istanbul cover node_modules/mocha/bin/_mocha --report lcovonly -- --reporter dot test/test.js"},"gitHead":"95130f68c743520b8b54ce7341d84c0833cbb375","bugs":{"url":"https://github.com/jshttp/mime-types/issues"},"homepage":"https://github.com/jshttp/mime-types","_id":"mime-types@2.1.0","_shasum":"26e401fb4ccc1fa5c8b15bac4a1aefb9af05b0b1","_from":".","_npmVersion":"1.4.28","_npmUser":{"name":"dougwilson","email":"doug@somethingdoug.com"},"maintainers":[{"name":"dougwilson","email":"doug@somethingdoug.com"},{"name":"fishrock123","email":"fishrock123@rocketmail.com"},{"name":"jongleberry","email":"jonathanrichardong@gmail.com"}],"dist":{"shasum":"26e401fb4ccc1fa5c8b15bac4a1aefb9af05b0b1","size":4081,"noattachment":false,"tarball":"http://registry.npm.taobao.org/mime-types/download/mime-types-2.1.0.tgz"},"directories":{},"publish_time":1433735635197,"_cnpm_publish_time":1433735635197,"_hasShrinkwrap":false},"2.0.14":{"name":"mime-types","description":"The ultimate javascript content-type utility.","version":"2.0.14","contributors":[{"name":"Douglas Christopher Wilson","email":"doug@somethingdoug.com"},{"name":"Jeremiah Senkpiel","email":"fishrock123@rocketmail.com","url":"https://searchbeam.jit.su"},{"name":"Jonathan Ong","email":"me@jongleberry.com","url":"http://jongleberry.com"}],"license":"MIT","keywords":["mime","types"],"repository":{"type":"git","url":"https://github.com/jshttp/mime-types"},"dependencies":{"mime-db":"~1.12.0"},"devDependencies":{"istanbul":"0.3.9","mocha":"~1.21.5"},"files":["HISTORY.md","LICENSE","index.js"],"engines":{"node":">= 0.6"},"scripts":{"test":"mocha --reporter spec test/test.js","test-cov":"istanbul cover node_modules/mocha/bin/_mocha -- --reporter dot test/test.js","test-travis":"istanbul cover node_modules/mocha/bin/_mocha --report lcovonly -- --reporter dot test/test.js"},"gitHead":"7d53a3351581eb3d7ae1e846ea860037bce6fe3f","bugs":{"url":"https://github.com/jshttp/mime-types/issues"},"homepage":"https://github.com/jshttp/mime-types","_id":"mime-types@2.0.14","_shasum":"310e159db23e077f8bb22b748dabfa4957140aa6","_from":".","_npmVersion":"1.4.28","_npmUser":{"name":"dougwilson","email":"doug@somethingdoug.com"},"maintainers":[{"name":"dougwilson","email":"doug@somethingdoug.com"},{"name":"fishrock123","email":"fishrock123@rocketmail.com"},{"name":"jongleberry","email":"jonathanrichardong@gmail.com"}],"dist":{"shasum":"310e159db23e077f8bb22b748dabfa4957140aa6","size":3374,"noattachment":false,"tarball":"http://registry.npm.taobao.org/mime-types/download/mime-types-2.0.14.tgz"},"directories":{},"publish_time":1433631310695,"_cnpm_publish_time":1433631310695,"_hasShrinkwrap":false},"2.0.13":{"name":"mime-types","description":"The ultimate javascript content-type utility.","version":"2.0.13","contributors":[{"name":"Douglas Christopher Wilson","email":"doug@somethingdoug.com"},{"name":"Jeremiah Senkpiel","email":"fishrock123@rocketmail.com","url":"https://searchbeam.jit.su"},{"name":"Jonathan Ong","email":"me@jongleberry.com","url":"http://jongleberry.com"}],"license":"MIT","keywords":["mime","types"],"repository":{"type":"git","url":"https://github.com/jshttp/mime-types"},"dependencies":{"mime-db":"~1.11.0"},"devDependencies":{"istanbul":"0.3.9","mocha":"~1.21.5"},"files":["HISTORY.md","LICENSE","index.js"],"engines":{"node":">= 0.6"},"scripts":{"test":"mocha --reporter spec test/test.js","test-cov":"istanbul cover node_modules/mocha/bin/_mocha -- --reporter dot test/test.js","test-travis":"istanbul cover node_modules/mocha/bin/_mocha --report lcovonly -- --reporter dot test/test.js"},"gitHead":"4e53ef0ec8b614992d5d8212e5aff1151ee97738","bugs":{"url":"https://github.com/jshttp/mime-types/issues"},"homepage":"https://github.com/jshttp/mime-types","_id":"mime-types@2.0.13","_shasum":"333f5579ae6eb203fd8f30a568a869d31a8f1cac","_from":".","_npmVersion":"1.4.28","_npmUser":{"name":"dougwilson","email":"doug@somethingdoug.com"},"maintainers":[{"name":"dougwilson","email":"doug@somethingdoug.com"},{"name":"fishrock123","email":"fishrock123@rocketmail.com"},{"name":"jongleberry","email":"jonathanrichardong@gmail.com"}],"dist":{"shasum":"333f5579ae6eb203fd8f30a568a869d31a8f1cac","size":3362,"noattachment":false,"tarball":"http://registry.npm.taobao.org/mime-types/download/mime-types-2.0.13.tgz"},"directories":{},"publish_time":1433133462299,"_cnpm_publish_time":1433133462299,"_hasShrinkwrap":false},"2.0.12":{"name":"mime-types","description":"The ultimate javascript content-type utility.","version":"2.0.12","contributors":[{"name":"Douglas Christopher Wilson","email":"doug@somethingdoug.com"},{"name":"Jeremiah Senkpiel","email":"fishrock123@rocketmail.com","url":"https://searchbeam.jit.su"},{"name":"Jonathan Ong","email":"me@jongleberry.com","url":"http://jongleberry.com"}],"license":"MIT","keywords":["mime","types"],"repository":{"type":"git","url":"https://github.com/jshttp/mime-types"},"dependencies":{"mime-db":"~1.10.0"},"devDependencies":{"istanbul":"0.3.9","mocha":"~1.21.5"},"files":["HISTORY.md","LICENSE","index.js"],"engines":{"node":">= 0.6"},"scripts":{"test":"mocha --reporter spec test/test.js","test-cov":"istanbul cover node_modules/mocha/bin/_mocha -- --reporter dot test/test.js","test-travis":"istanbul cover node_modules/mocha/bin/_mocha --report lcovonly -- --reporter dot test/test.js"},"gitHead":"a1e3c4b6bbb6afb615c8a058481d58cb57a4cb95","bugs":{"url":"https://github.com/jshttp/mime-types/issues"},"homepage":"https://github.com/jshttp/mime-types","_id":"mime-types@2.0.12","_shasum":"87ae9f124e94f8e440c93d1a72d0dccecdb71135","_from":".","_npmVersion":"1.4.28","_npmUser":{"name":"dougwilson","email":"doug@somethingdoug.com"},"maintainers":[{"name":"dougwilson","email":"doug@somethingdoug.com"},{"name":"fishrock123","email":"fishrock123@rocketmail.com"},{"name":"jongleberry","email":"jonathanrichardong@gmail.com"}],"dist":{"shasum":"87ae9f124e94f8e440c93d1a72d0dccecdb71135","size":3365,"noattachment":false,"tarball":"http://registry.npm.taobao.org/mime-types/download/mime-types-2.0.12.tgz"},"directories":{},"publish_time":1432091438358,"_cnpm_publish_time":1432091438358,"_hasShrinkwrap":false},"2.0.11":{"name":"mime-types","description":"The ultimate javascript content-type utility.","version":"2.0.11","contributors":[{"name":"Douglas Christopher Wilson","email":"doug@somethingdoug.com"},{"name":"Jeremiah Senkpiel","email":"fishrock123@rocketmail.com","url":"https://searchbeam.jit.su"},{"name":"Jonathan Ong","email":"me@jongleberry.com","url":"http://jongleberry.com"}],"license":"MIT","keywords":["mime","types"],"repository":{"type":"git","url":"https://github.com/jshttp/mime-types"},"dependencies":{"mime-db":"~1.9.1"},"devDependencies":{"istanbul":"0.3.9","mocha":"~1.21.5"},"files":["HISTORY.md","LICENSE","index.js"],"engines":{"node":">= 0.6"},"scripts":{"test":"mocha --reporter spec test/test.js","test-cov":"istanbul cover node_modules/mocha/bin/_mocha -- --reporter dot test/test.js","test-travis":"istanbul cover node_modules/mocha/bin/_mocha --report lcovonly -- --reporter dot test/test.js"},"gitHead":"4b233cfbb6704e88eca121e9d9f6e6f23957e48a","bugs":{"url":"https://github.com/jshttp/mime-types/issues"},"homepage":"https://github.com/jshttp/mime-types","_id":"mime-types@2.0.11","_shasum":"bf3449042799d877c815c29929d1e74760e72007","_from":".","_npmVersion":"1.4.28","_npmUser":{"name":"dougwilson","email":"doug@somethingdoug.com"},"maintainers":[{"name":"dougwilson","email":"doug@somethingdoug.com"},{"name":"fishrock123","email":"fishrock123@rocketmail.com"},{"name":"jongleberry","email":"jonathanrichardong@gmail.com"}],"dist":{"shasum":"bf3449042799d877c815c29929d1e74760e72007","size":3358,"noattachment":false,"tarball":"http://registry.npm.taobao.org/mime-types/download/mime-types-2.0.11.tgz"},"directories":{},"publish_time":1430845017397,"_cnpm_publish_time":1430845017397,"_hasShrinkwrap":false},"2.0.10":{"name":"mime-types","description":"The ultimate javascript content-type utility.","version":"2.0.10","contributors":[{"name":"Douglas Christopher Wilson","email":"doug@somethingdoug.com"},{"name":"Jeremiah Senkpiel","email":"fishrock123@rocketmail.com","url":"https://searchbeam.jit.su"},{"name":"Jonathan Ong","email":"me@jongleberry.com","url":"http://jongleberry.com"}],"license":"MIT","keywords":["mime","types"],"repository":{"type":"git","url":"https://github.com/jshttp/mime-types"},"dependencies":{"mime-db":"~1.8.0"},"devDependencies":{"istanbul":"0.3.7","mocha":"~1.21.5"},"files":["HISTORY.md","LICENSE","index.js"],"engines":{"node":">= 0.6"},"scripts":{"test":"mocha --reporter spec test/test.js","test-cov":"istanbul cover node_modules/mocha/bin/_mocha -- --reporter dot test/test.js","test-travis":"istanbul cover node_modules/mocha/bin/_mocha --report lcovonly -- --reporter dot test/test.js"},"gitHead":"9d4533a2b3a68af48a7f3ded9f8f525648e7bcc1","bugs":{"url":"https://github.com/jshttp/mime-types/issues"},"homepage":"https://github.com/jshttp/mime-types","_id":"mime-types@2.0.10","_shasum":"eacd81bb73cab2a77447549a078d4f2018c67b4d","_from":".","_npmVersion":"1.4.28","_npmUser":{"name":"dougwilson","email":"doug@somethingdoug.com"},"maintainers":[{"name":"dougwilson","email":"doug@somethingdoug.com"},{"name":"fishrock123","email":"fishrock123@rocketmail.com"},{"name":"jongleberry","email":"jonathanrichardong@gmail.com"}],"dist":{"shasum":"eacd81bb73cab2a77447549a078d4f2018c67b4d","size":3368,"noattachment":false,"tarball":"http://registry.npm.taobao.org/mime-types/download/mime-types-2.0.10.tgz"},"directories":{},"publish_time":1426294629091,"_cnpm_publish_time":1426294629091,"_hasShrinkwrap":false},"2.0.9":{"name":"mime-types","description":"The ultimate javascript content-type utility.","version":"2.0.9","contributors":[{"name":"Douglas Christopher Wilson","email":"doug@somethingdoug.com"},{"name":"Jeremiah Senkpiel","email":"fishrock123@rocketmail.com","url":"https://searchbeam.jit.su"},{"name":"Jonathan Ong","email":"me@jongleberry.com","url":"http://jongleberry.com"}],"license":"MIT","keywords":["mime","types"],"repository":{"type":"git","url":"https://github.com/jshttp/mime-types"},"dependencies":{"mime-db":"~1.7.0"},"devDependencies":{"istanbul":"0.3.5","mocha":"~1.21.5"},"files":["HISTORY.md","LICENSE","index.js"],"engines":{"node":">= 0.6"},"scripts":{"test":"mocha --reporter spec test/test.js","test-cov":"istanbul cover node_modules/mocha/bin/_mocha -- --reporter dot test/test.js","test-travis":"istanbul cover node_modules/mocha/bin/_mocha --report lcovonly -- --reporter dot test/test.js"},"gitHead":"1c6d55da440b6a9d2c0e9c2faac98e6b1be47fc7","bugs":{"url":"https://github.com/jshttp/mime-types/issues"},"homepage":"https://github.com/jshttp/mime-types","_id":"mime-types@2.0.9","_shasum":"e8449aff27b1245ddc6641b524439ae80c4b78a6","_from":".","_npmVersion":"1.4.28","_npmUser":{"name":"dougwilson","email":"doug@somethingdoug.com"},"maintainers":[{"name":"dougwilson","email":"doug@somethingdoug.com"},{"name":"fishrock123","email":"fishrock123@rocketmail.com"},{"name":"jongleberry","email":"jonathanrichardong@gmail.com"}],"dist":{"shasum":"e8449aff27b1245ddc6641b524439ae80c4b78a6","size":3320,"noattachment":false,"tarball":"http://registry.npm.taobao.org/mime-types/download/mime-types-2.0.9.tgz"},"directories":{},"publish_time":1423544865349,"_cnpm_publish_time":1423544865349,"_hasShrinkwrap":false},"2.0.8":{"name":"mime-types","description":"The ultimate javascript content-type utility.","version":"2.0.8","contributors":[{"name":"Douglas Christopher Wilson","email":"doug@somethingdoug.com"},{"name":"Jeremiah Senkpiel","email":"fishrock123@rocketmail.com","url":"https://searchbeam.jit.su"},{"name":"Jonathan Ong","email":"me@jongleberry.com","url":"http://jongleberry.com"}],"license":"MIT","keywords":["mime","types"],"repository":{"type":"git","url":"https://github.com/jshttp/mime-types"},"dependencies":{"mime-db":"~1.6.0"},"devDependencies":{"istanbul":"0.3.5","mocha":"~1.21.5"},"files":["HISTORY.md","LICENSE","index.js"],"engines":{"node":">= 0.6"},"scripts":{"test":"mocha --reporter spec test/test.js","test-cov":"istanbul cover node_modules/mocha/bin/_mocha -- --reporter dot test/test.js","test-travis":"istanbul cover node_modules/mocha/bin/_mocha --report lcovonly -- --reporter dot test/test.js"},"gitHead":"19e01e8bd630a1719ada4a3e3e9b7192b4ddb034","bugs":{"url":"https://github.com/jshttp/mime-types/issues"},"homepage":"https://github.com/jshttp/mime-types","_id":"mime-types@2.0.8","_shasum":"5612bf6b9ec8a1285a81184fa4237fbfdbb89a7e","_from":".","_npmVersion":"1.4.28","_npmUser":{"name":"dougwilson","email":"doug@somethingdoug.com"},"maintainers":[{"name":"dougwilson","email":"doug@somethingdoug.com"},{"name":"fishrock123","email":"fishrock123@rocketmail.com"},{"name":"jongleberry","email":"jonathanrichardong@gmail.com"}],"dist":{"shasum":"5612bf6b9ec8a1285a81184fa4237fbfdbb89a7e","size":3280,"noattachment":false,"tarball":"http://registry.npm.taobao.org/mime-types/download/mime-types-2.0.8.tgz"},"directories":{},"publish_time":1422593909008,"_cnpm_publish_time":1422593909008,"_hasShrinkwrap":false},"2.0.7":{"name":"mime-types","description":"The ultimate javascript content-type utility.","version":"2.0.7","contributors":[{"name":"Douglas Christopher Wilson","email":"doug@somethingdoug.com"},{"name":"Jeremiah Senkpiel","email":"fishrock123@rocketmail.com","url":"https://searchbeam.jit.su"},{"name":"Jonathan Ong","email":"me@jongleberry.com","url":"http://jongleberry.com"}],"license":"MIT","keywords":["mime","types"],"repository":{"type":"git","url":"https://github.com/jshttp/mime-types"},"dependencies":{"mime-db":"~1.5.0"},"devDependencies":{"istanbul":"0.3.5","mocha":"~1.21.5"},"files":["HISTORY.md","LICENSE","index.js"],"engines":{"node":">= 0.6"},"scripts":{"test":"mocha --reporter spec test/test.js","test-cov":"istanbul cover node_modules/mocha/bin/_mocha -- --reporter dot test/test.js","test-travis":"istanbul cover node_modules/mocha/bin/_mocha --report lcovonly -- --reporter dot test/test.js"},"gitHead":"4216c095dcc3390c2b8f4a96a9eae94d11420f56","bugs":{"url":"https://github.com/jshttp/mime-types/issues"},"homepage":"https://github.com/jshttp/mime-types","_id":"mime-types@2.0.7","_shasum":"0cb58d0403aec977357db324eea67e40c32b44b2","_from":".","_npmVersion":"1.4.28","_npmUser":{"name":"dougwilson","email":"doug@somethingdoug.com"},"maintainers":[{"name":"dougwilson","email":"doug@somethingdoug.com"},{"name":"fishrock123","email":"fishrock123@rocketmail.com"},{"name":"jongleberry","email":"jonathanrichardong@gmail.com"}],"dist":{"shasum":"0cb58d0403aec977357db324eea67e40c32b44b2","size":3264,"noattachment":false,"tarball":"http://registry.npm.taobao.org/mime-types/download/mime-types-2.0.7.tgz"},"directories":{},"publish_time":1419971222217,"_cnpm_publish_time":1419971222217,"_hasShrinkwrap":false},"2.0.6":{"name":"mime-types","description":"The ultimate javascript content-type utility.","version":"2.0.6","contributors":[{"name":"Douglas Christopher Wilson","email":"doug@somethingdoug.com"},{"name":"Jeremiah Senkpiel","email":"fishrock123@rocketmail.com","url":"https://searchbeam.jit.su"},{"name":"Jonathan Ong","email":"me@jongleberry.com","url":"http://jongleberry.com"}],"license":"MIT","keywords":["mime","types"],"repository":{"type":"git","url":"https://github.com/jshttp/mime-types"},"dependencies":{"mime-db":"~1.4.0"},"devDependencies":{"istanbul":"0.3.5","mocha":"~1.21.5"},"files":["HISTORY.md","LICENSE","index.js"],"engines":{"node":">= 0.6"},"scripts":{"test":"mocha --reporter spec test/test.js","test-cov":"istanbul cover node_modules/mocha/bin/_mocha -- --reporter dot test/test.js","test-travis":"istanbul cover node_modules/mocha/bin/_mocha --report lcovonly -- --reporter dot test/test.js"},"gitHead":"5348665cf1f2b3611a415da91aac17d431ddd019","bugs":{"url":"https://github.com/jshttp/mime-types/issues"},"homepage":"https://github.com/jshttp/mime-types","_id":"mime-types@2.0.6","_shasum":"9deae929dc382665ea42e3848d1d3e3c4aef16e9","_from":".","_npmVersion":"1.4.28","_npmUser":{"name":"dougwilson","email":"doug@somethingdoug.com"},"maintainers":[{"name":"dougwilson","email":"doug@somethingdoug.com"},{"name":"fishrock123","email":"fishrock123@rocketmail.com"},{"name":"jongleberry","email":"jonathanrichardong@gmail.com"}],"dist":{"shasum":"9deae929dc382665ea42e3848d1d3e3c4aef16e9","size":3253,"noattachment":false,"tarball":"http://registry.npm.taobao.org/mime-types/download/mime-types-2.0.6.tgz"},"directories":{},"publish_time":1419961318705,"_cnpm_publish_time":1419961318705,"_hasShrinkwrap":false},"2.0.5":{"name":"mime-types","description":"The ultimate javascript content-type utility.","version":"2.0.5","contributors":[{"name":"Douglas Christopher Wilson","email":"doug@somethingdoug.com"},{"name":"Jeremiah Senkpiel","email":"fishrock123@rocketmail.com","url":"https://searchbeam.jit.su"},{"name":"Jonathan Ong","email":"me@jongleberry.com","url":"http://jongleberry.com"}],"license":"MIT","keywords":["mime","types"],"repository":{"type":"git","url":"https://github.com/jshttp/mime-types"},"dependencies":{"mime-db":"~1.3.1"},"devDependencies":{"istanbul":"0.3.5","mocha":"~1.21.5"},"files":["HISTORY.md","LICENSE","index.js"],"engines":{"node":">= 0.6"},"scripts":{"test":"mocha --reporter spec test/test.js","test-cov":"istanbul cover node_modules/mocha/bin/_mocha -- --reporter dot test/test.js","test-travis":"istanbul cover node_modules/mocha/bin/_mocha --report lcovonly -- --reporter dot test/test.js"},"gitHead":"5f45d92a916100f86bf0eca1d953d523fcc2dfaf","bugs":{"url":"https://github.com/jshttp/mime-types/issues"},"homepage":"https://github.com/jshttp/mime-types","_id":"mime-types@2.0.5","_shasum":"017db3ef9aff1fc7229e9babe2ac4b032baf837d","_from":".","_npmVersion":"1.4.28","_npmUser":{"name":"dougwilson","email":"doug@somethingdoug.com"},"maintainers":[{"name":"dougwilson","email":"doug@somethingdoug.com"},{"name":"fishrock123","email":"fishrock123@rocketmail.com"},{"name":"jongleberry","email":"jonathanrichardong@gmail.com"}],"dist":{"shasum":"017db3ef9aff1fc7229e9babe2ac4b032baf837d","size":3199,"noattachment":false,"tarball":"http://registry.npm.taobao.org/mime-types/download/mime-types-2.0.5.tgz"},"directories":{},"publish_time":1419883048126,"_cnpm_publish_time":1419883048126,"_hasShrinkwrap":false},"2.0.4":{"name":"mime-types","description":"The ultimate javascript content-type utility.","version":"2.0.4","contributors":[{"name":"Jeremiah Senkpiel","email":"fishrock123@rocketmail.com","url":"https://searchbeam.jit.su"},{"name":"Jonathan Ong","email":"me@jongleberry.com","url":"http://jongleberry.com"}],"license":"MIT","keywords":["mime","types"],"repository":{"type":"git","url":"https://github.com/jshttp/mime-types"},"dependencies":{"mime-db":"~1.3.0"},"devDependencies":{"istanbul":"0","mocha":"~1.21.5"},"files":["HISTORY.md","LICENSE","index.js"],"engines":{"node":">= 0.6"},"scripts":{"test":"mocha --reporter spec test/test.js","test-cov":"istanbul cover node_modules/mocha/bin/_mocha -- --reporter dot test/test.js","test-travis":"istanbul cover node_modules/mocha/bin/_mocha --report lcovonly -- --reporter dot test/test.js"},"gitHead":"63a9b82e6e364d62428ed5459e5486504c489bf2","bugs":{"url":"https://github.com/jshttp/mime-types/issues"},"homepage":"https://github.com/jshttp/mime-types","_id":"mime-types@2.0.4","_shasum":"855a612979141d806ba5104294a28c731c6ea790","_from":".","_npmVersion":"1.4.21","_npmUser":{"name":"dougwilson","email":"doug@somethingdoug.com"},"maintainers":[{"name":"dougwilson","email":"doug@somethingdoug.com"},{"name":"fishrock123","email":"fishrock123@rocketmail.com"},{"name":"jongleberry","email":"jonathanrichardong@gmail.com"}],"dist":{"shasum":"855a612979141d806ba5104294a28c731c6ea790","size":3139,"noattachment":false,"tarball":"http://registry.npm.taobao.org/mime-types/download/mime-types-2.0.4.tgz"},"directories":{},"publish_time":1418234277684,"_cnpm_publish_time":1418234277684,"_hasShrinkwrap":false},"2.0.3":{"name":"mime-types","description":"The ultimate javascript content-type utility.","version":"2.0.3","contributors":[{"name":"Jeremiah Senkpiel","email":"fishrock123@rocketmail.com","url":"https://searchbeam.jit.su"},{"name":"Jonathan Ong","email":"me@jongleberry.com","url":"http://jongleberry.com"}],"license":"MIT","keywords":["mime","types"],"repository":{"type":"git","url":"https://github.com/jshttp/mime-types"},"dependencies":{"mime-db":"~1.2.0"},"devDependencies":{"istanbul":"0","mocha":"~1.21.5"},"files":["HISTORY.md","LICENSE","index.js"],"engines":{"node":">= 0.6"},"scripts":{"test":"mocha --reporter spec test/test.js","test-cov":"istanbul cover node_modules/mocha/bin/_mocha -- --reporter dot test/test.js","test-travis":"istanbul cover node_modules/mocha/bin/_mocha --report lcovonly -- --reporter dot test/test.js"},"gitHead":"7d38db8c0576cf7a2dd49df4818dc129090b3a2f","bugs":{"url":"https://github.com/jshttp/mime-types/issues"},"homepage":"https://github.com/jshttp/mime-types","_id":"mime-types@2.0.3","_shasum":"70b5cb5165b55dcb4972839f16d6077b0bb506f4","_from":".","_npmVersion":"1.4.21","_npmUser":{"name":"dougwilson","email":"doug@somethingdoug.com"},"maintainers":[{"name":"dougwilson","email":"doug@somethingdoug.com"},{"name":"fishrock123","email":"fishrock123@rocketmail.com"},{"name":"jongleberry","email":"jonathanrichardong@gmail.com"}],"dist":{"shasum":"70b5cb5165b55dcb4972839f16d6077b0bb506f4","size":3126,"noattachment":false,"tarball":"http://registry.npm.taobao.org/mime-types/download/mime-types-2.0.3.tgz"},"directories":{},"publish_time":1415556576046,"_cnpm_publish_time":1415556576046,"_hasShrinkwrap":false},"2.0.2":{"name":"mime-types","description":"The ultimate javascript content-type utility.","version":"2.0.2","contributors":[{"name":"Jeremiah Senkpiel","email":"fishrock123@rocketmail.com","url":"https://searchbeam.jit.su"},{"name":"Jonathan Ong","email":"me@jongleberry.com","url":"http://jongleberry.com"}],"license":"MIT","keywords":["mime","types"],"repository":{"type":"git","url":"https://github.com/jshttp/mime-types"},"dependencies":{"mime-db":"~1.1.0"},"devDependencies":{"istanbul":"0","mocha":"1"},"files":["HISTORY.md","LICENSE","index.js"],"engines":{"node":">= 0.6"},"scripts":{"test":"mocha --reporter spec test/test.js","test-cov":"istanbul cover node_modules/mocha/bin/_mocha -- --reporter dot test/test.js","test-travis":"istanbul cover node_modules/mocha/bin/_mocha --report lcovonly -- --reporter dot test/test.js"},"gitHead":"7272f212651dcaca233803c58dc251b20668ca61","bugs":{"url":"https://github.com/jshttp/mime-types/issues"},"homepage":"https://github.com/jshttp/mime-types","_id":"mime-types@2.0.2","_shasum":"c74b779f2896c367888622bd537aaaad4c0a2c08","_from":".","_npmVersion":"1.4.21","_npmUser":{"name":"dougwilson","email":"doug@somethingdoug.com"},"maintainers":[{"name":"dougwilson","email":"doug@somethingdoug.com"},{"name":"fishrock123","email":"fishrock123@rocketmail.com"},{"name":"jongleberry","email":"jonathanrichardong@gmail.com"}],"dist":{"shasum":"c74b779f2896c367888622bd537aaaad4c0a2c08","size":3112,"noattachment":false,"tarball":"http://registry.npm.taobao.org/mime-types/download/mime-types-2.0.2.tgz"},"directories":{},"publish_time":1411955431565,"_cnpm_publish_time":1411955431565,"_hasShrinkwrap":false},"2.0.1":{"name":"mime-types","description":"The ultimate javascript content-type utility.","version":"2.0.1","contributors":[{"name":"Jeremiah Senkpiel","email":"fishrock123@rocketmail.com","url":"https://searchbeam.jit.su"},{"name":"Jonathan Ong","email":"me@jongleberry.com","url":"http://jongleberry.com"}],"license":"MIT","keywords":["mime","types"],"repository":{"type":"git","url":"https://github.com/jshttp/mime-types"},"dependencies":{"mime-db":"~1.0.1"},"devDependencies":{"istanbul":"0","mocha":"1"},"files":["HISTORY.md","LICENSE","index.js"],"engines":{"node":">= 0.6"},"scripts":{"test":"mocha --reporter spec test/test.js","test-cov":"istanbul cover node_modules/mocha/bin/_mocha -- --reporter dot test/test.js","test-travis":"istanbul cover node_modules/mocha/bin/_mocha --report lcovonly -- --reporter dot test/test.js"},"gitHead":"c6e40fb033331aa87d9d4a5f1e5c0245e9edb2f6","bugs":{"url":"https://github.com/jshttp/mime-types/issues"},"homepage":"https://github.com/jshttp/mime-types","_id":"mime-types@2.0.1","_shasum":"7f5b4712592e7dd46ca733fd1c5f5d71356de615","_from":".","_npmVersion":"1.4.21","_npmUser":{"name":"dougwilson","email":"doug@somethingdoug.com"},"maintainers":[{"name":"dougwilson","email":"doug@somethingdoug.com"},{"name":"fishrock123","email":"fishrock123@rocketmail.com"},{"name":"jongleberry","email":"jonathanrichardong@gmail.com"}],"dist":{"shasum":"7f5b4712592e7dd46ca733fd1c5f5d71356de615","size":3055,"noattachment":false,"tarball":"http://registry.npm.taobao.org/mime-types/download/mime-types-2.0.1.tgz"},"directories":{},"publish_time":1410152524030,"_cnpm_publish_time":1410152524030,"_hasShrinkwrap":false},"2.0.0":{"name":"mime-types","description":"The ultimate javascript content-type utility.","version":"2.0.0","author":{"name":"Jonathan Ong","email":"me@jongleberry.com","url":"http://jongleberry.com"},"contributors":[{"name":"Jeremiah Senkpiel","email":"fishrock123@rocketmail.com","url":"https://searchbeam.jit.su"}],"repository":{"type":"git","url":"https://github.com/jshttp/mime-types"},"license":"MIT","dependencies":{"mime-db":"~1.0.1"},"devDependencies":{"istanbul":"0","mocha":"1","should":"3"},"engines":{"node":">= 0.8.0"},"scripts":{"test":"mocha --reporter spec --require should test/test.js","test-cov":"istanbul cover node_modules/mocha/bin/_mocha -- --reporter dot --require should test/test.js","test-travis":"istanbul cover node_modules/mocha/bin/_mocha --report lcovonly -- --reporter dot --require should test/test.js"},"files":["index.js"],"keywords":["mime","types"],"gitHead":"c5a3c150ab62deeb61da5bd0b6265115b1b35f27","bugs":{"url":"https://github.com/jshttp/mime-types/issues"},"homepage":"https://github.com/jshttp/mime-types","_id":"mime-types@2.0.0","_shasum":"4a85688446a4d94a03909e0ae292766744a3c313","_from":".","_npmVersion":"1.4.21","_npmUser":{"name":"jongleberry","email":"jonathanrichardong@gmail.com"},"maintainers":[{"name":"dougwilson","email":"doug@somethingdoug.com"},{"name":"fishrock123","email":"fishrock123@rocketmail.com"},{"name":"jongleberry","email":"jonathanrichardong@gmail.com"}],"dist":{"shasum":"4a85688446a4d94a03909e0ae292766744a3c313","size":2304,"noattachment":false,"tarball":"http://registry.npm.taobao.org/mime-types/download/mime-types-2.0.0.tgz"},"directories":{},"publish_time":1409646746198,"_cnpm_publish_time":1409646746198,"_hasShrinkwrap":false},"1.0.2":{"name":"mime-types","description":"The ultimate javascript content-type utility.","version":"1.0.2","author":{"name":"Jonathan Ong","email":"me@jongleberry.com","url":"http://jongleberry.com"},"contributors":[{"name":"Jeremiah Senkpiel","email":"fishrock123@rocketmail.com","url":"https://searchbeam.jit.su"}],"repository":{"type":"git","url":"https://github.com/expressjs/mime-types"},"license":"MIT","main":"lib","devDependencies":{"co":"3","cogent":"0","mocha":"1","should":"3"},"engines":{"node":">= 0.8.0"},"scripts":{"test":"make test"},"gitHead":"e82b23836eb42003b8346fb31769da2fb7eb54e8","bugs":{"url":"https://github.com/expressjs/mime-types/issues"},"homepage":"https://github.com/expressjs/mime-types","_id":"mime-types@1.0.2","_shasum":"995ae1392ab8affcbfcb2641dd054e943c0d5dce","_from":".","_npmVersion":"1.4.21","_npmUser":{"name":"dougwilson","email":"doug@somethingdoug.com"},"maintainers":[{"name":"dougwilson","email":"doug@somethingdoug.com"},{"name":"fishrock123","email":"fishrock123@rocketmail.com"},{"name":"jongleberry","email":"jonathanrichardong@gmail.com"}],"dist":{"shasum":"995ae1392ab8affcbfcb2641dd054e943c0d5dce","size":18511,"noattachment":false,"tarball":"http://registry.npm.taobao.org/mime-types/download/mime-types-1.0.2.tgz"},"directories":{},"publish_time":1407123873290,"_cnpm_publish_time":1407123873290,"_hasShrinkwrap":false},"1.0.1":{"name":"mime-types","description":"The ultimate javascript content-type utility.","version":"1.0.1","author":{"name":"Jonathan Ong","email":"me@jongleberry.com","url":"http://jongleberry.com"},"contributors":[{"name":"Jeremiah Senkpiel","email":"fishrock123@rocketmail.com","url":"https://searchbeam.jit.su"}],"repository":{"type":"git","url":"git://github.com/expressjs/mime-types"},"license":"MIT","main":"lib","devDependencies":{"co":"3","cogent":"0","mocha":"1","should":"3"},"engines":{"node":">= 0.8.0"},"scripts":{"test":"make test"},"bugs":{"url":"https://github.com/expressjs/mime-types/issues"},"homepage":"https://github.com/expressjs/mime-types","_id":"mime-types@1.0.1","_shasum":"4d9ad71bcd4cdef6be892c21b5b81645607c0b8f","_from":".","_npmVersion":"1.4.9","_npmUser":{"name":"fishrock123","email":"fishrock123@rocketmail.com"},"maintainers":[{"name":"dougwilson","email":"doug@somethingdoug.com"},{"name":"fishrock123","email":"fishrock123@rocketmail.com"},{"name":"jongleberry","email":"jonathanrichardong@gmail.com"}],"dist":{"shasum":"4d9ad71bcd4cdef6be892c21b5b81645607c0b8f","size":18572,"noattachment":false,"tarball":"http://registry.npm.taobao.org/mime-types/download/mime-types-1.0.1.tgz"},"directories":{},"publish_time":1403642758288,"_cnpm_publish_time":1403642758288,"_hasShrinkwrap":false},"1.0.0":{"name":"mime-types","description":"ultimate mime type utility","version":"1.0.0","author":{"name":"Jonathan Ong","email":"me@jongleberry.com","url":"http://jongleberry.com"},"contributors":[{"name":"Jeremiah Senkpiel","email":"fishrock123@rocketmail.com","url":"https://searchbeam.jit.su"}],"repository":{"type":"git","url":"git://github.com/expressjs/mime-types"},"license":"MIT","main":"lib","devDependencies":{"co":"3","cogent":"0","mocha":"1","should":"3"},"scripts":{"test":"make test"},"bugs":{"url":"https://github.com/expressjs/mime-types/issues"},"homepage":"https://github.com/expressjs/mime-types","_id":"mime-types@1.0.0","_shasum":"6a7b4a6af2e7d92f97afe03f047c7801e8f001d2","_from":".","_npmVersion":"1.4.9","_npmUser":{"name":"fishrock123","email":"fishrock123@rocketmail.com"},"maintainers":[{"name":"dougwilson","email":"doug@somethingdoug.com"},{"name":"fishrock123","email":"fishrock123@rocketmail.com"},{"name":"jongleberry","email":"jonathanrichardong@gmail.com"}],"dist":{"shasum":"6a7b4a6af2e7d92f97afe03f047c7801e8f001d2","size":20254,"noattachment":false,"tarball":"http://registry.npm.taobao.org/mime-types/download/mime-types-1.0.0.tgz"},"directories":{},"publish_time":1399924839325,"_cnpm_publish_time":1399924839325,"_hasShrinkwrap":false},"0.1.0":{"name":"mime-types","description":"ultimate mime type utility","version":"0.1.0","author":{"name":"Jonathan Ong","email":"me@jongleberry.com","url":"http://jongleberry.com"},"repository":{"type":"git","url":"git://github.com/expressjs/mime-types"},"license":"MIT","main":"lib","devDependencies":{"co":"3","cogent":"0","mocha":"1","should":"3"},"scripts":{"test":"make test"},"bugs":{"url":"https://github.com/expressjs/mime-types/issues"},"homepage":"https://github.com/expressjs/mime-types","_id":"mime-types@0.1.0","dist":{"shasum":"480f66fa19ef6ff039712a5393a4bc4901b5bf40","size":18753,"noattachment":false,"tarball":"http://registry.npm.taobao.org/mime-types/download/mime-types-0.1.0.tgz"},"_from":".","_npmVersion":"1.4.6","_npmUser":{"name":"jongleberry","email":"jonathanrichardong@gmail.com"},"maintainers":[{"name":"dougwilson","email":"doug@somethingdoug.com"},{"name":"fishrock123","email":"fishrock123@rocketmail.com"},{"name":"jongleberry","email":"jonathanrichardong@gmail.com"}],"directories":{},"publish_time":1399046040885,"_cnpm_publish_time":1399046040885,"_hasShrinkwrap":false}},"readme":"# mime-types\n\n[![NPM Version][npm-image]][npm-url]\n[![NPM Downloads][downloads-image]][downloads-url]\n[![Node.js Version][node-version-image]][node-version-url]\n[![Build Status][travis-image]][travis-url]\n[![Test Coverage][coveralls-image]][coveralls-url]\n\nThe ultimate javascript content-type utility.\n\nSimilar to [the `mime` module](https://www.npmjs.com/package/mime), except:\n\n- __No fallbacks.__ Instead of naively returning the first available type,\n  `mime-types` simply returns `false`, so do\n  `var type = mime.lookup('unrecognized') || 'application/octet-stream'`.\n- No `new Mime()` business, so you could do `var lookup = require('mime-types').lookup`.\n- No `.define()` functionality\n- Bug fixes for `.lookup(path)`\n\nOtherwise, the API is compatible.\n\n## Install\n\nThis is a [Node.js](https://nodejs.org/en/) module available through the\n[npm registry](https://www.npmjs.com/). Installation is done using the\n[`npm install` command](https://docs.npmjs.com/getting-started/installing-npm-packages-locally):\n\n```sh\n$ npm install mime-types\n```\n\n## Adding Types\n\nAll mime types are based on [mime-db](https://www.npmjs.com/package/mime-db),\nso open a PR there if you'd like to add mime types.\n\n## API\n\n```js\nvar mime = require('mime-types')\n```\n\nAll functions return `false` if input is invalid or not found.\n\n### mime.lookup(path)\n\nLookup the content-type associated with a file.\n\n```js\nmime.lookup('json')             // 'application/json'\nmime.lookup('.md')              // 'text/x-markdown'\nmime.lookup('file.html')        // 'text/html'\nmime.lookup('folder/file.js')   // 'application/javascript'\nmime.lookup('folder/.htaccess') // false\n\nmime.lookup('cats') // false\n```\n\n### mime.contentType(type)\n\nCreate a full content-type header given a content-type or extension.\n\n```js\nmime.contentType('markdown')  // 'text/x-markdown; charset=utf-8'\nmime.contentType('file.json') // 'application/json; charset=utf-8'\n\n// from a full path\nmime.contentType(path.extname('/path/to/file.json')) // 'application/json; charset=utf-8'\n```\n\n### mime.extension(type)\n\nGet the default extension for a content-type.\n\n```js\nmime.extension('application/octet-stream') // 'bin'\n```\n\n### mime.charset(type)\n\nLookup the implied default charset of a content-type.\n\n```js\nmime.charset('text/x-markdown') // 'UTF-8'\n```\n\n### var type = mime.types[extension]\n\nA map of content-types by extension.\n\n### [extensions...] = mime.extensions[type]\n\nA map of extensions by content-type.\n\n## License\n\n[MIT](LICENSE)\n\n[npm-image]: https://img.shields.io/npm/v/mime-types.svg\n[npm-url]: https://npmjs.org/package/mime-types\n[node-version-image]: https://img.shields.io/node/v/mime-types.svg\n[node-version-url]: https://nodejs.org/en/download/\n[travis-image]: https://img.shields.io/travis/jshttp/mime-types/master.svg\n[travis-url]: https://travis-ci.org/jshttp/mime-types\n[coveralls-image]: https://img.shields.io/coveralls/jshttp/mime-types/master.svg\n[coveralls-url]: https://coveralls.io/r/jshttp/mime-types\n[downloads-image]: https://img.shields.io/npm/dm/mime-types.svg\n[downloads-url]: https://npmjs.org/package/mime-types\n","_attachments":{},"homepage":"https://github.com/jshttp/mime-types#readme","bugs":{"url":"https://github.com/jshttp/mime-types/issues"},"license":"MIT","_etag":"\"102a8-yP4RDzmroGH8S4+YDLpp8CfqZ9o\""}