{"_id":"json-stringify-safe","_rev":"895682","name":"json-stringify-safe","description":"Like JSON.stringify, but doesn't blow up on circular refs.","dist-tags":{"latest":"5.0.1"},"maintainers":[{"name":"isaacs","email":"i@izs.me"},{"name":"moll","email":"andri@dot.ee"}],"time":{"modified":"2017-03-27T09:30:51.000Z","created":"2013-02-19T19:02:04.205Z","5.0.1":"2015-05-19T01:42:09.719Z","5.0.0":"2013-08-02T20:28:17.007Z","4.0.0":"2013-03-13T06:31:31.741Z","3.0.0":"2013-02-19T19:22:41.788Z","2.0.0":"2013-02-19T19:02:04.205Z"},"users":{"dbrockman":true,"dubban":true,"fotomut":true,"boustanihani":true,"thethomaseffect":true,"oceanswave":true,"morlay":true,"mastayoda":true,"warapitiya":true,"kurt.pattyn":true,"koulmomo":true,"nickeltobias":true,"tobiasnickel":true,"nukisman":true,"calmwinds":true,"srokap":true,"jsumners":true,"hasithaishere":true,"t2ym":true,"troygizzi":true,"deadratfink":true,"froguard":true,"magicmind":true,"mojaray2k":true,"dzhou777":true,"wukaidong":true,"456wyc":true,"anoubis":true,"lunaroyster":true,"alexxnica":true},"author":{"name":"Isaac Z. Schlueter","email":"i@izs.me","url":"http://blog.izs.me"},"repository":{"type":"git","url":"git://github.com/isaacs/json-stringify-safe.git"},"versions":{"5.0.1":{"name":"json-stringify-safe","version":"5.0.1","description":"Like JSON.stringify, but doesn't blow up on circular refs.","keywords":["json","stringify","circular","safe"],"homepage":"https://github.com/isaacs/json-stringify-safe","bugs":{"url":"https://github.com/isaacs/json-stringify-safe/issues"},"author":{"name":"Isaac Z. Schlueter","email":"i@izs.me","url":"http://blog.izs.me"},"contributors":[{"name":"Andri Möll","email":"andri@dot.ee","url":"http://themoll.com"}],"license":"ISC","repository":{"type":"git","url":"git://github.com/isaacs/json-stringify-safe.git"},"main":"stringify.js","scripts":{"test":"node test.js"},"devDependencies":{"mocha":">= 2.1.0 < 3","must":">= 0.12 < 0.13","sinon":">= 1.12.2 < 2"},"gitHead":"3890dceab3ad14f8701e38ca74f38276abc76de5","_id":"json-stringify-safe@5.0.1","_shasum":"1296a2d58fd45f19a0f6ce01d65701e2c735b6eb","_from":".","_npmVersion":"2.10.0","_nodeVersion":"2.0.1","_npmUser":{"name":"isaacs","email":"isaacs@npmjs.com"},"dist":{"shasum":"1296a2d58fd45f19a0f6ce01d65701e2c735b6eb","size":4014,"noattachment":false,"tarball":"http://registry.npm.taobao.org/json-stringify-safe/download/json-stringify-safe-5.0.1.tgz"},"maintainers":[{"name":"isaacs","email":"i@izs.me"},{"name":"moll","email":"andri@dot.ee"}],"directories":{},"publish_time":1431999729719,"_cnpm_publish_time":1431999729719,"_hasShrinkwrap":false},"5.0.0":{"name":"json-stringify-safe","version":"5.0.0","description":"Like JSON.stringify, but doesn't blow up on circular refs","main":"stringify.js","scripts":{"test":"node test.js"},"repository":{"type":"git","url":"git://github.com/isaacs/json-stringify-safe"},"keywords":["json","stringify","circular","safe"],"author":{"name":"Isaac Z. Schlueter","email":"i@izs.me","url":"http://blog.izs.me"},"license":"BSD","readmeFilename":"README.md","bugs":{"url":"https://github.com/isaacs/json-stringify-safe/issues"},"_id":"json-stringify-safe@5.0.0","dist":{"shasum":"4c1f228b5050837eba9d21f50c2e6e320624566e","size":2653,"noattachment":false,"tarball":"http://registry.npm.taobao.org/json-stringify-safe/download/json-stringify-safe-5.0.0.tgz"},"_from":".","_npmVersion":"1.3.6","_npmUser":{"name":"isaacs","email":"i@izs.me"},"maintainers":[{"name":"isaacs","email":"i@izs.me"},{"name":"moll","email":"andri@dot.ee"}],"directories":{},"publish_time":1375475297007,"_cnpm_publish_time":1375475297007,"_hasShrinkwrap":false},"4.0.0":{"name":"json-stringify-safe","version":"4.0.0","description":"Like JSON.stringify, but doesn't blow up on circular refs","main":"stringify.js","scripts":{"test":"node test.js"},"repository":{"type":"git","url":"git://github.com/isaacs/json-stringify-safe"},"keywords":["json","stringify","circular","safe"],"author":{"name":"Isaac Z. Schlueter","email":"i@izs.me","url":"http://blog.izs.me"},"license":"BSD","readmeFilename":"README.md","_id":"json-stringify-safe@4.0.0","dist":{"shasum":"77c271aaea54302e68efeaccb56abbf06a9b1a54","size":2085,"noattachment":false,"tarball":"http://registry.npm.taobao.org/json-stringify-safe/download/json-stringify-safe-4.0.0.tgz"},"_from":".","_npmVersion":"1.2.14","_npmUser":{"name":"isaacs","email":"i@izs.me"},"maintainers":[{"name":"isaacs","email":"i@izs.me"},{"name":"moll","email":"andri@dot.ee"}],"directories":{},"publish_time":1363156291741,"_cnpm_publish_time":1363156291741,"_hasShrinkwrap":false},"3.0.0":{"name":"json-stringify-safe","version":"3.0.0","description":"Like JSON.stringify, but doesn't blow up on circular refs","main":"stringify.js","scripts":{"test":"node test.js"},"repository":{"type":"git","url":"git://github.com/isaacs/json-stringify-safe"},"keywords":["json","stringify","circular","safe"],"author":{"name":"Isaac Z. Schlueter","email":"i@izs.me","url":"http://blog.izs.me"},"license":"BSD","readmeFilename":"README.md","_id":"json-stringify-safe@3.0.0","dist":{"shasum":"9db7b0e530c7f289c5e8c8432af191c2ff75a5b3","size":1679,"noattachment":false,"tarball":"http://registry.npm.taobao.org/json-stringify-safe/download/json-stringify-safe-3.0.0.tgz"},"_from":".","_npmVersion":"1.2.12","_npmUser":{"name":"isaacs","email":"i@izs.me"},"maintainers":[{"name":"isaacs","email":"i@izs.me"},{"name":"moll","email":"andri@dot.ee"}],"directories":{},"publish_time":1361301761788,"_cnpm_publish_time":1361301761788,"_hasShrinkwrap":false},"2.0.0":{"name":"json-stringify-safe","version":"2.0.0","description":"Like JSON.stringify, but doesn't blow up on circular refs","main":"stringify.js","scripts":{"test":"node test.js"},"repository":{"type":"git","url":"git://github.com/isaacs/json-stringify-safe"},"keywords":["json","stringify","circular","safe"],"author":{"name":"Isaac Z. Schlueter","email":"i@izs.me","url":"http://blog.izs.me"},"license":"BSD","readmeFilename":"README.md","_id":"json-stringify-safe@2.0.0","dist":{"shasum":"3f5e856825d4ffb9deea1156f79c47adab7f9c44","size":1639,"noattachment":false,"tarball":"http://registry.npm.taobao.org/json-stringify-safe/download/json-stringify-safe-2.0.0.tgz"},"_from":".","_npmVersion":"1.2.12","_npmUser":{"name":"isaacs","email":"i@izs.me"},"maintainers":[{"name":"isaacs","email":"i@izs.me"},{"name":"moll","email":"andri@dot.ee"}],"directories":{},"publish_time":1361300524205,"_cnpm_publish_time":1361300524205,"_hasShrinkwrap":false}},"readme":"# json-stringify-safe\n\nLike JSON.stringify, but doesn't throw on circular references.\n\n## Usage\n\nTakes the same arguments as `JSON.stringify`.\n\n```javascript\nvar stringify = require('json-stringify-safe');\nvar circularObj = {};\ncircularObj.circularRef = circularObj;\ncircularObj.list = [ circularObj, circularObj ];\nconsole.log(stringify(circularObj, null, 2));\n```\n\nOutput:\n\n```json\n{\n  \"circularRef\": \"[Circular]\",\n  \"list\": [\n    \"[Circular]\",\n    \"[Circular]\"\n  ]\n}\n```\n\n## Details\n\n```\nstringify(obj, serializer, indent, decycler)\n```\n\nThe first three arguments are the same as to JSON.stringify.  The last\nis an argument that's only used when the object has been seen already.\n\nThe default `decycler` function returns the string `'[Circular]'`.\nIf, for example, you pass in `function(k,v){}` (return nothing) then it\nwill prune cycles.  If you pass in `function(k,v){ return {foo: 'bar'}}`,\nthen cyclical objects will always be represented as `{\"foo\":\"bar\"}` in\nthe result.\n\n```\nstringify.getSerialize(serializer, decycler)\n```\n\nReturns a serializer that can be used elsewhere.  This is the actual\nfunction that's passed to JSON.stringify.\n\n**Note** that the function returned from `getSerialize` is stateful for now, so\ndo **not** use it more than once.\n","_attachments":{},"homepage":"https://github.com/isaacs/json-stringify-safe","bugs":{"url":"https://github.com/isaacs/json-stringify-safe/issues"},"license":"ISC","_etag":"\"1f48-oMvg7OqHOxYhFre+G1VvnWnkMJM\""}