{"_id":"co-from-stream","_rev":"4-087f6c9fdf1fa249060962863161144f","name":"co-from-stream","description":"Create a co generator stream from a node stream","dist-tags":{"latest":"0.0.0"},"versions":{"0.0.0":{"name":"co-from-stream","version":"0.0.0","description":"Create a co generator stream from a node stream","repository":{"type":"git","url":"git://github.com/juliangruber/co-from-stream"},"license":"MIT","dependencies":{"co-read":"0.0.1"},"devDependencies":{"co":"~3.0.2","mocha":"~1.17.1"},"scripts":{"test":"make test"},"bugs":{"url":"https://github.com/juliangruber/co-from-stream/issues"},"homepage":"https://github.com/juliangruber/co-from-stream","_id":"co-from-stream@0.0.0","dist":{"shasum":"1a5cd8ced77263946094fa39f2499a63297bcaf9","tarball":"https://registry.npmjs.org/co-from-stream/-/co-from-stream-0.0.0.tgz"},"_from":".","_npmVersion":"1.3.22","_npmUser":{"name":"juliangruber","email":"julian@juliangruber.com"},"maintainers":[{"name":"juliangruber","email":"julian@juliangruber.com"}],"directories":{}}},"readme":"\n# co-from-stream\n\n  Create a [co generator stream](https://github.com/juliangruber/co-stream)\n  from a [node stream](http://nodejs.org/api/stream.html).\n\n## Usage\n\n```js\nvar co = require('co');\nvar fs = require('fs');\nvar fromStream = require('co-from-stream');\n\nco(function*(){\n  var read = fromStream(fs.createReadStream('index.js'));\n  \n  var data;\n  while (data = yield read()) console.log(data.toString());\n})();\n```\n\n## API\n\n### fromStream(stream)\n\n  Create a co generator stream from `stream`.\n\n## Installation\n\n```bash\n$ npm install co-from-stream\n```\n\n## License\n\n  MIT\n","maintainers":[{"name":"juliangruber","email":"julian@juliangruber.com"}],"time":{"modified":"2017-02-21T03:45:46.479Z","created":"2014-02-09T09:20:57.928Z","0.0.0":"2014-02-09T09:20:57.928Z"},"readmeFilename":"Readme.md","users":{"tunnckocore":true,"xiechao06":true},"_attachments":{},"_etag":"W/\"58abb7ea-796\"","_lastModified":"Tue, 21 Feb 2017 03:45:46 GMT","_cached":true}