{"_id":"are-we-there-yet","_rev":"3539070","name":"are-we-there-yet","description":"Keep track of the overall completion of many disparate processes","dist-tags":{"latest":"1.1.4"},"maintainers":[{"name":"iarna","email":"me@re-becca.org"}],"time":{"modified":"2017-04-21T07:46:36.000Z","created":"2014-12-08T07:52:31.405Z","1.1.4":"2017-04-21T07:46:32.532Z","1.1.3":"2017-04-21T07:45:04.633Z","1.1.2":"2016-03-15T23:26:37.866Z","1.1.1":"2016-01-30T01:47:51.372Z","1.1.0":"2016-01-30T00:55:59.820Z","1.0.6":"2016-01-27T23:14:53.606Z","1.0.5":"2015-12-06T00:50:14.344Z","1.0.4":"2015-04-01T05:20:34.126Z","1.0.3":"2015-03-03T16:02:36.752Z","1.0.2":"2014-12-23T18:42:32.377Z","1.0.1":"2014-12-20T00:41:45.176Z","1.0.0":"2014-12-08T07:52:31.405Z"},"users":{"wenbing":true,"snopeks":true,"byoigres":true,"iarna":true,"f_vdd":true,"henrytseng":true,"danbluefoot":true},"author":{"name":"Rebecca Turner","url":"http://re-becca.org"},"repository":{"type":"git","url":"git+https://github.com/iarna/are-we-there-yet.git"},"versions":{"1.1.4":{"name":"are-we-there-yet","version":"1.1.4","description":"Keep track of the overall completion of many disparate processes","main":"index.js","scripts":{"test":"standard && tap test/*.js"},"repository":{"type":"git","url":"git+https://github.com/iarna/are-we-there-yet.git"},"author":{"name":"Rebecca Turner","url":"http://re-becca.org"},"license":"ISC","bugs":{"url":"https://github.com/iarna/are-we-there-yet/issues"},"homepage":"https://github.com/iarna/are-we-there-yet","devDependencies":{"standard":"^6.0.8","tap":"^5.7.0"},"dependencies":{"delegates":"^1.0.0","readable-stream":"^2.0.6"},"files":["index.js","tracker-base.js","tracker-group.js","tracker-stream.js","tracker.js","CHANGES.md"],"gitHead":"aea89b9c277c0674a2485a3eb94a7269bb2346be","_id":"are-we-there-yet@1.1.4","_npmVersion":"4.5.0","_nodeVersion":"7.7.4","_npmUser":{"name":"iarna","email":"me@re-becca.org"},"dist":{"shasum":"bb5dca382bb94f05e15194373d16fd3ba1ca110d","size":5312,"noattachment":false,"tarball":"http://registry.npm.taobao.org/are-we-there-yet/download/are-we-there-yet-1.1.4.tgz"},"maintainers":[{"name":"iarna","email":"me@re-becca.org"}],"_npmOperationalInternal":{"host":"packages-18-east.internal.npmjs.com","tmp":"tmp/are-we-there-yet-1.1.4.tgz_1492760790532_0.2543606413528323"},"directories":{},"publish_time":1492760792532,"_hasShrinkwrap":false,"_cnpm_publish_time":1492760792532},"1.1.3":{"name":"are-we-there-yet","version":"1.1.3","description":"Keep track of the overall completion of many dispirate processes","main":"index.js","scripts":{"test":"standard && tap test/*.js"},"repository":{"type":"git","url":"git+https://github.com/iarna/are-we-there-yet.git"},"author":{"name":"Rebecca Turner","url":"http://re-becca.org"},"license":"ISC","bugs":{"url":"https://github.com/iarna/are-we-there-yet/issues"},"homepage":"https://github.com/iarna/are-we-there-yet","devDependencies":{"standard":"^6.0.8","tap":"^5.7.0"},"dependencies":{"delegates":"^1.0.0","readable-stream":"^2.0.6"},"files":["index.js","tracker-base.js","tracker-group.js","tracker-stream.js","tracker.js","CHANGES.md"],"gitHead":"b9037a1a39fa64ad9c1c8f9a4c9390557d8128e9","_id":"are-we-there-yet@1.1.3","_npmVersion":"4.5.0","_nodeVersion":"7.7.4","_npmUser":{"name":"iarna","email":"me@re-becca.org"},"dist":{"shasum":"ee86447bf1a06feb4dd3aac46e023b87d7f8e2ef","size":5252,"noattachment":false,"tarball":"http://registry.npm.taobao.org/are-we-there-yet/download/are-we-there-yet-1.1.3.tgz"},"maintainers":[{"name":"iarna","email":"me@re-becca.org"}],"_npmOperationalInternal":{"host":"packages-18-east.internal.npmjs.com","tmp":"tmp/are-we-there-yet-1.1.3.tgz_1492760702530_0.7655932088382542"},"directories":{},"publish_time":1492760704633,"_cnpm_publish_time":1492760704633,"_hasShrinkwrap":false},"1.1.2":{"name":"are-we-there-yet","version":"1.1.2","description":"Keep track of the overall completion of many dispirate processes","main":"index.js","scripts":{"test":"standard && tap test/*.js"},"repository":{"type":"git","url":"git+https://github.com/iarna/are-we-there-yet.git"},"author":{"name":"Rebecca Turner","url":"http://re-becca.org"},"license":"ISC","bugs":{"url":"https://github.com/iarna/are-we-there-yet/issues"},"homepage":"https://github.com/iarna/are-we-there-yet","devDependencies":{"standard":"^6.0.8","tap":"^5.7.0"},"dependencies":{"delegates":"^1.0.0","readable-stream":"^2.0.0 || ^1.1.13"},"gitHead":"dd5706e2204cb681e78031d0ffe156ed4cc75823","_id":"are-we-there-yet@1.1.2","_shasum":"80e470e95a084794fe1899262c5667c6e88de1b3","_from":".","_npmVersion":"3.8.1","_nodeVersion":"4.2.2","_npmUser":{"name":"iarna","email":"me@re-becca.org"},"dist":{"shasum":"80e470e95a084794fe1899262c5667c6e88de1b3","size":6834,"noattachment":false,"tarball":"http://registry.npm.taobao.org/are-we-there-yet/download/are-we-there-yet-1.1.2.tgz"},"maintainers":[{"name":"iarna","email":"me@re-becca.org"}],"_npmOperationalInternal":{"host":"packages-13-west.internal.npmjs.com","tmp":"tmp/are-we-there-yet-1.1.2.tgz_1458084397358_0.15847722673788667"},"directories":{},"publish_time":1458084397866,"_cnpm_publish_time":1458084397866,"_hasShrinkwrap":false},"1.1.1":{"name":"are-we-there-yet","version":"1.1.1","description":"Keep track of the overall completion of many dispirate processes","main":"index.js","scripts":{"test":"standard && tap test/*.js"},"repository":{"type":"git","url":"git+https://github.com/iarna/are-we-there-yet.git"},"author":{"name":"Rebecca Turner","url":"http://re-becca.org"},"license":"ISC","bugs":{"url":"https://github.com/iarna/are-we-there-yet/issues"},"homepage":"https://github.com/iarna/are-we-there-yet","devDependencies":{"standard":"^5.4.1","tap":"^5.2.0"},"dependencies":{"delegates":"^1.0.0","readable-stream":"^2.0.0 || ^1.1.13"},"gitHead":"49abcf1ac7882313a77d3304fcaba2b99125baa5","_id":"are-we-there-yet@1.1.1","_shasum":"a84aeb12edab0a579ce2acdf183daa202533d3cd","_from":".","_npmVersion":"3.7.0","_nodeVersion":"5.4.0","_npmUser":{"name":"iarna","email":"me@re-becca.org"},"dist":{"shasum":"a84aeb12edab0a579ce2acdf183daa202533d3cd","size":6563,"noattachment":false,"tarball":"http://registry.npm.taobao.org/are-we-there-yet/download/are-we-there-yet-1.1.1.tgz"},"maintainers":[{"name":"iarna","email":"me@re-becca.org"}],"directories":{},"publish_time":1454118471372,"_cnpm_publish_time":1454118471372,"_hasShrinkwrap":false},"1.1.0":{"name":"are-we-there-yet","version":"1.1.0","description":"Keep track of the overall completion of many dispirate processes","main":"index.js","scripts":{"test":"standard && tap test/*.js"},"repository":{"type":"git","url":"git+https://github.com/iarna/are-we-there-yet.git"},"author":{"name":"Rebecca Turner","url":"http://re-becca.org"},"license":"ISC","bugs":{"url":"https://github.com/iarna/are-we-there-yet/issues"},"homepage":"https://github.com/iarna/are-we-there-yet","devDependencies":{"standard":"^5.4.1","tap":"^5.2.0"},"dependencies":{"delegates":"^1.0.0","readable-stream":"^2.0.0 || ^1.1.13"},"gitHead":"f209ace0686b5ff06a173190c0be0caa2935fc9d","_id":"are-we-there-yet@1.1.0","_shasum":"44d019a519e7d61edfe655bd94b663560b7d04e0","_from":".","_npmVersion":"3.7.0","_nodeVersion":"5.4.0","_npmUser":{"name":"iarna","email":"me@re-becca.org"},"dist":{"shasum":"44d019a519e7d61edfe655bd94b663560b7d04e0","size":6050,"noattachment":false,"tarball":"http://registry.npm.taobao.org/are-we-there-yet/download/are-we-there-yet-1.1.0.tgz"},"maintainers":[{"name":"iarna","email":"me@re-becca.org"}],"directories":{},"publish_time":1454115359820,"_cnpm_publish_time":1454115359820,"_hasShrinkwrap":false},"1.0.6":{"name":"are-we-there-yet","version":"1.0.6","description":"Keep track of the overall completion of many dispirate processes","main":"index.js","scripts":{"test":"tap test/*.js"},"repository":{"type":"git","url":"git+https://github.com/iarna/are-we-there-yet.git"},"author":{"name":"Rebecca Turner","url":"http://re-becca.org"},"license":"ISC","bugs":{"url":"https://github.com/iarna/are-we-there-yet/issues"},"homepage":"https://github.com/iarna/are-we-there-yet","devDependencies":{"tap":"^5.2.0"},"dependencies":{"delegates":"^1.0.0","readable-stream":"^2.0.0 || ^1.1.13"},"gitHead":"5f19c8b6f9c5afb8b0b17308cb9d66f7027ae526","_id":"are-we-there-yet@1.0.6","_shasum":"a2d28c93102aa6cc96245a26cb954de06ec53f0c","_from":".","_npmVersion":"3.6.0","_nodeVersion":"5.4.0","_npmUser":{"name":"iarna","email":"me@re-becca.org"},"dist":{"shasum":"a2d28c93102aa6cc96245a26cb954de06ec53f0c","size":5257,"noattachment":false,"tarball":"http://registry.npm.taobao.org/are-we-there-yet/download/are-we-there-yet-1.0.6.tgz"},"maintainers":[{"name":"iarna","email":"me@re-becca.org"}],"directories":{},"publish_time":1453936493606,"_cnpm_publish_time":1453936493606,"_hasShrinkwrap":false},"1.0.5":{"name":"are-we-there-yet","version":"1.0.5","description":"Keep track of the overall completion of many dispirate processes","main":"index.js","scripts":{"test":"tap test/*.js"},"repository":{"type":"git","url":"git+https://github.com/iarna/are-we-there-yet.git"},"author":{"name":"Rebecca Turner","url":"http://re-becca.org"},"license":"ISC","bugs":{"url":"https://github.com/iarna/are-we-there-yet/issues"},"homepage":"https://github.com/iarna/are-we-there-yet","devDependencies":{"tap":"^0.4.13"},"dependencies":{"delegates":"^0.1.0","readable-stream":"^2.0.0 || ^1.1.13"},"gitHead":"abaff79ae17e9397eae19d29d2d75778d18aab3a","_id":"are-we-there-yet@1.0.5","_shasum":"239f26706da902a2bffb72c33de66fdfd3798ac5","_from":".","_npmVersion":"3.5.2","_nodeVersion":"4.2.2","_npmUser":{"name":"iarna","email":"me@re-becca.org"},"dist":{"shasum":"239f26706da902a2bffb72c33de66fdfd3798ac5","size":5316,"noattachment":false,"tarball":"http://registry.npm.taobao.org/are-we-there-yet/download/are-we-there-yet-1.0.5.tgz"},"maintainers":[{"name":"iarna","email":"me@re-becca.org"}],"directories":{},"publish_time":1449363014344,"_cnpm_publish_time":1449363014344,"_hasShrinkwrap":false},"1.0.4":{"name":"are-we-there-yet","version":"1.0.4","description":"Keep track of the overall completion of many dispirate processes","main":"index.js","scripts":{"test":"tap test/*.js"},"repository":{"type":"git","url":"https://github.com/iarna/are-we-there-yet.git"},"author":{"name":"Rebecca Turner","url":"http://re-becca.org"},"license":"ISC","bugs":{"url":"https://github.com/iarna/are-we-there-yet/issues"},"homepage":"https://github.com/iarna/are-we-there-yet","devDependencies":{"tap":"^0.4.13"},"dependencies":{"delegates":"^0.1.0","readable-stream":"^1.1.13"},"gitHead":"7ce414849b81ab83935a935275def01914821bde","_id":"are-we-there-yet@1.0.4","_shasum":"527fe389f7bcba90806106b99244eaa07e886f85","_from":".","_npmVersion":"2.0.0","_npmUser":{"name":"iarna","email":"me@re-becca.org"},"maintainers":[{"name":"iarna","email":"me@re-becca.org"}],"dist":{"shasum":"527fe389f7bcba90806106b99244eaa07e886f85","size":4684,"noattachment":false,"tarball":"http://registry.npm.taobao.org/are-we-there-yet/download/are-we-there-yet-1.0.4.tgz"},"directories":{},"publish_time":1427865634126,"_cnpm_publish_time":1427865634126,"_hasShrinkwrap":false},"1.0.3":{"name":"are-we-there-yet","version":"1.0.3","description":"Keep track of the overall completion of many dispirate processes","main":"index.js","scripts":{"test":"tap test/*.js"},"repository":{"type":"git","url":"https://github.com/iarna/are-we-there-yet.git"},"author":{"name":"Rebecca Turner","url":"http://re-becca.org"},"license":"ISC","bugs":{"url":"https://github.com/iarna/are-we-there-yet/issues"},"homepage":"https://github.com/iarna/are-we-there-yet","devDependencies":{"tap":"^0.4.13"},"dependencies":{"delegates":"^0.1.0"},"gitHead":"a038607bf1617149cd3a0cf335b3ed08341f0565","_id":"are-we-there-yet@1.0.3","_shasum":"699fa10313a9e9d1a5d68b3883c605994161fddd","_from":".","_npmVersion":"2.6.1","_nodeVersion":"0.10.36","_npmUser":{"name":"iarna","email":"me@re-becca.org"},"maintainers":[{"name":"iarna","email":"me@re-becca.org"}],"dist":{"shasum":"699fa10313a9e9d1a5d68b3883c605994161fddd","size":4663,"noattachment":false,"tarball":"http://registry.npm.taobao.org/are-we-there-yet/download/are-we-there-yet-1.0.3.tgz"},"directories":{},"publish_time":1425398556752,"_cnpm_publish_time":1425398556752,"_hasShrinkwrap":false},"1.0.2":{"name":"are-we-there-yet","version":"1.0.2","description":"Keep track of the overall completion of many dispirate processes","main":"index.js","scripts":{"test":"tap test/*.js"},"repository":{"type":"git","url":"https://github.com/iarna/are-we-there-yet.git"},"author":{"name":"Rebecca Turner","url":"http://re-becca.org"},"license":"ISC","bugs":{"url":"https://github.com/iarna/are-we-there-yet/issues"},"homepage":"https://github.com/iarna/are-we-there-yet","devDependencies":{"tap":"^0.4.13"},"dependencies":{"delegates":"^0.1.0"},"gitHead":"5b19772c3de79d66eb5db2900b5f8e6d73078167","_id":"are-we-there-yet@1.0.2","_shasum":"b518f4a6ec85862b57ce82df495bbabc76cb5246","_from":".","_npmVersion":"2.1.11","_nodeVersion":"0.10.33","_npmUser":{"name":"iarna","email":"me@re-becca.org"},"maintainers":[{"name":"iarna","email":"me@re-becca.org"}],"dist":{"shasum":"b518f4a6ec85862b57ce82df495bbabc76cb5246","size":4664,"noattachment":false,"tarball":"http://registry.npm.taobao.org/are-we-there-yet/download/are-we-there-yet-1.0.2.tgz"},"directories":{},"publish_time":1419360152377,"_cnpm_publish_time":1419360152377,"_hasShrinkwrap":false},"1.0.1":{"name":"are-we-there-yet","version":"1.0.1","description":"Keep track of the overall completion of many dispirate processes","main":"index.js","scripts":{"test":"tap test/*.js"},"repository":{"type":"git","url":"https://github.com/iarna/are-we-there-yet.git"},"author":{"name":"Rebecca Turner","url":"http://re-becca.org"},"license":"ISC","bugs":{"url":"https://github.com/iarna/are-we-there-yet/issues"},"homepage":"https://github.com/iarna/are-we-there-yet","devDependencies":{"tap":"^0.4.13"},"dependencies":{"delegates":"^0.1.0"},"gitHead":"22ba2b763c0b303aa8e215eacf00129d53717fc7","_id":"are-we-there-yet@1.0.1","_shasum":"5398006d115400b00ef4223106eae400f1d3fcdf","_from":".","_npmVersion":"2.1.11","_nodeVersion":"0.10.33","_npmUser":{"name":"iarna","email":"me@re-becca.org"},"maintainers":[{"name":"iarna","email":"me@re-becca.org"}],"dist":{"shasum":"5398006d115400b00ef4223106eae400f1d3fcdf","size":4662,"noattachment":false,"tarball":"http://registry.npm.taobao.org/are-we-there-yet/download/are-we-there-yet-1.0.1.tgz"},"directories":{},"publish_time":1419036105176,"_cnpm_publish_time":1419036105176,"_hasShrinkwrap":false},"1.0.0":{"name":"are-we-there-yet","version":"1.0.0","description":"Keep track of the overall completion of many dispirate processes","main":"index.js","scripts":{"test":"tap test/*.js"},"repository":{"type":"git","url":"https://github.com/iarna/are-we-there-yet.git"},"author":{"name":"Rebecca Turner","url":"http://re-becca.org"},"license":"ISC","bugs":{"url":"https://github.com/iarna/are-we-there-yet/issues"},"homepage":"https://github.com/iarna/are-we-there-yet","devDependencies":{"tap":"^0.4.13"},"dependencies":{"delegates":"^0.1.0"},"gitHead":"8e93269cef069811c80400b91859de21f7092b2b","_id":"are-we-there-yet@1.0.0","_shasum":"30f1c33af15b2c820964b6debd230e625815120b","_from":".","_npmVersion":"1.4.28","_npmUser":{"name":"iarna","email":"me@re-becca.org"},"maintainers":[{"name":"iarna","email":"me@re-becca.org"}],"dist":{"shasum":"30f1c33af15b2c820964b6debd230e625815120b","size":4657,"noattachment":false,"tarball":"http://registry.npm.taobao.org/are-we-there-yet/download/are-we-there-yet-1.0.0.tgz"},"directories":{},"publish_time":1418025151405,"_cnpm_publish_time":1418025151405,"_hasShrinkwrap":false}},"readme":"are-we-there-yet\n----------------\n\nTrack complex hiearchies of asynchronous task completion statuses.  This is\nintended to give you a way of recording and reporting the progress of the big\nrecursive fan-out and gather type workflows that are so common in async.\n\nWhat you do with this completion data is up to you, but the most common use case is to\nfeed it to one of the many progress bar modules.\n\nMost progress bar modules include a rudamentary version of this, but my\nneeds were more complex.\n\nUsage\n=====\n\n```javascript\nvar TrackerGroup = require(\"are-we-there-yet\").TrackerGroup\n\nvar top = new TrackerGroup(\"program\")\n\nvar single = top.newItem(\"one thing\", 100)\nsingle.completeWork(20)\n\nconsole.log(top.completed()) // 0.2\n\nfs.stat(\"file\", function(er, stat) {\n  if (er) throw er  \n  var stream = top.newStream(\"file\", stat.size)\n  console.log(top.completed()) // now 0.1 as single is 50% of the job and is 20% complete\n                              // and 50% * 20% == 10%\n  fs.createReadStream(\"file\").pipe(stream).on(\"data\", function (chunk) {\n    // do stuff with chunk\n  })\n  top.on(\"change\", function (name) {\n    // called each time a chunk is read from \"file\"\n    // top.completed() will start at 0.1 and fill up to 0.6 as the file is read\n  })\n})\n```\n\nShared Methods\n==============\n\n* var completed = tracker.completed()\n\nImplemented in: `Tracker`, `TrackerGroup`, `TrackerStream`\n\nReturns the ratio of completed work to work to be done. Range of 0 to 1.\n\n* tracker.finish()\n\nImplemented in: `Tracker`, `TrackerGroup`\n\nMarks the tracker as completed. With a TrackerGroup this marks all of its\ncomponents as completed.\n\nMarks all of the components of this tracker as finished, which in turn means\nthat `tracker.completed()` for this will now be 1.\n\nThis will result in one or more `change` events being emitted.\n\nEvents\n======\n\nAll tracker objects emit `change` events with the following arguments:\n\n```\nfunction (name, completed, tracker)\n```\n\n`name` is the name of the tracker that originally emitted the event,\nor if it didn't have one, the first containing tracker group that had one.\n\n`completed` is the percent complete (as returned by `tracker.completed()` method).\n\n`tracker` is the tracker object that you are listening for events on.\n\nTrackerGroup\n============\n\n* var tracker = new TrackerGroup(**name**)\n\n  * **name** *(optional)* - The name of this tracker group, used in change\n    notifications if the component updating didn't have a name. Defaults to undefined.\n\nCreates a new empty tracker aggregation group. These are trackers whose\ncompletion status is determined by the completion status of other trackers.\n\n* tracker.addUnit(**otherTracker**, **weight**)\n\n  * **otherTracker** - Any of the other are-we-there-yet tracker objects\n  * **weight** *(optional)* - The weight to give the tracker, defaults to 1.\n\nAdds the **otherTracker** to this aggregation group. The weight determines\nhow long you expect this tracker to take to complete in proportion to other\nunits.  So for instance, if you add one tracker with a weight of 1 and\nanother with a weight of 2, you're saying the second will take twice as long\nto complete as the first.  As such, the first will account for 33% of the\ncompletion of this tracker and the second will account for the other 67%.\n\nReturns **otherTracker**.\n\n* var subGroup = tracker.newGroup(**name**, **weight**)\n\nThe above is exactly equivalent to:\n\n```javascript\n  var subGroup = tracker.addUnit(new TrackerGroup(name), weight)\n```\n\n* var subItem = tracker.newItem(**name**, **todo**, **weight**)\n\nThe above is exactly equivalent to:\n\n```javascript\n  var subItem = tracker.addUnit(new Tracker(name, todo), weight)\n```\n\n* var subStream = tracker.newStream(**name**, **todo**, **weight**)\n\nThe above is exactly equivalent to:\n\n```javascript\n  var subStream = tracker.addUnit(new TrackerStream(name, todo), weight)\n```\n\n* console.log( tracker.debug() )\n\nReturns a tree showing the completion of this tracker group and all of its\nchildren, including recursively entering all of the children.\n\nTracker\n=======\n\n* var tracker = new Tracker(**name**, **todo**)\n\n  * **name** *(optional)* The name of this counter to report in change\n    events.  Defaults to undefined.\n  * **todo** *(optional)* The amount of work todo (a number). Defaults to 0.\n\nOrdinarily these are constructed as a part of a tracker group (via\n`newItem`).\n\n* var completed = tracker.completed()\n\nReturns the ratio of completed work to work to be done. Range of 0 to 1. If\ntotal work to be done is 0 then it will return 0.\n\n* tracker.addWork(**todo**)\n\n  * **todo** A number to add to the amount of work to be done.\n\nIncreases the amount of work to be done, thus decreasing the completion\npercentage.  Triggers a `change` event.\n\n* tracker.completeWork(**completed**)\n\n  * **completed** A number to add to the work complete\n\nIncrease the amount of work complete, thus increasing the completion percentage.\nWill never increase the work completed past the amount of work todo. That is,\npercentages > 100% are not allowed. Triggers a `change` event.\n\n* tracker.finish()\n\nMarks this tracker as finished, tracker.completed() will now be 1. Triggers\na `change` event.\n\nTrackerStream\n=============\n\n* var tracker = new TrackerStream(**name**, **size**, **options**)\n\n  * **name** *(optional)* The name of this counter to report in change\n    events.  Defaults to undefined.\n  * **size** *(optional)* The number of bytes being sent through this stream.\n  * **options** *(optional)* A hash of stream options\n\nThe tracker stream object is a pass through stream that updates an internal\ntracker object each time a block passes through.  It's intended to track\ndownloads, file extraction and other related activities. You use it by piping\nyour data source into it and then using it as your data source.\n\nIf your data has a length attribute then that's used as the amount of work\ncompleted when the chunk is passed through.  If it does not (eg, object\nstreams) then each chunk counts as completing 1 unit of work, so your size\nshould be the total number of objects being streamed.\n\n* tracker.addWork(**todo**)\n\n  * **todo** Increase the expected overall size by **todo** bytes.\n\nIncreases the amount of work to be done, thus decreasing the completion\npercentage.  Triggers a `change` event.\n","_attachments":{},"homepage":"https://github.com/iarna/are-we-there-yet","bugs":{"url":"https://github.com/iarna/are-we-there-yet/issues"},"license":"ISC","_etag":"\"576a-k2T5qul7hA7Clu5VExUmOtTe4oE\""}