{"_id":"ecc-jsbn","_rev":"7-6a48294403a6a21448691893088b3438","name":"ecc-jsbn","description":"ECC JS code based on JSBN","dist-tags":{"latest":"0.1.1"},"versions":{"0.0.1":{"name":"ecc-jsbn","version":"0.0.1","description":"ECC JS code based on JSBN","main":"index.js","repository":{"type":"git","url":"https://github.com/quartzjer/ecc-jsbn.git"},"keywords":["jsbn","ecc","browserify"],"author":{"name":"Jeremie Miller","email":"jeremie@jabber.org","url":"http://jeremie.com/"},"maintainers":[{"name":"quartzjer","email":"jeremie@jabber.org"}],"dependencies":{"jsbn":"git+https://github.com/rynomad/jsbn.git"},"license":"MIT","bugs":{"url":"https://github.com/quartzjer/ecc-jsbn/issues"},"homepage":"https://github.com/quartzjer/ecc-jsbn","_id":"ecc-jsbn@0.0.1","dist":{"shasum":"970577ba31b4976fb1889a298cb7451d896c466d","tarball":"https://registry.npmjs.org/ecc-jsbn/-/ecc-jsbn-0.0.1.tgz"},"_from":".","_npmVersion":"1.3.18","_npmUser":{"name":"quartzjer","email":"jeremie@jabber.org"},"directories":{}},"0.1.1":{"name":"ecc-jsbn","version":"0.1.1","description":"ECC JS code based on JSBN","main":"index.js","repository":{"type":"git","url":"git+https://github.com/quartzjer/ecc-jsbn.git"},"keywords":["jsbn","ecc","browserify"],"author":{"name":"Jeremie Miller","email":"jeremie@jabber.org","url":"http://jeremie.com/"},"maintainers":[{"name":"quartzjer","email":"jeremie@jabber.org"},{"name":"rynomad","email":"nomad.ry@gmail.com"}],"dependencies":{"jsbn":"~0.1.0"},"license":"MIT","bugs":{"url":"https://github.com/quartzjer/ecc-jsbn/issues"},"homepage":"https://github.com/quartzjer/ecc-jsbn","gitHead":"d35a360352496721030da645e8054f07efc22487","_id":"ecc-jsbn@0.1.1","scripts":{},"_shasum":"0fc73a9ed5f0d53c38193398523ef7e543777505","_from":".","_npmVersion":"2.11.2","_nodeVersion":"0.12.6","_npmUser":{"name":"quartzjer","email":"jeremie@jabber.org"},"dist":{"shasum":"0fc73a9ed5f0d53c38193398523ef7e543777505","tarball":"https://registry.npmjs.org/ecc-jsbn/-/ecc-jsbn-0.1.1.tgz"},"directories":{}}},"readme":"ecc-jsbn\n========\n\nECC package based on [jsbn](https://github.com/andyperlitch/jsbn) from [Tom Wu](http://www-cs-students.stanford.edu/~tjw/).\n\nThis is a subset of the same interface as the [node compiled module](https://github.com/quartzjer/ecc), but works in the browser too.\n\nAlso uses point compression now from [https://github.com/kaielvin](https://github.com/kaielvin/jsbn-ec-point-compression).\n","maintainers":[{"name":"quartzjer","email":"jeremie@jabber.org"},{"name":"rynomad","email":"nomad.ry@gmail.com"}],"time":{"modified":"2016-11-01T17:18:21.280Z","created":"2014-03-06T05:48:33.314Z","0.0.1":"2014-03-06T05:48:34.662Z","0.1.1":"2015-11-23T14:19:09.579Z"},"readmeFilename":"README.md","homepage":"https://github.com/quartzjer/ecc-jsbn","keywords":["jsbn","ecc","browserify"],"repository":{"type":"git","url":"git+https://github.com/quartzjer/ecc-jsbn.git"},"author":{"name":"Jeremie Miller","email":"jeremie@jabber.org","url":"http://jeremie.com/"},"bugs":{"url":"https://github.com/quartzjer/ecc-jsbn/issues"},"license":"MIT","users":{"mojaray2k":true},"_attachments":{},"_etag":"W/\"5818ce5d-c2e\"","_lastModified":"Tue, 01 Nov 2016 17:18:21 GMT","_cached":true}