{"_id":"process-nextick-args","_rev":"1732333","name":"process-nextick-args","description":"process.nextTick but always with args","dist-tags":{"latest":"1.0.7"},"maintainers":[{"name":"cwmma","email":"calvin.metcalf@gmail.com"}],"time":{"modified":"2017-03-31T09:37:45.000Z","created":"2015-05-21T22:06:18.527Z","1.0.7":"2016-05-04T20:37:34.467Z","1.0.6":"2015-12-03T01:12:25.011Z","1.0.5":"2015-12-02T10:37:54.526Z","1.0.4":"2015-12-02T00:20:19.202Z","1.0.3":"2015-09-09T18:43:39.402Z","1.0.2":"2015-07-16T12:03:58.178Z","1.0.1":"2015-05-21T22:21:41.256Z","1.0.0":"2015-05-21T22:06:18.527Z"},"users":{"bret":true,"mojaray2k":true},"author":"","repository":{"type":"git","url":"https://github.com/calvinmetcalf/process-nextick-args.git"},"versions":{"1.0.7":{"name":"process-nextick-args","version":"1.0.7","description":"process.nextTick but always with args","main":"index.js","scripts":{"test":"node test.js"},"repository":{"type":"git","url":"https://github.com/calvinmetcalf/process-nextick-args.git"},"author":"","license":"MIT","bugs":{"url":"https://github.com/calvinmetcalf/process-nextick-args/issues"},"homepage":"https://github.com/calvinmetcalf/process-nextick-args","devDependencies":{"tap":"~0.2.6"},"gitHead":"5c00899ab01dd32f93ad4b5743da33da91404f39","_id":"process-nextick-args@1.0.7","_shasum":"150e20b756590ad3f91093f25a4f2ad8bff30ba3","_from":".","_npmVersion":"3.8.6","_nodeVersion":"5.11.0","_npmUser":{"name":"cwmma","email":"calvin.metcalf@gmail.com"},"dist":{"shasum":"150e20b756590ad3f91093f25a4f2ad8bff30ba3","size":1923,"noattachment":false,"tarball":"http://registry.npm.taobao.org/process-nextick-args/download/process-nextick-args-1.0.7.tgz"},"maintainers":[{"name":"cwmma","email":"calvin.metcalf@gmail.com"}],"_npmOperationalInternal":{"host":"packages-12-west.internal.npmjs.com","tmp":"tmp/process-nextick-args-1.0.7.tgz_1462394251778_0.36989671061746776"},"directories":{},"publish_time":1462394254467,"_cnpm_publish_time":1462394254467,"_hasShrinkwrap":false},"1.0.6":{"name":"process-nextick-args","version":"1.0.6","description":"process.nextTick but always with args","main":"index.js","scripts":{"test":"node test.js"},"repository":{"type":"git","url":"git+https://github.com/calvinmetcalf/process-nextick-args.git"},"author":"","license":"MIT","bugs":{"url":"https://github.com/calvinmetcalf/process-nextick-args/issues"},"homepage":"https://github.com/calvinmetcalf/process-nextick-args","devDependencies":{"tap":"~0.2.6"},"gitHead":"e85787b05a8c3c1adb714f332d822e9162699c78","_id":"process-nextick-args@1.0.6","_shasum":"0f96b001cea90b12592ce566edb97ec11e69bd05","_from":".","_npmVersion":"2.14.4","_nodeVersion":"4.1.1","_npmUser":{"name":"cwmma","email":"calvin.metcalf@gmail.com"},"dist":{"shasum":"0f96b001cea90b12592ce566edb97ec11e69bd05","size":1769,"noattachment":false,"tarball":"http://registry.npm.taobao.org/process-nextick-args/download/process-nextick-args-1.0.6.tgz"},"maintainers":[{"name":"cwmma","email":"calvin.metcalf@gmail.com"}],"directories":{},"publish_time":1449105145011,"_cnpm_publish_time":1449105145011,"_hasShrinkwrap":false},"1.0.5":{"name":"process-nextick-args","version":"1.0.5","description":"process.nextTick but always with args","main":"index.js","scripts":{"test":"node test.js"},"repository":{"type":"git","url":"git+https://github.com/calvinmetcalf/process-nextick-args.git"},"author":"","license":"MIT","bugs":{"url":"https://github.com/calvinmetcalf/process-nextick-args/issues"},"homepage":"https://github.com/calvinmetcalf/process-nextick-args","devDependencies":{"tap":"~0.2.6"},"gitHead":"c5c594df85299636b95a49fa24b4ad34120a9978","_id":"process-nextick-args@1.0.5","_shasum":"aec23defcb8e82f50c81aefa206661b67f3f6ee5","_from":".","_npmVersion":"2.14.4","_nodeVersion":"4.1.1","_npmUser":{"name":"cwmma","email":"calvin.metcalf@gmail.com"},"dist":{"shasum":"aec23defcb8e82f50c81aefa206661b67f3f6ee5","size":1744,"noattachment":false,"tarball":"http://registry.npm.taobao.org/process-nextick-args/download/process-nextick-args-1.0.5.tgz"},"maintainers":[{"name":"cwmma","email":"calvin.metcalf@gmail.com"}],"directories":{},"publish_time":1449052674526,"_cnpm_publish_time":1449052674526,"_hasShrinkwrap":false},"1.0.4":{"name":"process-nextick-args","version":"1.0.4","description":"process.nextTick but always with args","main":"index.js","scripts":{"test":"node test.js"},"repository":{"type":"git","url":"git+https://github.com/calvinmetcalf/process-nextick-args.git"},"author":"","license":"MIT","bugs":{"url":"https://github.com/calvinmetcalf/process-nextick-args/issues"},"homepage":"https://github.com/calvinmetcalf/process-nextick-args","devDependencies":{"tap":"~0.2.6"},"gitHead":"a3128dc05e1a16c905257e34ee26c696412de545","_id":"process-nextick-args@1.0.4","_shasum":"7890ef9b7f70e1200ff716c22fc65d09803dfdd4","_from":".","_npmVersion":"2.14.4","_nodeVersion":"4.1.1","_npmUser":{"name":"cwmma","email":"calvin.metcalf@gmail.com"},"dist":{"shasum":"7890ef9b7f70e1200ff716c22fc65d09803dfdd4","size":1688,"noattachment":false,"tarball":"http://registry.npm.taobao.org/process-nextick-args/download/process-nextick-args-1.0.4.tgz"},"maintainers":[{"name":"cwmma","email":"calvin.metcalf@gmail.com"}],"directories":{},"publish_time":1449015619202,"_cnpm_publish_time":1449015619202,"_hasShrinkwrap":false},"1.0.3":{"name":"process-nextick-args","version":"1.0.3","description":"process.nextTick but always with args","main":"index.js","scripts":{"test":"node test.js"},"repository":{"type":"git","url":"git+https://github.com/calvinmetcalf/process-nextick-args.git"},"author":"","license":"MIT","bugs":{"url":"https://github.com/calvinmetcalf/process-nextick-args/issues"},"homepage":"https://github.com/calvinmetcalf/process-nextick-args","devDependencies":{"tap":"~0.2.6"},"gitHead":"e855846a69662b9489f1ad3dde1ebf2ccc4370b8","_id":"process-nextick-args@1.0.3","_shasum":"e272eed825d5e9f4ea74d8d73b1fe311c3beb630","_from":".","_npmVersion":"2.9.0","_nodeVersion":"2.5.0","_npmUser":{"name":"cwmma","email":"calvin.metcalf@gmail.com"},"dist":{"shasum":"e272eed825d5e9f4ea74d8d73b1fe311c3beb630","size":2312,"noattachment":false,"tarball":"http://registry.npm.taobao.org/process-nextick-args/download/process-nextick-args-1.0.3.tgz"},"maintainers":[{"name":"cwmma","email":"calvin.metcalf@gmail.com"}],"directories":{},"publish_time":1441824219402,"_cnpm_publish_time":1441824219402,"_hasShrinkwrap":false},"1.0.2":{"name":"process-nextick-args","version":"1.0.2","description":"process.nextTick but always with args","main":"index.js","scripts":{"test":"node test.js"},"repository":{"type":"git","url":"git+https://github.com/calvinmetcalf/process-nextick-args.git"},"author":"","license":"MIT","bugs":{"url":"https://github.com/calvinmetcalf/process-nextick-args/issues"},"homepage":"https://github.com/calvinmetcalf/process-nextick-args","devDependencies":{"tap":"~0.2.6"},"gitHead":"295707643b4ed6667c1afb71ffb6101669b5dac2","_id":"process-nextick-args@1.0.2","_shasum":"8b4d3fc586668bd5b6573e732edf2b71c1c1d8aa","_from":".","_npmVersion":"2.11.1","_nodeVersion":"2.3.0","_npmUser":{"name":"cwmma","email":"calvin.metcalf@gmail.com"},"dist":{"shasum":"8b4d3fc586668bd5b6573e732edf2b71c1c1d8aa","size":956,"noattachment":false,"tarball":"http://registry.npm.taobao.org/process-nextick-args/download/process-nextick-args-1.0.2.tgz"},"maintainers":[{"name":"cwmma","email":"calvin.metcalf@gmail.com"}],"directories":{},"publish_time":1437048238178,"_cnpm_publish_time":1437048238178,"_hasShrinkwrap":false},"1.0.1":{"name":"process-nextick-args","version":"1.0.1","description":"process.nextTick but always with args","main":"index.js","scripts":{"test":"node test.js"},"repository":{"type":"git","url":"https://github.com/calvinmetcalf/process-nextick-args.git"},"author":"","license":"MIT","bugs":{"url":"https://github.com/calvinmetcalf/process-nextick-args/issues"},"homepage":"https://github.com/calvinmetcalf/process-nextick-args","devDependencies":{"tap":"~0.2.6"},"gitHead":"b7c95b21096503e76a1b7f4f60920d32d8378eeb","_id":"process-nextick-args@1.0.1","_shasum":"918a5ab4a7744340b83ff416101ba53c5c531879","_from":".","_npmVersion":"2.0.0","_npmUser":{"name":"cwmma","email":"calvin.metcalf@gmail.com"},"maintainers":[{"name":"cwmma","email":"calvin.metcalf@gmail.com"}],"dist":{"shasum":"918a5ab4a7744340b83ff416101ba53c5c531879","size":968,"noattachment":false,"tarball":"http://registry.npm.taobao.org/process-nextick-args/download/process-nextick-args-1.0.1.tgz"},"directories":{},"publish_time":1432246901256,"_cnpm_publish_time":1432246901256,"_hasShrinkwrap":false},"1.0.0":{"name":"process-nextick-args","version":"1.0.0","description":"process.nextTick but always with args","main":"index.js","scripts":{"test":"node test.js | tspec"},"repository":{"type":"git","url":"https://github.com/calvinmetcalf/process-nextick-args.git"},"author":"","license":"MIT","bugs":{"url":"https://github.com/calvinmetcalf/process-nextick-args/issues"},"homepage":"https://github.com/calvinmetcalf/process-nextick-args","devDependencies":{"tap-spec":"^3.0.0","tape":"^4.0.0"},"gitHead":"3305d2f1aef9bc8a061a3958a9e76a72db307e4d","_id":"process-nextick-args@1.0.0","_shasum":"287028923c8d1626558765564696ae8a3c124d53","_from":".","_npmVersion":"2.0.0","_npmUser":{"name":"cwmma","email":"calvin.metcalf@gmail.com"},"maintainers":[{"name":"cwmma","email":"calvin.metcalf@gmail.com"}],"dist":{"shasum":"287028923c8d1626558765564696ae8a3c124d53","size":930,"noattachment":false,"tarball":"http://registry.npm.taobao.org/process-nextick-args/download/process-nextick-args-1.0.0.tgz"},"directories":{},"publish_time":1432245978527,"_cnpm_publish_time":1432245978527,"_hasShrinkwrap":false}},"readme":"process-nextick-args\n=====\n\n[![Build Status](https://travis-ci.org/calvinmetcalf/process-nextick-args.svg?branch=master)](https://travis-ci.org/calvinmetcalf/process-nextick-args)\n\n```bash\nnpm install --save process-nextick-args\n```\n\nAlways be able to pass arguments to process.nextTick, no matter the platform\n\n```js\nvar nextTick = require('process-nextick-args');\n\nnextTick(function (a, b, c) {\n  console.log(a, b, c);\n}, 'step', 3,  'profit');\n```\n","_attachments":{},"homepage":"https://github.com/calvinmetcalf/process-nextick-args","bugs":{"url":"https://github.com/calvinmetcalf/process-nextick-args/issues"},"license":"MIT","_etag":"\"2867-bWKg96+orxktjqDOY+lLk59BWO4\""}