{"_id":"jsonify","_rev":"74498","name":"jsonify","description":"JSON without touching any globals","dist-tags":{"latest":"0.0.0"},"maintainers":[{"name":"substack","email":"substack@gmail.com"}],"time":{"modified":"2017-03-30T04:29:22.000Z","created":"2011-08-21T12:22:24.348Z","0.0.0":"2011-08-21T12:22:24.348Z"},"users":{"luk":true},"author":{"name":"Douglas Crockford","url":"http://crockford.com/"},"repository":{"type":"git","url":"git://github.com/substack/jsonify.git"},"versions":{"0.0.0":{"name":"jsonify","version":"0.0.0","description":"JSON without touching any globals","main":"index.js","directories":{"lib":".","test":"test"},"devDependencies":{"tap":"0.0.x","garbage":"0.0.x"},"scripts":{"test":"tap test"},"repository":{"type":"git","url":"git://github.com/substack/jsonify.git"},"keywords":["json","browser"],"author":{"name":"Douglas Crockford","url":"http://crockford.com/"},"license":"Public Domain","_id":"jsonify@0.0.0","dependencies":{},"engines":{"node":"*"},"_engineSupported":true,"_npmVersion":"1.0.10","_nodeVersion":"v0.5.0-pre","_defaultsLoaded":true,"dist":{"shasum":"2c74b6ee41d93ca51b7b5aaee8f503631d252a73","size":4376,"noattachment":false,"tarball":"http://registry.npm.taobao.org/jsonify/download/jsonify-0.0.0.tgz"},"maintainers":[{"name":"substack","email":"substack@gmail.com"}],"publish_time":1313929344348,"_hasShrinkwrap":false,"_cnpm_publish_time":1313929344348}},"_attachments":{},"license":"Public Domain","_etag":"\"5ac-s4RyiB8b3WNeZBKKHKnLK/sVfMY\""}