{"_id":"npm-request","_rev":"5-5cac3c01939ccfef8776001d79f1897c","name":"npm-request","description":"request with npmrc's auth","dist-tags":{"latest":"1.0.0"},"versions":{"0.0.1":{"name":"npm-request","description":"request with npmrc's auth","repository":{"type":"git","url":"git://github.com/dead-horse/npm-request"},"version":"0.0.1","keywords":["npm","request","auth"],"author":{"name":"dead_horse","email":"dead_horse@qq.com"},"files":["index.js"],"dependencies":{"urllib":"0.5.5"},"devDependencies":{},"license":"MIT","bugs":{"url":"https://github.com/dead-horse/npm-request/issues"},"homepage":"https://github.com/dead-horse/npm-request","_id":"npm-request@0.0.1","dist":{"shasum":"db7f2f32f1a9cd81c592400f526bfe6d1de7916a","tarball":"https://registry.npmjs.org/npm-request/-/npm-request-0.0.1.tgz"},"_from":".","_npmVersion":"1.3.22","_npmUser":{"name":"dead_horse","email":"dead_horse@qq.com"},"maintainers":[{"name":"dead_horse","email":"dead_horse@qq.com"}],"directories":{}},"0.0.3":{"name":"npm-request","description":"request with npmrc's auth","repository":{"type":"git","url":"git://github.com/dead-horse/npm-request"},"version":"0.0.3","keywords":["npm","request","auth"],"author":{"name":"dead_horse","email":"dead_horse@qq.com"},"files":["index.js"],"dependencies":{"urllib":"0.5.5"},"devDependencies":{},"license":"MIT","bugs":{"url":"https://github.com/dead-horse/npm-request/issues"},"homepage":"https://github.com/dead-horse/npm-request","_id":"npm-request@0.0.3","dist":{"shasum":"7ce0d59f04a8669ffb26fd770935d6cfccbde4c6","tarball":"https://registry.npmjs.org/npm-request/-/npm-request-0.0.3.tgz"},"_from":".","_npmVersion":"1.3.22","_npmUser":{"name":"dead_horse","email":"dead_horse@qq.com"},"maintainers":[{"name":"dead_horse","email":"dead_horse@qq.com"}],"directories":{}},"0.0.4":{"name":"npm-request","description":"request with npmrc's auth","repository":{"type":"git","url":"git://github.com/dead-horse/npm-request"},"version":"0.0.4","keywords":["npm","request","auth"],"author":{"name":"dead_horse","email":"dead_horse@qq.com"},"files":["index.js"],"dependencies":{"urllib":"0.5.11"},"devDependencies":{"autod":"*"},"scripts":{"autod":"autod -w"},"license":"MIT","bugs":{"url":"https://github.com/dead-horse/npm-request/issues"},"homepage":"https://github.com/dead-horse/npm-request","_id":"npm-request@0.0.4","dist":{"shasum":"bd8734e1bac1ec943a86ed8ee0bba8a969c28965","tarball":"https://registry.npmjs.org/npm-request/-/npm-request-0.0.4.tgz"},"_from":".","_npmVersion":"1.4.3","_npmUser":{"name":"dead_horse","email":"dead_horse@qq.com"},"maintainers":[{"name":"dead_horse","email":"dead_horse@qq.com"}],"directories":{}},"1.0.0":{"name":"npm-request","description":"request with npmrc's auth","repository":{"type":"git","url":"git+https://github.com/repo-utils/npm-request.git"},"version":"1.0.0","keywords":["npm","request","auth"],"author":{"name":"dead_horse","email":"dead_horse@qq.com"},"files":["index.js"],"dependencies":{"urllib":"^2.8.0"},"devDependencies":{"autod":"*","istanbul":"*","mocha":"*"},"scripts":{"test":"mocha -t 5000 test/*.test.js","test-cov":"istanbul cover node_modules/mocha/bin/_mocha -- -t 5000 test/*.test.js","autod":"autod -w --prefix '~'"},"engines":{"node":">=0.12.9"},"license":"MIT","gitHead":"0dbc9b6c61b43e9e79fcdf64d48795bd73d39a93","bugs":{"url":"https://github.com/repo-utils/npm-request/issues"},"homepage":"https://github.com/repo-utils/npm-request#readme","_id":"npm-request@1.0.0","_shasum":"3bca7a50ec6dbd390bf1465ad49d459e57d6f8bf","_from":".","_npmVersion":"2.12.0","_nodeVersion":"4.2.4","_npmUser":{"name":"dead_horse","email":"dead_horse@qq.com"},"dist":{"shasum":"3bca7a50ec6dbd390bf1465ad49d459e57d6f8bf","tarball":"https://registry.npmjs.org/npm-request/-/npm-request-1.0.0.tgz"},"maintainers":[{"name":"dead_horse","email":"dead_horse@qq.com"}],"_npmOperationalInternal":{"host":"packages-12-west.internal.npmjs.com","tmp":"tmp/npm-request-1.0.0.tgz_1457317922502_0.5489794691093266"},"directories":{}}},"readme":"npm-request\n===========\n\nnpm request with .npmrc's auth\n","maintainers":[{"name":"dead_horse","email":"dead_horse@qq.com"}],"time":{"modified":"2016-03-07T02:32:05.854Z","created":"2014-01-15T08:56:02.577Z","0.0.1":"2014-01-15T08:56:02.577Z","0.0.3":"2014-01-15T09:46:04.956Z","0.0.4":"2014-03-18T02:43:05.605Z","1.0.0":"2016-03-07T02:32:05.854Z"},"homepage":"https://github.com/repo-utils/npm-request#readme","keywords":["npm","request","auth"],"repository":{"type":"git","url":"git+https://github.com/repo-utils/npm-request.git"},"author":{"name":"dead_horse","email":"dead_horse@qq.com"},"bugs":{"url":"https://github.com/repo-utils/npm-request/issues"},"license":"MIT","readmeFilename":"README.md","_attachments":{},"_etag":"W/\"56dce825-127d\"","_lastModified":"Mon, 07 Mar 2016 02:32:05 GMT","_cached":true}