{"_id":"sntp","_rev":"80-e6fa9e721af743bcb55bdeeabe796391","name":"sntp","description":"SNTP Client","dist-tags":{"latest":"2.0.2"},"versions":{"0.0.0":{"name":"sntp","description":"SNTP Client","version":"0.0.0","author":{"name":"Eran Hammer","email":"eran@hueniverse.com","url":"http://hueniverse.com"},"contributors":[],"repository":{"type":"git","url":"git://github.com/hueniverse/sntp"},"main":"index","keywords":["sntp","ntp","time"],"engines":{"node":">=0.8.0"},"dependencies":{"hoek":"0.0.x"},"devDependencies":{"mocha":"1.x.x","chai":"1.x.x"},"scripts":{"test":"make test && make unit"},"licenses":[{"type":"BSD","url":"http://github.com/hueniverse/sntp/raw/master/LICENSE"}],"_id":"sntp@0.0.0","dist":{"shasum":"bb1aefecf3de425c7d6e01fa0041e719e0cf729a","tarball":"https://registry.npmjs.org/sntp/-/sntp-0.0.0.tgz"},"_npmVersion":"1.1.65","_npmUser":{"name":"hueniverse","email":"eran@hueniverse.com"},"maintainers":[{"name":"hueniverse","email":"eran@hueniverse.com"}],"directories":{}},"0.0.1":{"name":"sntp","description":"SNTP Client","version":"0.0.1","author":{"name":"Eran Hammer","email":"eran@hueniverse.com","url":"http://hueniverse.com"},"contributors":[],"repository":{"type":"git","url":"git://github.com/hueniverse/sntp"},"main":"index","keywords":["sntp","ntp","time"],"engines":{"node":">=0.8.0"},"dependencies":{},"devDependencies":{"mocha":"1.x.x","chai":"1.x.x"},"scripts":{"test":"make test && make unit"},"licenses":[{"type":"BSD","url":"http://github.com/hueniverse/sntp/raw/master/LICENSE"}],"_id":"sntp@0.0.1","dist":{"shasum":"448d18a46c66024adf849edc4eee78f27fa5c02b","tarball":"https://registry.npmjs.org/sntp/-/sntp-0.0.1.tgz"},"_npmVersion":"1.1.65","_npmUser":{"name":"hueniverse","email":"eran@hueniverse.com"},"maintainers":[{"name":"hueniverse","email":"eran@hueniverse.com"}],"directories":{}},"0.1.0":{"name":"sntp","description":"SNTP Client","version":"0.1.0","author":{"name":"Eran Hammer","email":"eran@hueniverse.com","url":"http://hueniverse.com"},"contributors":[],"repository":{"type":"git","url":"git://github.com/hueniverse/sntp"},"main":"index","keywords":["sntp","ntp","time"],"engines":{"node":">=0.8.0"},"dependencies":{},"devDependencies":{"mocha":"1.x.x","chai":"1.x.x"},"scripts":{"test":"make test && make unit"},"licenses":[{"type":"BSD","url":"http://github.com/hueniverse/sntp/raw/master/LICENSE"}],"_id":"sntp@0.1.0","dist":{"shasum":"a98d2d15c57efae0ec54652e61d258ed39cb9937","tarball":"https://registry.npmjs.org/sntp/-/sntp-0.1.0.tgz"},"_npmVersion":"1.1.65","_npmUser":{"name":"hueniverse","email":"eran@hueniverse.com"},"maintainers":[{"name":"hueniverse","email":"eran@hueniverse.com"}],"directories":{}},"0.1.1":{"name":"sntp","description":"SNTP Client","version":"0.1.1","author":{"name":"Eran Hammer","email":"eran@hueniverse.com","url":"http://hueniverse.com"},"contributors":[],"repository":{"type":"git","url":"git://github.com/hueniverse/sntp"},"main":"index","keywords":["sntp","ntp","time"],"engines":{"node":">=0.8.0"},"dependencies":{"hoek":"0.0.x"},"devDependencies":{"mocha":"1.x.x","chai":"1.x.x"},"scripts":{"test":"make test && make unit"},"licenses":[{"type":"BSD","url":"http://github.com/hueniverse/sntp/raw/master/LICENSE"}],"_id":"sntp@0.1.1","dist":{"shasum":"36c9a1a4c1b9721f9748613b7bb57cd879ce7905","tarball":"https://registry.npmjs.org/sntp/-/sntp-0.1.1.tgz"},"_npmVersion":"1.1.65","_npmUser":{"name":"hueniverse","email":"eran@hueniverse.com"},"maintainers":[{"name":"hueniverse","email":"eran@hueniverse.com"}],"directories":{}},"0.1.2":{"name":"sntp","description":"SNTP Client","version":"0.1.2","author":{"name":"Eran Hammer","email":"eran@hueniverse.com","url":"http://hueniverse.com"},"contributors":[],"repository":{"type":"git","url":"git://github.com/hueniverse/sntp"},"main":"index","keywords":["sntp","ntp","time"],"engines":{"node":">=0.8.0"},"dependencies":{"hoek":"0.4.x"},"devDependencies":{"mocha":"1.x.x","chai":"1.x.x"},"scripts":{"test":"make test && make unit"},"licenses":[{"type":"BSD","url":"http://github.com/hueniverse/sntp/raw/master/LICENSE"}],"_id":"sntp@0.1.2","dist":{"shasum":"354ea06f8e1ab696dde8a65009df719c2be6e308","tarball":"https://registry.npmjs.org/sntp/-/sntp-0.1.2.tgz"},"_from":".","_npmVersion":"1.2.2","_npmUser":{"name":"hueniverse","email":"eran@hueniverse.com"},"maintainers":[{"name":"hueniverse","email":"eran@hueniverse.com"}],"directories":{}},"0.1.3":{"name":"sntp","description":"SNTP Client","version":"0.1.3","author":{"name":"Eran Hammer","email":"eran@hueniverse.com","url":"http://hueniverse.com"},"contributors":[],"repository":{"type":"git","url":"git://github.com/hueniverse/sntp"},"main":"index","keywords":["sntp","ntp","time"],"engines":{"node":"0.8.x"},"dependencies":{"hoek":"0.4.x"},"devDependencies":{"mocha":"1.x.x","chai":"1.x.x","blanket":"1.0.x","travis-cov":"0.2.x"},"scripts":{"test":"make test && make test-cov","blanket":{"pattern":"//^((?!/node_modules/)(?!/test/).)*$/ig","onlyCwd":true,"data-cover-flags":{"branchTracking":true}},"travis-cov":{"threshold":100}},"licenses":[{"type":"BSD","url":"http://github.com/hueniverse/sntp/raw/master/LICENSE"}],"_id":"sntp@0.1.3","dist":{"shasum":"c2c96b2480d74d6a119aed94c6065b4720c4d09b","tarball":"https://registry.npmjs.org/sntp/-/sntp-0.1.3.tgz"},"_from":".","_npmVersion":"1.2.2","_npmUser":{"name":"hueniverse","email":"eran@hueniverse.com"},"maintainers":[{"name":"hueniverse","email":"eran@hueniverse.com"}],"directories":{}},"0.1.4":{"name":"sntp","description":"SNTP Client","version":"0.1.4","author":{"name":"Eran Hammer","email":"eran@hueniverse.com","url":"http://hueniverse.com"},"contributors":[],"repository":{"type":"git","url":"git://github.com/hueniverse/sntp"},"main":"index","keywords":["sntp","ntp","time"],"engines":{"node":"0.8.x"},"dependencies":{"hoek":"0.7.x"},"devDependencies":{"lab":"0.0.x","complexity-report":"0.x.x"},"scripts":{"test":"make test-cov"},"licenses":[{"type":"BSD","url":"http://github.com/hueniverse/sntp/raw/master/LICENSE"}],"_id":"sntp@0.1.4","dist":{"shasum":"5ef481b951a7b29affdf4afd7f26838fc1120f84","tarball":"https://registry.npmjs.org/sntp/-/sntp-0.1.4.tgz"},"_from":".","_npmVersion":"1.2.14","_npmUser":{"name":"hueniverse","email":"eran@hueniverse.com"},"maintainers":[{"name":"hueniverse","email":"eran@hueniverse.com"}],"directories":{}},"0.2.0":{"name":"sntp","description":"SNTP Client","version":"0.2.0","author":{"name":"Eran Hammer","email":"eran@hueniverse.com","url":"http://hueniverse.com"},"contributors":[],"repository":{"type":"git","url":"git://github.com/hueniverse/sntp"},"main":"index","keywords":["sntp","ntp","time"],"engines":{"node":"0.10.x"},"dependencies":{"hoek":"0.8.x"},"devDependencies":{"lab":"0.1.x","complexity-report":"0.x.x"},"scripts":{"test":"make test-cov"},"licenses":[{"type":"BSD","url":"http://github.com/hueniverse/sntp/raw/master/LICENSE"}],"_id":"sntp@0.2.0","dist":{"shasum":"d20a32ed0b1cbb0273c1677c48a85ee0d495df51","tarball":"https://registry.npmjs.org/sntp/-/sntp-0.2.0.tgz"},"_from":".","_npmVersion":"1.2.17","_npmUser":{"name":"hueniverse","email":"eran@hueniverse.com"},"maintainers":[{"name":"hueniverse","email":"eran@hueniverse.com"}],"directories":{}},"0.2.1":{"name":"sntp","description":"SNTP Client","version":"0.2.1","author":{"name":"Eran Hammer","email":"eran@hueniverse.com","url":"http://hueniverse.com"},"contributors":[],"repository":{"type":"git","url":"git://github.com/hueniverse/sntp"},"main":"index","keywords":["sntp","ntp","time"],"engines":{"node":"0.10.x"},"dependencies":{"hoek":"0.8.x"},"devDependencies":{"lab":"0.1.x","complexity-report":"0.x.x"},"scripts":{"test":"make test-cov"},"licenses":[{"type":"BSD","url":"http://github.com/hueniverse/sntp/raw/master/LICENSE"}],"_id":"sntp@0.2.1","dist":{"shasum":"8106d81946b22bfc094ca1e5c5e63c324b4c9a2d","tarball":"https://registry.npmjs.org/sntp/-/sntp-0.2.1.tgz"},"_from":".","_npmVersion":"1.2.17","_npmUser":{"name":"hueniverse","email":"eran@hueniverse.com"},"maintainers":[{"name":"hueniverse","email":"eran@hueniverse.com"}],"directories":{}},"0.2.2":{"name":"sntp","description":"SNTP Client","version":"0.2.2","author":{"name":"Eran Hammer","email":"eran@hueniverse.com","url":"http://hueniverse.com"},"contributors":[],"repository":{"type":"git","url":"git://github.com/hueniverse/sntp"},"main":"index","keywords":["sntp","ntp","time"],"engines":{"node":">=0.8.0"},"dependencies":{"hoek":"0.8.x"},"devDependencies":{"lab":"0.1.x","complexity-report":"0.x.x"},"scripts":{"test":"make test-cov"},"licenses":[{"type":"BSD","url":"http://github.com/hueniverse/sntp/raw/master/LICENSE"}],"_id":"sntp@0.2.2","dist":{"shasum":"a1d912512fd67dade06e3de0bc3f20640b8b7279","tarball":"https://registry.npmjs.org/sntp/-/sntp-0.2.2.tgz"},"_from":".","_npmVersion":"1.2.14","_npmUser":{"name":"hueniverse","email":"eran@hueniverse.com"},"maintainers":[{"name":"hueniverse","email":"eran@hueniverse.com"}],"directories":{}},"0.2.3":{"name":"sntp","description":"SNTP Client","version":"0.2.3","author":{"name":"Eran Hammer","email":"eran@hueniverse.com","url":"http://hueniverse.com"},"contributors":[],"repository":{"type":"git","url":"git://github.com/hueniverse/sntp"},"main":"index","keywords":["sntp","ntp","time"],"engines":{"node":">=0.8.0"},"dependencies":{"hoek":"0.8.x"},"devDependencies":{"lab":"0.1.x","complexity-report":"0.x.x"},"scripts":{"test":"make test-cov"},"licenses":[{"type":"BSD","url":"http://github.com/hueniverse/sntp/raw/master/LICENSE"}],"_id":"sntp@0.2.3","dist":{"shasum":"0b4061cf431d9008700711ff4e09efac99a56195","tarball":"https://registry.npmjs.org/sntp/-/sntp-0.2.3.tgz"},"_from":".","_npmVersion":"1.2.18","_npmUser":{"name":"hueniverse","email":"eran@hueniverse.com"},"maintainers":[{"name":"hueniverse","email":"eran@hueniverse.com"}],"directories":{}},"0.2.4":{"name":"sntp","description":"SNTP Client","version":"0.2.4","author":{"name":"Eran Hammer","email":"eran@hueniverse.com","url":"http://hueniverse.com"},"contributors":[],"repository":{"type":"git","url":"git://github.com/hueniverse/sntp"},"main":"index","keywords":["sntp","ntp","time"],"engines":{"node":">=0.8.0"},"dependencies":{"hoek":"0.9.x"},"devDependencies":{"lab":"0.1.x","complexity-report":"0.x.x"},"scripts":{"test":"make test-cov"},"licenses":[{"type":"BSD","url":"http://github.com/hueniverse/sntp/raw/master/LICENSE"}],"_id":"sntp@0.2.4","dist":{"shasum":"fb885f18b0f3aad189f824862536bceeec750900","tarball":"https://registry.npmjs.org/sntp/-/sntp-0.2.4.tgz"},"_from":".","_npmVersion":"1.2.18","_npmUser":{"name":"hueniverse","email":"eran@hueniverse.com"},"maintainers":[{"name":"hueniverse","email":"eran@hueniverse.com"}],"directories":{}},"1.0.0":{"name":"sntp","description":"SNTP Client","version":"1.0.0","author":{"name":"Eran Hammer","email":"eran@hueniverse.com","url":"http://hueniverse.com"},"contributors":[],"repository":{"type":"git","url":"git://github.com/hueniverse/sntp"},"main":"index","keywords":["sntp","ntp","time"],"engines":{"node":">=0.8.0"},"dependencies":{"hoek":"1.0.x"},"devDependencies":{"lab":"1.x.x"},"scripts":{"test":"make test-cov"},"licenses":[{"type":"BSD","url":"http://github.com/hueniverse/sntp/raw/master/LICENSE"}],"bugs":{"url":"https://github.com/hueniverse/sntp/issues"},"_id":"sntp@1.0.0","dist":{"shasum":"1d60853768fff40ada6342944c376c17a6efe48a","tarball":"https://registry.npmjs.org/sntp/-/sntp-1.0.0.tgz"},"_from":".","_npmVersion":"1.3.11","_npmUser":{"name":"hueniverse","email":"eran@hueniverse.com"},"maintainers":[{"name":"hueniverse","email":"eran@hueniverse.com"}],"directories":{}},"1.0.1":{"name":"sntp","description":"SNTP Client","version":"1.0.1","author":{"name":"Eran Hammer","email":"eran@hueniverse.com","url":"http://hueniverse.com"},"contributors":[],"repository":{"type":"git","url":"git://github.com/hueniverse/sntp"},"main":"index","keywords":["sntp","ntp","time"],"engines":{"node":">=0.8.0"},"dependencies":{"hoek":"1.x.x"},"devDependencies":{"lab":"1.x.x"},"scripts":{"test":"make test-cov"},"licenses":[{"type":"BSD","url":"http://github.com/hueniverse/sntp/raw/master/LICENSE"}],"bugs":{"url":"https://github.com/hueniverse/sntp/issues"},"_id":"sntp@1.0.1","dist":{"shasum":"bd946733050b02ed10224c333cd1bc95057d0b28","tarball":"https://registry.npmjs.org/sntp/-/sntp-1.0.1.tgz"},"_from":".","_npmVersion":"1.3.11","_npmUser":{"name":"hueniverse","email":"eran@hueniverse.com"},"maintainers":[{"name":"hueniverse","email":"eran@hueniverse.com"}],"directories":{}},"1.0.2":{"name":"sntp","description":"SNTP Client","version":"1.0.2","author":{"name":"Eran Hammer","email":"eran@hueniverse.com","url":"http://hueniverse.com"},"contributors":[],"repository":{"type":"git","url":"git://github.com/hueniverse/sntp"},"main":"index","keywords":["sntp","ntp","time"],"engines":{"node":">=0.8.0"},"dependencies":{"hoek":"1.x.x"},"devDependencies":{"lab":"1.x.x"},"scripts":{"test":"make test-cov"},"licenses":[{"type":"BSD","url":"http://github.com/hueniverse/sntp/raw/master/LICENSE"}],"bugs":{"url":"https://github.com/hueniverse/sntp/issues"},"homepage":"https://github.com/hueniverse/sntp","_id":"sntp@1.0.2","dist":{"shasum":"b3a08dc138e64beb0e8df8322ad690b8acc740bf","tarball":"https://registry.npmjs.org/sntp/-/sntp-1.0.2.tgz"},"_from":".","_npmVersion":"1.3.23","_npmUser":{"name":"hueniverse","email":"eran@hueniverse.com"},"maintainers":[{"name":"hueniverse","email":"eran@hueniverse.com"}],"directories":{}},"1.0.3":{"name":"sntp","description":"SNTP Client","version":"1.0.3","author":{"name":"Eran Hammer","email":"eran@hueniverse.com","url":"http://hueniverse.com"},"contributors":[],"repository":{"type":"git","url":"git://github.com/hueniverse/sntp"},"main":"index","keywords":["sntp","ntp","time"],"engines":{"node":">=0.8.0"},"dependencies":{"hoek":"1.x.x"},"devDependencies":{"lab":"1.x.x"},"scripts":{"test":"make test-cov"},"licenses":[{"type":"BSD","url":"http://github.com/hueniverse/sntp/raw/master/LICENSE"}],"bugs":{"url":"https://github.com/hueniverse/sntp/issues"},"homepage":"https://github.com/hueniverse/sntp","_id":"sntp@1.0.3","dist":{"shasum":"73efcadf01609e662f650ec2bd92bc3a9fa7d8a7","tarball":"https://registry.npmjs.org/sntp/-/sntp-1.0.3.tgz"},"_from":".","_npmVersion":"1.4.4","_npmUser":{"name":"hueniverse","email":"eran@hueniverse.com"},"maintainers":[{"name":"hueniverse","email":"eran@hueniverse.com"}],"directories":{}},"1.0.4":{"name":"sntp","description":"SNTP Client","version":"1.0.4","author":{"name":"Eran Hammer","email":"eran@hueniverse.com","url":"http://hueniverse.com"},"contributors":[],"repository":{"type":"git","url":"git://github.com/hueniverse/sntp"},"main":"index","keywords":["sntp","ntp","time"],"engines":{"node":">=0.8.0"},"dependencies":{"hoek":"2.x.x"},"devDependencies":{"lab":"3.x.x"},"scripts":{"test":"make test-cov"},"licenses":[{"type":"BSD","url":"http://github.com/hueniverse/sntp/raw/master/LICENSE"}],"bugs":{"url":"https://github.com/hueniverse/sntp/issues"},"homepage":"https://github.com/hueniverse/sntp","_id":"sntp@1.0.4","dist":{"shasum":"7ca076b08976533c0f5bd3d227c4bf237c22dac0","tarball":"https://registry.npmjs.org/sntp/-/sntp-1.0.4.tgz"},"_from":".","_npmVersion":"1.4.3","_npmUser":{"name":"hueniverse","email":"eran@hueniverse.com"},"maintainers":[{"name":"hueniverse","email":"eran@hueniverse.com"}],"directories":{}},"1.0.5":{"name":"sntp","description":"SNTP Client","version":"1.0.5","author":{"name":"Eran Hammer","email":"eran@hueniverse.com","url":"http://hueniverse.com"},"contributors":[],"repository":{"type":"git","url":"git://github.com/hueniverse/sntp"},"main":"index","keywords":["sntp","ntp","time"],"engines":{"node":">=0.8.0"},"dependencies":{"hoek":"2.x.x"},"devDependencies":{"lab":"3.x.x"},"scripts":{"test":"make test-cov"},"licenses":[{"type":"BSD","url":"http://github.com/hueniverse/sntp/raw/master/LICENSE"}],"bugs":{"url":"https://github.com/hueniverse/sntp/issues"},"homepage":"https://github.com/hueniverse/sntp","_id":"sntp@1.0.5","dist":{"shasum":"ef8f7f230baf11d0ff429e1d18d8abbfd077d870","tarball":"https://registry.npmjs.org/sntp/-/sntp-1.0.5.tgz"},"_from":".","_npmVersion":"1.4.3","_npmUser":{"name":"hueniverse","email":"eran@hueniverse.com"},"maintainers":[{"name":"hueniverse","email":"eran@hueniverse.com"}],"directories":{}},"1.0.6":{"name":"sntp","description":"SNTP Client","version":"1.0.6","author":{"name":"Eran Hammer","email":"eran@hueniverse.com","url":"http://hueniverse.com"},"contributors":[],"repository":{"type":"git","url":"git://github.com/hueniverse/sntp"},"main":"index","keywords":["sntp","ntp","time"],"engines":{"node":">=0.8.0"},"dependencies":{"hoek":"2.x.x"},"devDependencies":{"lab":"^3.1.x"},"scripts":{"test":"make test-cov"},"licenses":[{"type":"BSD","url":"http://github.com/hueniverse/sntp/raw/master/LICENSE"}],"bugs":{"url":"https://github.com/hueniverse/sntp/issues"},"homepage":"https://github.com/hueniverse/sntp","_id":"sntp@1.0.6","dist":{"shasum":"cf0b1018864334e813300c2dae403694d0bd3dc3","tarball":"https://registry.npmjs.org/sntp/-/sntp-1.0.6.tgz"},"_from":".","_npmVersion":"1.4.3","_npmUser":{"name":"hueniverse","email":"eran@hueniverse.com"},"maintainers":[{"name":"hueniverse","email":"eran@hueniverse.com"}],"directories":{}},"1.0.7":{"name":"sntp","description":"SNTP Client","version":"1.0.7","author":{"name":"Eran Hammer","email":"eran@hammer.io","url":"http://hueniverse.com"},"contributors":[],"repository":{"type":"git","url":"git://github.com/hueniverse/sntp"},"main":"index","keywords":["sntp","ntp","time"],"engines":{"node":">=0.8.0"},"dependencies":{"hoek":"2.x.x"},"devDependencies":{"lab":"^3.1.x"},"scripts":{"test":"make test-cov"},"licenses":[{"type":"BSD","url":"http://github.com/hueniverse/sntp/raw/master/LICENSE"}],"gitHead":"71c8663cc785daa9ce3516519fea3d21c185426b","bugs":{"url":"https://github.com/hueniverse/sntp/issues"},"homepage":"https://github.com/hueniverse/sntp","_id":"sntp@1.0.7","_shasum":"d9113e9451a92a6f57a694950057bc91d7d3e3bd","_from":".","_npmVersion":"1.4.21","_npmUser":{"name":"hueniverse","email":"eran@hueniverse.com"},"maintainers":[{"name":"hueniverse","email":"eran@hueniverse.com"}],"dist":{"shasum":"d9113e9451a92a6f57a694950057bc91d7d3e3bd","tarball":"https://registry.npmjs.org/sntp/-/sntp-1.0.7.tgz"},"directories":{}},"1.0.8":{"name":"sntp","description":"SNTP Client","version":"1.0.8","author":{"name":"Eran Hammer","email":"eran@hammer.io","url":"http://hueniverse.com"},"contributors":[],"repository":{"type":"git","url":"git://github.com/hueniverse/sntp"},"main":"index","keywords":["sntp","ntp","time"],"engines":{"node":">=0.8.0"},"dependencies":{"hoek":"2.x.x"},"devDependencies":{"lab":"4.x.x"},"scripts":{"test":"make test-cov"},"licenses":[{"type":"BSD","url":"http://github.com/hueniverse/sntp/raw/master/LICENSE"}],"gitHead":"effcba625a9d1ed925bd0a58a0a9f2b365f569b8","bugs":{"url":"https://github.com/hueniverse/sntp/issues"},"homepage":"https://github.com/hueniverse/sntp","_id":"sntp@1.0.8","_shasum":"d4d5fddf00b10d3c1bc3349e433e04292e069271","_from":".","_npmVersion":"1.4.23","_npmUser":{"name":"hueniverse","email":"eran@hueniverse.com"},"maintainers":[{"name":"hueniverse","email":"eran@hueniverse.com"}],"dist":{"shasum":"d4d5fddf00b10d3c1bc3349e433e04292e069271","tarball":"https://registry.npmjs.org/sntp/-/sntp-1.0.8.tgz"},"directories":{}},"1.0.9":{"name":"sntp","description":"SNTP Client","version":"1.0.9","author":{"name":"Eran Hammer","email":"eran@hammer.io","url":"http://hueniverse.com"},"contributors":[],"repository":{"type":"git","url":"git://github.com/hueniverse/sntp"},"main":"index","keywords":["sntp","ntp","time"],"engines":{"node":">=0.8.0"},"dependencies":{"hoek":"2.x.x"},"devDependencies":{"lab":"4.x.x"},"scripts":{"test":"make test-cov"},"licenses":[{"type":"BSD","url":"http://github.com/hueniverse/sntp/raw/master/LICENSE"}],"gitHead":"ee2e35284f684609990681734d39010cd356d7da","bugs":{"url":"https://github.com/hueniverse/sntp/issues"},"homepage":"https://github.com/hueniverse/sntp","_id":"sntp@1.0.9","_shasum":"6541184cc90aeea6c6e7b35e2659082443c66198","_from":".","_npmVersion":"1.4.23","_npmUser":{"name":"hueniverse","email":"eran@hueniverse.com"},"maintainers":[{"name":"hueniverse","email":"eran@hueniverse.com"}],"dist":{"shasum":"6541184cc90aeea6c6e7b35e2659082443c66198","tarball":"https://registry.npmjs.org/sntp/-/sntp-1.0.9.tgz"},"directories":{}},"2.0.0":{"name":"sntp","description":"SNTP Client","version":"2.0.0","author":{"name":"Eran Hammer","email":"eran@hammer.io","url":"http://hueniverse.com"},"repository":{"type":"git","url":"git://github.com/hapijs/hapi.git"},"main":"lib/index.js","keywords":["sntp","ntp","time"],"engines":{"node":">=4.0.0"},"dependencies":{"hoek":"3.x.x"},"devDependencies":{"code":"2.x.x","lab":"7.x.x"},"scripts":{"test":"lab -a code -t 100 -L","test-cov-html":"lab -a code -r html -o coverage.html"},"license":"BSD-3-Clause","gitHead":"3d5be64e722f9ff70c1c61d416bed721c14e529d","bugs":{"url":"https://github.com/hapijs/hapi/issues"},"homepage":"https://github.com/hapijs/hapi#readme","_id":"sntp@2.0.0","_shasum":"5a940ec093fa36e33019c5b4a9f00028912aba38","_from":".","_npmVersion":"3.3.12","_nodeVersion":"5.0.0","_npmUser":{"name":"hueniverse","email":"eran@hammer.io"},"dist":{"shasum":"5a940ec093fa36e33019c5b4a9f00028912aba38","tarball":"https://registry.npmjs.org/sntp/-/sntp-2.0.0.tgz"},"maintainers":[{"name":"hueniverse","email":"eran@hueniverse.com"}],"directories":{}},"2.0.1":{"name":"sntp","description":"SNTP Client","version":"2.0.1","author":{"name":"Eran Hammer","email":"eran@hammer.io","url":"http://hueniverse.com"},"repository":{"type":"git","url":"git://github.com/hueniverse/sntp.git"},"main":"lib/index.js","keywords":["sntp","ntp","time"],"engines":{"node":">=4.0.0"},"dependencies":{"hoek":"4.x.x"},"devDependencies":{"code":"3.x.x","lab":"10.x.x"},"scripts":{"test":"lab -a code -t 100 -L -m 20000","test-cov-html":"lab -a code -r html -o coverage.html -m 20000"},"license":"BSD-3-Clause","gitHead":"bd138afda6992fd1ee4e5420ab48f65b574aa398","bugs":{"url":"https://github.com/hueniverse/sntp/issues"},"homepage":"https://github.com/hueniverse/sntp#readme","_id":"sntp@2.0.1","_shasum":"213fd35ab877cf896b640642be5539fce393aaa3","_from":".","_npmVersion":"3.10.6","_nodeVersion":"6.3.0","_npmUser":{"name":"hueniverse","email":"eran@hammer.io"},"dist":{"shasum":"213fd35ab877cf896b640642be5539fce393aaa3","tarball":"https://registry.npmjs.org/sntp/-/sntp-2.0.1.tgz"},"maintainers":[{"name":"hueniverse","email":"eran@hueniverse.com"}],"_npmOperationalInternal":{"host":"packages-12-west.internal.npmjs.com","tmp":"tmp/sntp-2.0.1.tgz_1469745192537_0.30508448858745396"},"directories":{}},"2.0.2":{"name":"sntp","description":"SNTP Client","version":"2.0.2","author":{"name":"Eran Hammer","email":"eran@hammer.io","url":"http://hueniverse.com"},"repository":{"type":"git","url":"git://github.com/hueniverse/sntp.git"},"main":"lib/index.js","keywords":["sntp","ntp","time"],"engines":{"node":">=4.0.0"},"dependencies":{"hoek":"4.x.x"},"devDependencies":{"code":"4.x.x","lab":"10.x.x"},"scripts":{"test":"lab -a code -t 100 -L -m 20000","test-cov-html":"lab -a code -r html -o coverage.html -m 20000"},"license":"BSD-3-Clause","gitHead":"c92f322dc1b04c958dc9e5da67e6e6947df407bb","bugs":{"url":"https://github.com/hueniverse/sntp/issues"},"homepage":"https://github.com/hueniverse/sntp#readme","_id":"sntp@2.0.2","_shasum":"5064110f0af85f7cfdb7d6b67a40028ce52b4b2b","_from":".","_npmVersion":"4.0.3","_nodeVersion":"7.2.0","_npmUser":{"name":"hueniverse","email":"eran@hammer.io"},"dist":{"shasum":"5064110f0af85f7cfdb7d6b67a40028ce52b4b2b","tarball":"https://registry.npmjs.org/sntp/-/sntp-2.0.2.tgz"},"maintainers":[{"name":"hueniverse","email":"eran@hueniverse.com"}],"_npmOperationalInternal":{"host":"packages-18-east.internal.npmjs.com","tmp":"tmp/sntp-2.0.2.tgz_1480571736125_0.9244724279269576"},"directories":{}}},"readme":"# sntp\n\nAn SNTP v4 client (RFC4330) for node. Simpy connects to the NTP or SNTP server requested and returns the server time\nalong with the roundtrip duration and clock offset. To adjust the local time to the NTP time, add the returned `t` offset\nto the local time.\n\n[![Build Status](https://secure.travis-ci.org/hueniverse/sntp.png)](http://travis-ci.org/hueniverse/sntp)\n\n# Usage\n\n```javascript\nvar Sntp = require('sntp');\n\n// All options are optional\n\nvar options = {\n    host: 'nist1-sj.ustiming.org',  // Defaults to pool.ntp.org\n    port: 123,                      // Defaults to 123 (NTP)\n    resolveReference: true,         // Default to false (not resolving)\n    timeout: 1000                   // Defaults to zero (no timeout)\n};\n\n// Request server time\n\nSntp.time(options, function (err, time) {\n\n    if (err) {\n        console.log('Failed: ' + err.message);\n        process.exit(1);\n    }\n\n    console.log('Local clock is off by: ' + time.t + ' milliseconds');\n    process.exit(0);\n});\n```\n\nIf an application needs to maintain continuous time synchronization, the module provides a stateful method for\nquerying the current offset only when the last one is too old (defaults to daily).\n\n```javascript\n// Request offset once\n\nSntp.offset(function (err, offset) {\n\n    console.log(offset);                    // New (served fresh)\n\n    // Request offset again\n\n    Sntp.offset(function (err, offset) {\n\n        console.log(offset);                // Identical (served from cache)\n    });\n});\n```\n\nTo set a background offset refresh, start the interval and use the provided now() method. If for any reason the\nclient fails to obtain an up-to-date offset, the current system clock is used.\n\n```javascript\nvar before = Sntp.now();                    // System time without offset\n\nSntp.start(function () {\n\n    var now = Sntp.now();                   // With offset\n    Sntp.stop();\n});\n```\n\n","maintainers":[{"name":"hueniverse","email":"eran@hueniverse.com"}],"time":{"modified":"2017-05-03T21:17:04.481Z","created":"2013-01-21T01:37:06.564Z","0.0.0":"2013-01-21T01:37:07.826Z","0.0.1":"2013-01-21T08:31:04.907Z","0.1.0":"2013-01-22T00:18:19.873Z","0.1.1":"2013-01-22T07:25:53.025Z","0.1.2":"2013-02-07T23:20:55.654Z","0.1.3":"2013-02-17T08:57:58.759Z","0.1.4":"2013-03-18T18:00:44.263Z","0.2.0":"2013-04-05T19:43:12.887Z","0.2.1":"2013-04-07T04:20:41.303Z","0.2.2":"2013-04-30T21:11:12.488Z","0.2.3":"2013-05-18T07:13:05.471Z","0.2.4":"2013-05-22T03:36:47.037Z","1.0.0":"2013-09-29T08:10:16.753Z","1.0.1":"2013-09-29T21:46:09.994Z","1.0.2":"2014-01-23T07:20:48.875Z","1.0.3":"2014-02-25T21:15:12.684Z","1.0.4":"2014-04-08T08:49:09.508Z","1.0.5":"2014-04-08T08:49:58.721Z","1.0.6":"2014-04-26T21:49:02.252Z","1.0.7":"2014-08-02T07:24:17.541Z","1.0.8":"2014-09-05T19:44:16.837Z","1.0.9":"2014-09-05T19:55:21.608Z","2.0.0":"2015-11-05T22:14:24.691Z","2.0.1":"2016-07-28T22:33:12.787Z","2.0.2":"2016-12-01T05:55:36.652Z"},"author":{"name":"Eran Hammer","email":"eran@hammer.io","url":"http://hueniverse.com"},"repository":{"type":"git","url":"git://github.com/hueniverse/sntp.git"},"readmeFilename":"README.md","homepage":"https://github.com/hueniverse/sntp#readme","keywords":["sntp","ntp","time"],"bugs":{"url":"https://github.com/hueniverse/sntp/issues"},"users":{"dercoder":true,"program247365":true,"pmcalabrese":true,"alibad":true,"boneskull":true,"mojaray2k":true,"panlw":true},"license":"BSD-3-Clause","_attachments":{},"_etag":"W/\"590a48d0-6af3\"","_lastModified":"Wed, 03 May 2017 21:17:04 GMT","_cached":true}