{"_id":"lru-cache","_rev":"171-576a0212eb7099b3f4761e6b3f80d181","name":"lru-cache","description":"A cache object that deletes the least-recently-used items.","dist-tags":{"latest":"4.1.0"},"versions":{"1.0.1":{"name":"lru-cache","description":"A cache object that deletes the least-recently-used items.","version":"1.0.1","author":{"name":"Isaac Z. Schlueter","email":"i@izs.me"},"scripts":{"test":"node lib/lru-cache.js"},"main":"lib/lru-cache","_id":"lru-cache@1.0.1","engines":{"node":"*"},"_nodeSupported":true,"_npmVersion":"0.2.7-2","_nodeVersion":"v0.3.1-pre","dist":{"tarball":"https://registry.npmjs.org/lru-cache/-/lru-cache-1.0.1.tgz","shasum":"fbfcd2d6e2d8f4519be9826bca3cb70900ffcd4b"},"directories":{}},"1.0.2":{"name":"lru-cache","description":"A cache object that deletes the least-recently-used items.","version":"1.0.2","author":{"name":"Isaac Z. Schlueter","email":"i@izs.me"},"scripts":{"test":"node lib/lru-cache.js"},"main":"lib/lru-cache","_id":"lru-cache@1.0.2","engines":{"node":"*"},"_nodeSupported":true,"_npmVersion":"0.2.7-3","_nodeVersion":"v0.3.1-pre","dist":{"tarball":"https://registry.npmjs.org/lru-cache/-/lru-cache-1.0.2.tgz","shasum":"04deae53134b6583567c849d868a2d10d5991bfd"},"directories":{}},"1.0.3":{"name":"lru-cache","description":"A cache object that deletes the least-recently-used items.","version":"1.0.3","author":{"name":"Isaac Z. Schlueter","email":"i@izs.me"},"scripts":{"test":"node lib/lru-cache.js"},"main":"lib/lru-cache","repository":{"type":"git","url":"git://github.com/isaacs/node-lru-cache.git"},"_npmJsonOpts":{"file":"/Users/isaacs/.npm/lru-cache/1.0.3/package/package.json","wscript":false,"contributors":false,"serverjs":false},"_id":"lru-cache@1.0.3","dependencies":{},"devDependencies":{},"engines":{"node":"*"},"_engineSupported":true,"_npmVersion":"1.0.15","_nodeVersion":"v0.5.2-pre","_defaultsLoaded":true,"dist":{"shasum":"ef2ba05194250bd4781dbe57b6064d7320e58b73","tarball":"https://registry.npmjs.org/lru-cache/-/lru-cache-1.0.3.tgz"},"directories":{}},"1.0.4":{"name":"lru-cache","description":"A cache object that deletes the least-recently-used items.","version":"1.0.4","author":{"name":"Isaac Z. Schlueter","email":"i@izs.me"},"scripts":{"test":"node lib/lru-cache.js"},"main":"lib/lru-cache","repository":{"type":"git","url":"git://github.com/isaacs/node-lru-cache.git"},"licenses":[{"type":"MIT","url":"http://github.com/isaacs/node-lru-cache/raw/master/LICENSE"}],"_npmJsonOpts":{"file":"/Users/isaacs/.npm/lru-cache/1.0.4/package/package.json","wscript":false,"contributors":false,"serverjs":false},"_id":"lru-cache@1.0.4","dependencies":{},"devDependencies":{},"engines":{"node":"*"},"_engineSupported":true,"_npmVersion":"1.0.22","_nodeVersion":"v0.4.10-pre","_defaultsLoaded":true,"dist":{"shasum":"dc2af9b3022fb7e17630ed7bdf6a1839b7b70291","tarball":"https://registry.npmjs.org/lru-cache/-/lru-cache-1.0.4.tgz"},"directories":{}},"1.0.5":{"name":"lru-cache","description":"A cache object that deletes the least-recently-used items.","version":"1.0.5","author":{"name":"Isaac Z. Schlueter","email":"i@izs.me"},"scripts":{"test":"tap test"},"main":"lib/lru-cache.js","repository":{"type":"git","url":"git://github.com/isaacs/node-lru-cache.git"},"devDependencies":{"tap":"0.1"},"license":{"type":"MIT","url":"http://github.com/isaacs/node-lru-cache/raw/master/LICENSE"},"_npmUser":{"name":"isaacs","email":"i@izs.me"},"_id":"lru-cache@1.0.5","dependencies":{},"engines":{"node":"*"},"_engineSupported":true,"_npmVersion":"1.1.0-alpha-6","_nodeVersion":"v0.6.6-pre","_defaultsLoaded":true,"dist":{"shasum":"62815a3bcb609c1c086e78e4c6a1c4c025267551","tarball":"https://registry.npmjs.org/lru-cache/-/lru-cache-1.0.5.tgz"},"maintainers":[{"name":"isaacs","email":"i@izs.me"}],"directories":{}},"1.0.6":{"name":"lru-cache","description":"A cache object that deletes the least-recently-used items.","version":"1.0.6","author":{"name":"Isaac Z. Schlueter","email":"i@izs.me"},"scripts":{"test":"tap test"},"main":"lib/lru-cache.js","repository":{"type":"git","url":"git://github.com/isaacs/node-lru-cache.git"},"devDependencies":{"tap":"0"},"license":{"type":"MIT","url":"http://github.com/isaacs/node-lru-cache/raw/master/LICENSE"},"_npmUser":{"name":"isaacs","email":"i@izs.me"},"_id":"lru-cache@1.0.6","dependencies":{},"optionalDependencies":{},"engines":{"node":"*"},"_engineSupported":true,"_npmVersion":"1.1.12","_nodeVersion":"v0.7.7-pre","_defaultsLoaded":true,"dist":{"shasum":"aa50f97047422ac72543bda177a9c9d018d98452","tarball":"https://registry.npmjs.org/lru-cache/-/lru-cache-1.0.6.tgz"},"maintainers":[{"name":"isaacs","email":"i@izs.me"}],"directories":{}},"1.1.0":{"name":"lru-cache","description":"A cache object that deletes the least-recently-used items.","version":"1.1.0","author":{"name":"Isaac Z. Schlueter","email":"i@izs.me"},"scripts":{"test":"tap test"},"main":"lib/lru-cache.js","repository":{"type":"git","url":"git://github.com/isaacs/node-lru-cache.git"},"devDependencies":{"tap":""},"license":{"type":"MIT","url":"http://github.com/isaacs/node-lru-cache/raw/master/LICENSE"},"_npmUser":{"name":"isaacs","email":"i@izs.me"},"_id":"lru-cache@1.1.0","contributors":[{"name":"Isaac Z. Schlueter","email":"i@izs.me"},{"name":"Carlos Brito Lage","email":"carlos@carloslage.net"},{"name":"Marko Mikulicic","email":"marko.mikulicic@isti.cnr.it"},{"name":"Trent Mick","email":"trentm@gmail.com"}],"dependencies":{},"optionalDependencies":{},"engines":{"node":"*"},"_engineSupported":true,"_npmVersion":"1.1.16","_nodeVersion":"v0.7.8-pre","_defaultsLoaded":true,"dist":{"shasum":"8d4a68dc0ab1cd5a2f39352478c495e9dd33cb61","tarball":"https://registry.npmjs.org/lru-cache/-/lru-cache-1.1.0.tgz"},"maintainers":[{"name":"isaacs","email":"i@izs.me"}],"directories":{}},"1.1.1":{"name":"lru-cache","description":"A cache object that deletes the least-recently-used items.","version":"1.1.1","author":{"name":"Isaac Z. Schlueter","email":"i@izs.me"},"scripts":{"test":"tap test"},"main":"lib/lru-cache.js","repository":{"type":"git","url":"git://github.com/isaacs/node-lru-cache.git"},"devDependencies":{"tap":""},"license":{"type":"MIT","url":"http://github.com/isaacs/node-lru-cache/raw/master/LICENSE"},"contributors":[{"name":"Isaac Z. Schlueter","email":"i@izs.me"},{"name":"Carlos Brito Lage","email":"carlos@carloslage.net"},{"name":"Marko Mikulicic","email":"marko.mikulicic@isti.cnr.it"},{"name":"Trent Mick","email":"trentm@gmail.com"},{"name":"Kevin O'Hara","email":"kevinohara80@gmail.com"},{"name":"Marco Rogers","email":"marco.rogers@gmail.com"}],"_id":"lru-cache@1.1.1","dist":{"shasum":"d6f24f75c28c9ec1239ca206952689696ec11e62","tarball":"https://registry.npmjs.org/lru-cache/-/lru-cache-1.1.1.tgz"},"maintainers":[{"name":"isaacs","email":"i@izs.me"}],"directories":{}},"2.0.0":{"name":"lru-cache","description":"A cache object that deletes the least-recently-used items.","version":"2.0.0","author":{"name":"Isaac Z. Schlueter","email":"i@izs.me"},"scripts":{"test":"tap test"},"main":"lib/lru-cache.js","repository":{"type":"git","url":"git://github.com/isaacs/node-lru-cache.git"},"devDependencies":{"tap":""},"license":{"type":"MIT","url":"http://github.com/isaacs/node-lru-cache/raw/master/LICENSE"},"contributors":[{"name":"Isaac Z. Schlueter","email":"i@izs.me"},{"name":"Carlos Brito Lage","email":"carlos@carloslage.net"},{"name":"Marko Mikulicic","email":"marko.mikulicic@isti.cnr.it"},{"name":"Trent Mick","email":"trentm@gmail.com"},{"name":"Kevin O'Hara","email":"kevinohara80@gmail.com"},{"name":"Marco Rogers","email":"marco.rogers@gmail.com"}],"_id":"lru-cache@2.0.0","dist":{"shasum":"0fc80ed1e8276dcce18a865bce8a56ba30b81ecf","tarball":"https://registry.npmjs.org/lru-cache/-/lru-cache-2.0.0.tgz"},"maintainers":[{"name":"isaacs","email":"i@izs.me"}],"directories":{}},"2.0.1":{"name":"lru-cache","description":"A cache object that deletes the least-recently-used items.","version":"2.0.1","author":{"name":"Isaac Z. Schlueter","email":"i@izs.me"},"scripts":{"test":"tap test"},"main":"lib/lru-cache.js","repository":{"type":"git","url":"git://github.com/isaacs/node-lru-cache.git"},"devDependencies":{"tap":""},"license":{"type":"MIT","url":"http://github.com/isaacs/node-lru-cache/raw/master/LICENSE"},"contributors":[{"name":"Isaac Z. Schlueter","email":"i@izs.me"},{"name":"Carlos Brito Lage","email":"carlos@carloslage.net"},{"name":"Marko Mikulicic","email":"marko.mikulicic@isti.cnr.it"},{"name":"Trent Mick","email":"trentm@gmail.com"},{"name":"Kevin O'Hara","email":"kevinohara80@gmail.com"},{"name":"Marco Rogers","email":"marco.rogers@gmail.com"}],"_id":"lru-cache@2.0.1","dist":{"shasum":"6feae28419f7fc358a063a5b188d52d15538006a","tarball":"https://registry.npmjs.org/lru-cache/-/lru-cache-2.0.1.tgz"},"_npmVersion":"1.1.48","_npmUser":{"name":"isaacs","email":"i@izs.me"},"maintainers":[{"name":"isaacs","email":"i@izs.me"}],"directories":{}},"2.0.2":{"name":"lru-cache","description":"A cache object that deletes the least-recently-used items.","version":"2.0.2","author":{"name":"Isaac Z. Schlueter","email":"i@izs.me"},"scripts":{"test":"tap test"},"main":"lib/lru-cache.js","repository":{"type":"git","url":"git://github.com/isaacs/node-lru-cache.git"},"devDependencies":{"tap":""},"license":{"type":"MIT","url":"http://github.com/isaacs/node-lru-cache/raw/master/LICENSE"},"contributors":[{"name":"Isaac Z. Schlueter","email":"i@izs.me"},{"name":"Carlos Brito Lage","email":"carlos@carloslage.net"},{"name":"Marko Mikulicic","email":"marko.mikulicic@isti.cnr.it"},{"name":"Trent Mick","email":"trentm@gmail.com"},{"name":"Kevin O'Hara","email":"kevinohara80@gmail.com"},{"name":"Marco Rogers","email":"marco.rogers@gmail.com"},{"name":"Jesse Dailey","email":"jesse.dailey@gmail.com"}],"_id":"lru-cache@2.0.2","dist":{"shasum":"c7e26bb69eabb8f6ee8242b3a569f5af7ee2fd3b","tarball":"https://registry.npmjs.org/lru-cache/-/lru-cache-2.0.2.tgz"},"_npmVersion":"1.1.59","_npmUser":{"name":"isaacs","email":"i@izs.me"},"maintainers":[{"name":"isaacs","email":"i@izs.me"}],"directories":{}},"2.0.3":{"name":"lru-cache","description":"A cache object that deletes the least-recently-used items.","version":"2.0.3","author":{"name":"Isaac Z. Schlueter","email":"i@izs.me"},"scripts":{"test":"tap test"},"main":"lib/lru-cache.js","repository":{"type":"git","url":"git://github.com/isaacs/node-lru-cache.git"},"devDependencies":{"tap":""},"license":{"type":"MIT","url":"http://github.com/isaacs/node-lru-cache/raw/master/LICENSE"},"contributors":[{"name":"Isaac Z. Schlueter","email":"i@izs.me"},{"name":"Carlos Brito Lage","email":"carlos@carloslage.net"},{"name":"Marko Mikulicic","email":"marko.mikulicic@isti.cnr.it"},{"name":"Trent Mick","email":"trentm@gmail.com"},{"name":"Kevin O'Hara","email":"kevinohara80@gmail.com"},{"name":"Marco Rogers","email":"marco.rogers@gmail.com"},{"name":"Jesse Dailey","email":"jesse.dailey@gmail.com"}],"_id":"lru-cache@2.0.3","dist":{"shasum":"dc18834f4a2e2b45faab6170b69b74741ef3871a","tarball":"https://registry.npmjs.org/lru-cache/-/lru-cache-2.0.3.tgz"},"_npmVersion":"1.1.61","_npmUser":{"name":"isaacs","email":"i@izs.me"},"maintainers":[{"name":"isaacs","email":"i@izs.me"}],"directories":{}},"2.0.4":{"name":"lru-cache","description":"A cache object that deletes the least-recently-used items.","version":"2.0.4","author":{"name":"Isaac Z. Schlueter","email":"i@izs.me"},"scripts":{"test":"tap test"},"main":"lib/lru-cache.js","repository":{"type":"git","url":"git://github.com/isaacs/node-lru-cache.git"},"devDependencies":{"tap":""},"license":{"type":"MIT","url":"http://github.com/isaacs/node-lru-cache/raw/master/LICENSE"},"contributors":[{"name":"Isaac Z. Schlueter","email":"i@izs.me"},{"name":"Carlos Brito Lage","email":"carlos@carloslage.net"},{"name":"Marko Mikulicic","email":"marko.mikulicic@isti.cnr.it"},{"name":"Trent Mick","email":"trentm@gmail.com"},{"name":"Kevin O'Hara","email":"kevinohara80@gmail.com"},{"name":"Marco Rogers","email":"marco.rogers@gmail.com"},{"name":"Jesse Dailey","email":"jesse.dailey@gmail.com"}],"_id":"lru-cache@2.0.4","dist":{"shasum":"b8b61ae09848385ec6768760e39c123e7e39568a","tarball":"https://registry.npmjs.org/lru-cache/-/lru-cache-2.0.4.tgz"},"_npmVersion":"1.1.61","_npmUser":{"name":"isaacs","email":"i@izs.me"},"maintainers":[{"name":"isaacs","email":"i@izs.me"}],"directories":{}},"2.1.0":{"name":"lru-cache","description":"A cache object that deletes the least-recently-used items.","version":"2.1.0","author":{"name":"Isaac Z. Schlueter","email":"i@izs.me"},"scripts":{"test":"tap test"},"main":"lib/lru-cache.js","repository":{"type":"git","url":"git://github.com/isaacs/node-lru-cache.git"},"devDependencies":{"tap":""},"license":{"type":"MIT","url":"http://github.com/isaacs/node-lru-cache/raw/master/LICENSE"},"contributors":[{"name":"Isaac Z. Schlueter","email":"i@izs.me"},{"name":"Carlos Brito Lage","email":"carlos@carloslage.net"},{"name":"Marko Mikulicic","email":"marko.mikulicic@isti.cnr.it"},{"name":"Trent Mick","email":"trentm@gmail.com"},{"name":"Kevin O'Hara","email":"kevinohara80@gmail.com"},{"name":"Marco Rogers","email":"marco.rogers@gmail.com"},{"name":"Jesse Dailey","email":"jesse.dailey@gmail.com"}],"_id":"lru-cache@2.1.0","dist":{"shasum":"ea1baa0fc9146c586aee06bd2fc547ab480e2e3c","tarball":"https://registry.npmjs.org/lru-cache/-/lru-cache-2.1.0.tgz"},"_npmVersion":"1.1.63","_npmUser":{"name":"isaacs","email":"i@izs.me"},"maintainers":[{"name":"isaacs","email":"i@izs.me"}],"directories":{}},"2.2.0":{"name":"lru-cache","description":"A cache object that deletes the least-recently-used items.","version":"2.2.0","author":{"name":"Isaac Z. Schlueter","email":"i@izs.me"},"scripts":{"test":"tap test --gc"},"main":"lib/lru-cache.js","repository":{"type":"git","url":"git://github.com/isaacs/node-lru-cache.git"},"devDependencies":{"tap":""},"license":{"type":"MIT","url":"http://github.com/isaacs/node-lru-cache/raw/master/LICENSE"},"contributors":[{"name":"Isaac Z. Schlueter","email":"i@izs.me"},{"name":"Carlos Brito Lage","email":"carlos@carloslage.net"},{"name":"Marko Mikulicic","email":"marko.mikulicic@isti.cnr.it"},{"name":"Trent Mick","email":"trentm@gmail.com"},{"name":"Kevin O'Hara","email":"kevinohara80@gmail.com"},{"name":"Marco Rogers","email":"marco.rogers@gmail.com"},{"name":"Jesse Dailey","email":"jesse.dailey@gmail.com"}],"_id":"lru-cache@2.2.0","dist":{"shasum":"ec2bba603f4c5bb3e7a1bf62ce1c1dbc1d474e08","tarball":"https://registry.npmjs.org/lru-cache/-/lru-cache-2.2.0.tgz"},"_npmVersion":"1.1.66","_npmUser":{"name":"isaacs","email":"i@izs.me"},"maintainers":[{"name":"isaacs","email":"i@izs.me"}],"directories":{}},"2.2.1":{"name":"lru-cache","description":"A cache object that deletes the least-recently-used items.","version":"2.2.1","author":{"name":"Isaac Z. Schlueter","email":"i@izs.me"},"scripts":{"test":"tap test --gc"},"main":"lib/lru-cache.js","repository":{"type":"git","url":"git://github.com/isaacs/node-lru-cache.git"},"devDependencies":{"tap":""},"license":{"type":"MIT","url":"http://github.com/isaacs/node-lru-cache/raw/master/LICENSE"},"contributors":[{"name":"Isaac Z. Schlueter","email":"i@izs.me"},{"name":"Carlos Brito Lage","email":"carlos@carloslage.net"},{"name":"Marko Mikulicic","email":"marko.mikulicic@isti.cnr.it"},{"name":"Trent Mick","email":"trentm@gmail.com"},{"name":"Kevin O'Hara","email":"kevinohara80@gmail.com"},{"name":"Marco Rogers","email":"marco.rogers@gmail.com"},{"name":"Jesse Dailey","email":"jesse.dailey@gmail.com"}],"_id":"lru-cache@2.2.1","dist":{"shasum":"dcc1de19e79242874a0e883d09bb1ce5c2bb58f4","tarball":"https://registry.npmjs.org/lru-cache/-/lru-cache-2.2.1.tgz"},"_npmVersion":"1.1.66","_npmUser":{"name":"isaacs","email":"i@izs.me"},"maintainers":[{"name":"isaacs","email":"i@izs.me"}],"directories":{}},"2.2.2":{"name":"lru-cache","description":"A cache object that deletes the least-recently-used items.","version":"2.2.2","author":{"name":"Isaac Z. Schlueter","email":"i@izs.me"},"scripts":{"test":"tap test --gc"},"main":"lib/lru-cache.js","repository":{"type":"git","url":"git://github.com/isaacs/node-lru-cache.git"},"devDependencies":{"tap":""},"license":{"type":"MIT","url":"http://github.com/isaacs/node-lru-cache/raw/master/LICENSE"},"contributors":[{"name":"Isaac Z. Schlueter","email":"i@izs.me"},{"name":"Carlos Brito Lage","email":"carlos@carloslage.net"},{"name":"Marko Mikulicic","email":"marko.mikulicic@isti.cnr.it"},{"name":"Trent Mick","email":"trentm@gmail.com"},{"name":"Kevin O'Hara","email":"kevinohara80@gmail.com"},{"name":"Marco Rogers","email":"marco.rogers@gmail.com"},{"name":"Jesse Dailey","email":"jesse.dailey@gmail.com"}],"_id":"lru-cache@2.2.2","dist":{"shasum":"62b95a10cc7f8d85f3737506fe82cdcf3fa04d4b","tarball":"https://registry.npmjs.org/lru-cache/-/lru-cache-2.2.2.tgz"},"_from":".","_npmVersion":"1.2.1","_npmUser":{"name":"isaacs","email":"i@izs.me"},"maintainers":[{"name":"isaacs","email":"i@izs.me"}],"directories":{}},"2.2.4":{"name":"lru-cache","description":"A cache object that deletes the least-recently-used items.","version":"2.2.4","author":{"name":"Isaac Z. Schlueter","email":"i@izs.me"},"scripts":{"test":"tap test --gc"},"main":"lib/lru-cache.js","repository":{"type":"git","url":"git://github.com/isaacs/node-lru-cache.git"},"devDependencies":{"tap":"","weak":""},"license":{"type":"MIT","url":"http://github.com/isaacs/node-lru-cache/raw/master/LICENSE"},"contributors":[{"name":"Isaac Z. Schlueter","email":"i@izs.me"},{"name":"Carlos Brito Lage","email":"carlos@carloslage.net"},{"name":"Marko Mikulicic","email":"marko.mikulicic@isti.cnr.it"},{"name":"Trent Mick","email":"trentm@gmail.com"},{"name":"Kevin O'Hara","email":"kevinohara80@gmail.com"},{"name":"Marco Rogers","email":"marco.rogers@gmail.com"},{"name":"Jesse Dailey","email":"jesse.dailey@gmail.com"}],"_id":"lru-cache@2.2.4","dist":{"shasum":"6c658619becf14031d0d0b594b16042ce4dc063d","tarball":"https://registry.npmjs.org/lru-cache/-/lru-cache-2.2.4.tgz"},"_from":".","_npmVersion":"1.2.15","_npmUser":{"name":"isaacs","email":"i@izs.me"},"maintainers":[{"name":"isaacs","email":"i@izs.me"}],"directories":{}},"2.3.0":{"name":"lru-cache","description":"A cache object that deletes the least-recently-used items.","version":"2.3.0","author":{"name":"Isaac Z. Schlueter","email":"i@izs.me"},"scripts":{"test":"tap test --gc"},"main":"lib/lru-cache.js","repository":{"type":"git","url":"git://github.com/isaacs/node-lru-cache.git"},"devDependencies":{"tap":"","weak":""},"license":{"type":"MIT","url":"http://github.com/isaacs/node-lru-cache/raw/master/LICENSE"},"contributors":[{"name":"Isaac Z. Schlueter","email":"i@izs.me"},{"name":"Carlos Brito Lage","email":"carlos@carloslage.net"},{"name":"Marko Mikulicic","email":"marko.mikulicic@isti.cnr.it"},{"name":"Trent Mick","email":"trentm@gmail.com"},{"name":"Kevin O'Hara","email":"kevinohara80@gmail.com"},{"name":"Marco Rogers","email":"marco.rogers@gmail.com"},{"name":"Jesse Dailey","email":"jesse.dailey@gmail.com"}],"_id":"lru-cache@2.3.0","dist":{"shasum":"1cee12d5a9f28ed1ee37e9c332b8888e6b85412a","tarball":"https://registry.npmjs.org/lru-cache/-/lru-cache-2.3.0.tgz"},"_from":".","_npmVersion":"1.2.15","_npmUser":{"name":"isaacs","email":"i@izs.me"},"maintainers":[{"name":"isaacs","email":"i@izs.me"}],"directories":{}},"2.3.1":{"name":"lru-cache","description":"A cache object that deletes the least-recently-used items.","version":"2.3.1","author":{"name":"Isaac Z. Schlueter","email":"i@izs.me"},"scripts":{"test":"tap test --gc"},"main":"lib/lru-cache.js","repository":{"type":"git","url":"git://github.com/isaacs/node-lru-cache.git"},"devDependencies":{"tap":"","weak":""},"license":{"type":"MIT","url":"http://github.com/isaacs/node-lru-cache/raw/master/LICENSE"},"contributors":[{"name":"Isaac Z. Schlueter","email":"i@izs.me"},{"name":"Carlos Brito Lage","email":"carlos@carloslage.net"},{"name":"Marko Mikulicic","email":"marko.mikulicic@isti.cnr.it"},{"name":"Trent Mick","email":"trentm@gmail.com"},{"name":"Kevin O'Hara","email":"kevinohara80@gmail.com"},{"name":"Marco Rogers","email":"marco.rogers@gmail.com"},{"name":"Jesse Dailey","email":"jesse.dailey@gmail.com"}],"bugs":{"url":"https://github.com/isaacs/node-lru-cache/issues"},"_id":"lru-cache@2.3.1","dist":{"shasum":"b3adf6b3d856e954e2c390e6cef22081245a53d6","tarball":"https://registry.npmjs.org/lru-cache/-/lru-cache-2.3.1.tgz"},"_from":".","_npmVersion":"1.3.8","_npmUser":{"name":"isaacs","email":"i@izs.me"},"maintainers":[{"name":"isaacs","email":"i@izs.me"}],"directories":{}},"2.5.0":{"name":"lru-cache","description":"A cache object that deletes the least-recently-used items.","version":"2.5.0","author":{"name":"Isaac Z. Schlueter","email":"i@izs.me"},"scripts":{"test":"tap test --gc"},"main":"lib/lru-cache.js","repository":{"type":"git","url":"git://github.com/isaacs/node-lru-cache.git"},"devDependencies":{"tap":"","weak":""},"license":{"type":"MIT","url":"http://github.com/isaacs/node-lru-cache/raw/master/LICENSE"},"bugs":{"url":"https://github.com/isaacs/node-lru-cache/issues"},"homepage":"https://github.com/isaacs/node-lru-cache","_id":"lru-cache@2.5.0","dist":{"shasum":"d82388ae9c960becbea0c73bb9eb79b6c6ce9aeb","tarball":"https://registry.npmjs.org/lru-cache/-/lru-cache-2.5.0.tgz"},"_from":".","_npmVersion":"1.3.15","_npmUser":{"name":"isaacs","email":"i@izs.me"},"maintainers":[{"name":"isaacs","email":"i@izs.me"}],"directories":{}},"2.5.1":{"name":"lru-cache","description":"A cache object that deletes the least-recently-used items.","version":"2.5.1","author":{"name":"Isaac Z. Schlueter","email":"i@izs.me"},"scripts":{"test":"tap test --gc"},"main":"lib/lru-cache.js","repository":{"type":"git","url":"git://github.com/isaacs/node-lru-cache.git"},"devDependencies":{"tap":"","weak":""},"license":{"type":"MIT","url":"http://github.com/isaacs/node-lru-cache/raw/master/LICENSE"},"gitHead":"355fb2d7acd89f08d400345ce2ca8cd27b672095","bugs":{"url":"https://github.com/isaacs/node-lru-cache/issues"},"homepage":"https://github.com/isaacs/node-lru-cache","_id":"lru-cache@2.5.1","_shasum":"60b81048343cd901d529c97a7284810b4aa2ca03","_from":".","_npmVersion":"2.7.6","_nodeVersion":"1.4.2","_npmUser":{"name":"isaacs","email":"i@izs.me"},"maintainers":[{"name":"isaacs","email":"i@izs.me"}],"dist":{"shasum":"60b81048343cd901d529c97a7284810b4aa2ca03","tarball":"https://registry.npmjs.org/lru-cache/-/lru-cache-2.5.1.tgz"},"directories":{}},"2.5.2":{"name":"lru-cache","description":"A cache object that deletes the least-recently-used items.","version":"2.5.2","author":{"name":"Isaac Z. Schlueter","email":"i@izs.me"},"scripts":{"test":"tap test --gc"},"main":"lib/lru-cache.js","repository":{"type":"git","url":"git://github.com/isaacs/node-lru-cache.git"},"devDependencies":{"tap":"^0.7.1","weak":""},"license":{"type":"MIT","url":"http://github.com/isaacs/node-lru-cache/raw/master/LICENSE"},"gitHead":"ec01cc48ac06ee07b2b56a219d5aa931f899b21b","bugs":{"url":"https://github.com/isaacs/node-lru-cache/issues"},"homepage":"https://github.com/isaacs/node-lru-cache","_id":"lru-cache@2.5.2","_shasum":"1fddad938aae1263ce138680be1b3f591c0ab41c","_from":".","_npmVersion":"2.7.6","_nodeVersion":"1.4.2","_npmUser":{"name":"isaacs","email":"i@izs.me"},"maintainers":[{"name":"isaacs","email":"i@izs.me"}],"dist":{"shasum":"1fddad938aae1263ce138680be1b3f591c0ab41c","tarball":"https://registry.npmjs.org/lru-cache/-/lru-cache-2.5.2.tgz"},"directories":{}},"2.6.0":{"name":"lru-cache","description":"A cache object that deletes the least-recently-used items.","version":"2.6.0","author":{"name":"Isaac Z. Schlueter","email":"i@izs.me"},"keywords":["mru","lru","cache"],"scripts":{"test":"tap test --gc"},"main":"lib/lru-cache.js","repository":{"type":"git","url":"git://github.com/isaacs/node-lru-cache.git"},"devDependencies":{"tap":"^0.7.1","weak":""},"license":{"type":"MIT","url":"http://github.com/isaacs/node-lru-cache/raw/master/LICENSE"},"gitHead":"1763ce34f26d9d011191e7f1b3e39345d9c0851d","bugs":{"url":"https://github.com/isaacs/node-lru-cache/issues"},"homepage":"https://github.com/isaacs/node-lru-cache#readme","_id":"lru-cache@2.6.0","_shasum":"a26389f2e49a5586f42f3f00a430d4e8798b287f","_from":".","_npmVersion":"2.8.1","_nodeVersion":"1.4.2","_npmUser":{"name":"isaacs","email":"isaacs@npmjs.com"},"dist":{"shasum":"a26389f2e49a5586f42f3f00a430d4e8798b287f","tarball":"https://registry.npmjs.org/lru-cache/-/lru-cache-2.6.0.tgz"},"maintainers":[{"name":"isaacs","email":"i@izs.me"}],"directories":{}},"2.6.1":{"name":"lru-cache","description":"A cache object that deletes the least-recently-used items.","version":"2.6.1","author":{"name":"Isaac Z. Schlueter","email":"i@izs.me"},"keywords":["mru","lru","cache"],"scripts":{"test":"tap test --gc"},"main":"lib/lru-cache.js","repository":{"type":"git","url":"git://github.com/isaacs/node-lru-cache.git"},"devDependencies":{"tap":"^0.7.1","weak":""},"license":{"type":"MIT","url":"http://github.com/isaacs/node-lru-cache/raw/master/LICENSE"},"gitHead":"ff3dfd40e437fa619f09610f45d1ac523bbf27c9","bugs":{"url":"https://github.com/isaacs/node-lru-cache/issues"},"homepage":"https://github.com/isaacs/node-lru-cache#readme","_id":"lru-cache@2.6.1","_shasum":"9933eff15453fae1d27096365143c724e85c6cbd","_from":".","_npmVersion":"2.8.1","_nodeVersion":"1.4.2","_npmUser":{"name":"isaacs","email":"isaacs@npmjs.com"},"dist":{"shasum":"9933eff15453fae1d27096365143c724e85c6cbd","tarball":"https://registry.npmjs.org/lru-cache/-/lru-cache-2.6.1.tgz"},"maintainers":[{"name":"isaacs","email":"i@izs.me"}],"directories":{}},"2.6.2":{"name":"lru-cache","description":"A cache object that deletes the least-recently-used items.","version":"2.6.2","author":{"name":"Isaac Z. Schlueter","email":"i@izs.me"},"keywords":["mru","lru","cache"],"scripts":{"test":"tap test --gc"},"main":"lib/lru-cache.js","repository":{"type":"git","url":"git://github.com/isaacs/node-lru-cache.git"},"devDependencies":{"tap":"^0.7.1","weak":""},"license":{"type":"MIT","url":"http://github.com/isaacs/node-lru-cache/raw/master/LICENSE"},"gitHead":"278d05fcc714636eeedb3959bca80c20c19a61df","bugs":{"url":"https://github.com/isaacs/node-lru-cache/issues"},"homepage":"https://github.com/isaacs/node-lru-cache#readme","_id":"lru-cache@2.6.2","_shasum":"77741638c6dc972e503dbe41dcb6bfdfba499a38","_from":".","_npmVersion":"2.8.4","_nodeVersion":"1.4.2","_npmUser":{"name":"isaacs","email":"isaacs@npmjs.com"},"dist":{"shasum":"77741638c6dc972e503dbe41dcb6bfdfba499a38","tarball":"https://registry.npmjs.org/lru-cache/-/lru-cache-2.6.2.tgz"},"maintainers":[{"name":"isaacs","email":"i@izs.me"}],"directories":{}},"2.6.3":{"name":"lru-cache","description":"A cache object that deletes the least-recently-used items.","version":"2.6.3","author":{"name":"Isaac Z. Schlueter","email":"i@izs.me"},"keywords":["mru","lru","cache"],"scripts":{"test":"tap test --gc"},"main":"lib/lru-cache.js","repository":{"type":"git","url":"git://github.com/isaacs/node-lru-cache.git"},"devDependencies":{"tap":"^0.7.1","weak":""},"license":{"type":"MIT","url":"http://github.com/isaacs/node-lru-cache/raw/master/LICENSE"},"gitHead":"0654ce0b1f2d676a0cfc1f3001a097af9e7b0dfb","bugs":{"url":"https://github.com/isaacs/node-lru-cache/issues"},"homepage":"https://github.com/isaacs/node-lru-cache#readme","_id":"lru-cache@2.6.3","_shasum":"51ccd0b4fc0c843587d7a5709ce4d3b7629bedc5","_from":".","_npmVersion":"2.10.0","_nodeVersion":"2.0.1","_npmUser":{"name":"isaacs","email":"isaacs@npmjs.com"},"dist":{"shasum":"51ccd0b4fc0c843587d7a5709ce4d3b7629bedc5","tarball":"https://registry.npmjs.org/lru-cache/-/lru-cache-2.6.3.tgz"},"maintainers":[{"name":"isaacs","email":"i@izs.me"}],"directories":{}},"2.6.4":{"name":"lru-cache","description":"A cache object that deletes the least-recently-used items.","version":"2.6.4","author":{"name":"Isaac Z. Schlueter","email":"i@izs.me"},"keywords":["mru","lru","cache"],"scripts":{"test":"tap test --gc"},"main":"lib/lru-cache.js","repository":{"type":"git","url":"git://github.com/isaacs/node-lru-cache.git"},"devDependencies":{"tap":"^0.7.1","weak":""},"license":"ISC","gitHead":"aea58fc0a12714c6e1422963e7ebea66460ec39e","bugs":{"url":"https://github.com/isaacs/node-lru-cache/issues"},"homepage":"https://github.com/isaacs/node-lru-cache#readme","_id":"lru-cache@2.6.4","_shasum":"2675190ccd1b0701ec2f652a4d0d3d400d76c0dd","_from":".","_npmVersion":"2.10.0","_nodeVersion":"2.0.1","_npmUser":{"name":"isaacs","email":"isaacs@npmjs.com"},"dist":{"shasum":"2675190ccd1b0701ec2f652a4d0d3d400d76c0dd","tarball":"https://registry.npmjs.org/lru-cache/-/lru-cache-2.6.4.tgz"},"maintainers":[{"name":"isaacs","email":"isaacs@npmjs.com"},{"name":"othiym23","email":"ogd@aoaioxxysz.net"}],"directories":{}},"2.6.5":{"name":"lru-cache","description":"A cache object that deletes the least-recently-used items.","version":"2.6.5","author":{"name":"Isaac Z. Schlueter","email":"i@izs.me"},"keywords":["mru","lru","cache"],"scripts":{"test":"tap test --gc"},"main":"lib/lru-cache.js","repository":{"type":"git","url":"git://github.com/isaacs/node-lru-cache.git"},"devDependencies":{"tap":"^1.2.0","weak":""},"license":"ISC","gitHead":"7062a0c891bfb80a294be9217e4de0f882e75776","bugs":{"url":"https://github.com/isaacs/node-lru-cache/issues"},"homepage":"https://github.com/isaacs/node-lru-cache#readme","_id":"lru-cache@2.6.5","_shasum":"e56d6354148ede8d7707b58d143220fd08df0fd5","_from":".","_npmVersion":"3.0.0","_nodeVersion":"2.2.1","_npmUser":{"name":"isaacs","email":"isaacs@npmjs.com"},"dist":{"shasum":"e56d6354148ede8d7707b58d143220fd08df0fd5","tarball":"https://registry.npmjs.org/lru-cache/-/lru-cache-2.6.5.tgz"},"maintainers":[{"name":"isaacs","email":"isaacs@npmjs.com"},{"name":"othiym23","email":"ogd@aoaioxxysz.net"}],"directories":{}},"2.7.0":{"name":"lru-cache","description":"A cache object that deletes the least-recently-used items.","version":"2.7.0","author":{"name":"Isaac Z. Schlueter","email":"i@izs.me"},"keywords":["mru","lru","cache"],"scripts":{"test":"tap test --gc"},"main":"lib/lru-cache.js","repository":{"type":"git","url":"git://github.com/isaacs/node-lru-cache.git"},"devDependencies":{"tap":"^1.2.0","weak":""},"license":"ISC","gitHead":"fc6ee93093f4e463e5946736d4c48adc013724d1","bugs":{"url":"https://github.com/isaacs/node-lru-cache/issues"},"homepage":"https://github.com/isaacs/node-lru-cache#readme","_id":"lru-cache@2.7.0","_shasum":"aaa376a4cd970f9cebf5ec1909566ec034f07ee6","_from":".","_npmVersion":"3.3.2","_nodeVersion":"4.0.0","_npmUser":{"name":"isaacs","email":"isaacs@npmjs.com"},"dist":{"shasum":"aaa376a4cd970f9cebf5ec1909566ec034f07ee6","tarball":"https://registry.npmjs.org/lru-cache/-/lru-cache-2.7.0.tgz"},"maintainers":[{"name":"isaacs","email":"isaacs@npmjs.com"},{"name":"othiym23","email":"ogd@aoaioxxysz.net"}],"directories":{}},"2.7.1":{"name":"lru-cache","description":"A cache object that deletes the least-recently-used items.","version":"2.7.1","author":{"name":"Isaac Z. Schlueter","email":"i@izs.me"},"keywords":["mru","lru","cache"],"scripts":{"test":"tap test --gc"},"main":"lib/lru-cache.js","repository":{"type":"git","url":"git://github.com/isaacs/node-lru-cache.git"},"devDependencies":{"tap":"^1.2.0","weak":""},"license":"ISC","gitHead":"7414f616267078264b5459a2f27533711487c018","bugs":{"url":"https://github.com/isaacs/node-lru-cache/issues"},"homepage":"https://github.com/isaacs/node-lru-cache#readme","_id":"lru-cache@2.7.1","_shasum":"b665391c30582a2df9c2fbb31ed50193f93b604a","_from":".","_npmVersion":"3.3.2","_nodeVersion":"4.0.0","_npmUser":{"name":"isaacs","email":"i@izs.me"},"dist":{"shasum":"b665391c30582a2df9c2fbb31ed50193f93b604a","tarball":"https://registry.npmjs.org/lru-cache/-/lru-cache-2.7.1.tgz"},"maintainers":[{"name":"isaacs","email":"isaacs@npmjs.com"},{"name":"othiym23","email":"ogd@aoaioxxysz.net"}],"directories":{}},"2.7.2":{"name":"lru-cache","description":"A cache object that deletes the least-recently-used items.","version":"2.7.2","author":{"name":"Isaac Z. Schlueter","email":"i@izs.me"},"keywords":["mru","lru","cache"],"scripts":{"test":"tap test --gc"},"main":"lib/lru-cache.js","repository":{"type":"git","url":"git://github.com/isaacs/node-lru-cache.git"},"devDependencies":{"tap":"^1.2.0","weak":""},"license":"ISC","gitHead":"c70ccfdadc7063ea19e82db5a178469510cabad5","bugs":{"url":"https://github.com/isaacs/node-lru-cache/issues"},"homepage":"https://github.com/isaacs/node-lru-cache#readme","_id":"lru-cache@2.7.2","_shasum":"73810d9a2da104d07519fdbaa3947895432c6b99","_from":".","_npmVersion":"3.3.2","_nodeVersion":"4.0.0","_npmUser":{"name":"isaacs","email":"i@izs.me"},"dist":{"shasum":"73810d9a2da104d07519fdbaa3947895432c6b99","tarball":"https://registry.npmjs.org/lru-cache/-/lru-cache-2.7.2.tgz"},"maintainers":[{"name":"isaacs","email":"isaacs@npmjs.com"},{"name":"othiym23","email":"ogd@aoaioxxysz.net"}],"directories":{}},"2.7.3":{"name":"lru-cache","description":"A cache object that deletes the least-recently-used items.","version":"2.7.3","author":{"name":"Isaac Z. Schlueter","email":"i@izs.me"},"keywords":["mru","lru","cache"],"scripts":{"test":"tap test --gc"},"main":"lib/lru-cache.js","repository":{"type":"git","url":"git://github.com/isaacs/node-lru-cache.git"},"devDependencies":{"tap":"^1.2.0","weak":""},"license":"ISC","gitHead":"292048199f6d28b77fbe584279a1898e25e4c714","bugs":{"url":"https://github.com/isaacs/node-lru-cache/issues"},"homepage":"https://github.com/isaacs/node-lru-cache#readme","_id":"lru-cache@2.7.3","_shasum":"6d4524e8b955f95d4f5b58851ce21dd72fb4e952","_from":".","_npmVersion":"3.3.2","_nodeVersion":"4.0.0","_npmUser":{"name":"isaacs","email":"i@izs.me"},"dist":{"shasum":"6d4524e8b955f95d4f5b58851ce21dd72fb4e952","tarball":"https://registry.npmjs.org/lru-cache/-/lru-cache-2.7.3.tgz"},"maintainers":[{"name":"isaacs","email":"isaacs@npmjs.com"},{"name":"othiym23","email":"ogd@aoaioxxysz.net"}],"directories":{}},"3.0.0":{"name":"lru-cache","description":"A cache object that deletes the least-recently-used items.","version":"3.0.0","author":{"name":"Isaac Z. Schlueter","email":"i@izs.me"},"keywords":["mru","lru","cache"],"scripts":{"test":"tap test --gc"},"main":"lib/lru-cache.js","repository":{"type":"git","url":"git://github.com/isaacs/node-lru-cache.git"},"devDependencies":{"tap":"^1.2.0","weak":""},"license":"ISC","dependencies":{"pseudomap":"^1.0.1"},"gitHead":"487ab824ec8515add9f4dc78ec12b77ea0b51d0d","bugs":{"url":"https://github.com/isaacs/node-lru-cache/issues"},"homepage":"https://github.com/isaacs/node-lru-cache#readme","_id":"lru-cache@3.0.0","_shasum":"65704ca44b10718bc401ba7e0c1cfb5b69422d5c","_from":".","_npmVersion":"3.3.2","_nodeVersion":"4.0.0","_npmUser":{"name":"isaacs","email":"i@izs.me"},"dist":{"shasum":"65704ca44b10718bc401ba7e0c1cfb5b69422d5c","tarball":"https://registry.npmjs.org/lru-cache/-/lru-cache-3.0.0.tgz"},"maintainers":[{"name":"isaacs","email":"isaacs@npmjs.com"},{"name":"othiym23","email":"ogd@aoaioxxysz.net"}],"directories":{}},"3.1.0":{"name":"lru-cache","description":"A cache object that deletes the least-recently-used items.","version":"3.1.0","author":{"name":"Isaac Z. Schlueter","email":"i@izs.me"},"keywords":["mru","lru","cache"],"scripts":{"test":"tap test --gc"},"main":"lib/lru-cache.js","repository":{"type":"git","url":"git://github.com/isaacs/node-lru-cache.git"},"devDependencies":{"tap":"^1.2.0","weak":""},"license":"ISC","dependencies":{"pseudomap":"^1.0.1"},"gitHead":"f729777fc0af1e5c61d0c724fc8c0a56bfcf6603","bugs":{"url":"https://github.com/isaacs/node-lru-cache/issues"},"homepage":"https://github.com/isaacs/node-lru-cache#readme","_id":"lru-cache@3.1.0","_shasum":"695666a271c1364350e8256fee8657fb90a6eeb0","_from":".","_npmVersion":"3.3.2","_nodeVersion":"4.0.0","_npmUser":{"name":"isaacs","email":"i@izs.me"},"dist":{"shasum":"695666a271c1364350e8256fee8657fb90a6eeb0","tarball":"https://registry.npmjs.org/lru-cache/-/lru-cache-3.1.0.tgz"},"maintainers":[{"name":"isaacs","email":"isaacs@npmjs.com"},{"name":"othiym23","email":"ogd@aoaioxxysz.net"}],"directories":{}},"3.1.1":{"name":"lru-cache","description":"A cache object that deletes the least-recently-used items.","version":"3.1.1","author":{"name":"Isaac Z. Schlueter","email":"i@izs.me"},"keywords":["mru","lru","cache"],"scripts":{"test":"tap test --gc"},"main":"lib/lru-cache.js","repository":{"type":"git","url":"git://github.com/isaacs/node-lru-cache.git"},"devDependencies":{"tap":"^1.2.0","weak":""},"license":"ISC","dependencies":{"pseudomap":"^1.0.1"},"gitHead":"bdd31947533d1d91b17618f1a30346bc3eb9840f","bugs":{"url":"https://github.com/isaacs/node-lru-cache/issues"},"homepage":"https://github.com/isaacs/node-lru-cache#readme","_id":"lru-cache@3.1.1","_shasum":"62e11a908886c69713d102ba7b8969c8315348f6","_from":".","_npmVersion":"3.3.2","_nodeVersion":"4.0.0","_npmUser":{"name":"isaacs","email":"i@izs.me"},"dist":{"shasum":"62e11a908886c69713d102ba7b8969c8315348f6","tarball":"https://registry.npmjs.org/lru-cache/-/lru-cache-3.1.1.tgz"},"maintainers":[{"name":"isaacs","email":"isaacs@npmjs.com"},{"name":"othiym23","email":"ogd@aoaioxxysz.net"}],"directories":{}},"3.1.2":{"name":"lru-cache","description":"A cache object that deletes the least-recently-used items.","version":"3.1.2","author":{"name":"Isaac Z. Schlueter","email":"i@izs.me"},"keywords":["mru","lru","cache"],"scripts":{"test":"tap test --gc"},"main":"lib/lru-cache.js","repository":{"type":"git","url":"git://github.com/isaacs/node-lru-cache.git"},"devDependencies":{"tap":"^1.2.0","weak":""},"license":"ISC","dependencies":{"pseudomap":"^1.0.1"},"gitHead":"fa470b7fd44e386defb6be5fc3ae61906a68cc6f","bugs":{"url":"https://github.com/isaacs/node-lru-cache/issues"},"homepage":"https://github.com/isaacs/node-lru-cache#readme","_id":"lru-cache@3.1.2","_shasum":"2c108220c9a73d4f516e6f3147c2f8f5a8eb0296","_from":".","_npmVersion":"3.3.2","_nodeVersion":"4.0.0","_npmUser":{"name":"isaacs","email":"i@izs.me"},"dist":{"shasum":"2c108220c9a73d4f516e6f3147c2f8f5a8eb0296","tarball":"https://registry.npmjs.org/lru-cache/-/lru-cache-3.1.2.tgz"},"maintainers":[{"name":"isaacs","email":"isaacs@npmjs.com"},{"name":"othiym23","email":"ogd@aoaioxxysz.net"}],"directories":{}},"3.2.0":{"name":"lru-cache","description":"A cache object that deletes the least-recently-used items.","version":"3.2.0","author":{"name":"Isaac Z. Schlueter","email":"i@izs.me"},"keywords":["mru","lru","cache"],"scripts":{"test":"tap test --gc"},"main":"lib/lru-cache.js","repository":{"type":"git","url":"git://github.com/isaacs/node-lru-cache.git"},"devDependencies":{"tap":"^1.2.0","weak":""},"license":"ISC","dependencies":{"pseudomap":"^1.0.1"},"gitHead":"50d2d39a6649f1165054618962a467caad861142","bugs":{"url":"https://github.com/isaacs/node-lru-cache/issues"},"homepage":"https://github.com/isaacs/node-lru-cache#readme","_id":"lru-cache@3.2.0","_shasum":"71789b3b7f5399bec8565dda38aa30d2a097efee","_from":".","_npmVersion":"3.3.2","_nodeVersion":"4.0.0","_npmUser":{"name":"isaacs","email":"i@izs.me"},"dist":{"shasum":"71789b3b7f5399bec8565dda38aa30d2a097efee","tarball":"https://registry.npmjs.org/lru-cache/-/lru-cache-3.2.0.tgz"},"maintainers":[{"name":"isaacs","email":"isaacs@npmjs.com"},{"name":"othiym23","email":"ogd@aoaioxxysz.net"}],"directories":{}},"4.0.0":{"name":"lru-cache","description":"A cache object that deletes the least-recently-used items.","version":"4.0.0","author":{"name":"Isaac Z. Schlueter","email":"i@izs.me"},"keywords":["mru","lru","cache"],"scripts":{"test":"tap test --cov","posttest":"standard test/*.js lib/*.js"},"main":"lib/lru-cache.js","repository":{"type":"git","url":"git://github.com/isaacs/node-lru-cache.git"},"devDependencies":{"standard":"^5.4.1","tap":"^2.3.3"},"license":"ISC","dependencies":{"pseudomap":"^1.0.1","yallist":"^2.0.0"},"gitHead":"da374d4776aaef443765b43cb3617e09c170a5d5","bugs":{"url":"https://github.com/isaacs/node-lru-cache/issues"},"homepage":"https://github.com/isaacs/node-lru-cache#readme","_id":"lru-cache@4.0.0","_shasum":"b5cbf01556c16966febe54ceec0fb4dc90df6c28","_from":".","_npmVersion":"3.3.2","_nodeVersion":"4.0.0","_npmUser":{"name":"isaacs","email":"i@izs.me"},"dist":{"shasum":"b5cbf01556c16966febe54ceec0fb4dc90df6c28","tarball":"https://registry.npmjs.org/lru-cache/-/lru-cache-4.0.0.tgz"},"maintainers":[{"name":"isaacs","email":"isaacs@npmjs.com"},{"name":"othiym23","email":"ogd@aoaioxxysz.net"}],"directories":{}},"4.0.1":{"name":"lru-cache","description":"A cache object that deletes the least-recently-used items.","version":"4.0.1","author":{"name":"Isaac Z. Schlueter","email":"i@izs.me"},"keywords":["mru","lru","cache"],"scripts":{"test":"tap test --branches=100 --functions=100 --lines=100 --statements=100","posttest":"standard test/*.js lib/*.js"},"main":"lib/lru-cache.js","repository":{"type":"git","url":"git://github.com/isaacs/node-lru-cache.git"},"devDependencies":{"standard":"^5.4.1","tap":"^5.1.1"},"license":"ISC","dependencies":{"pseudomap":"^1.0.1","yallist":"^2.0.0"},"files":["lib/lru-cache.js"],"gitHead":"6cd8c8a43cf56c585bdb696faae94f9836cb9e28","bugs":{"url":"https://github.com/isaacs/node-lru-cache/issues"},"homepage":"https://github.com/isaacs/node-lru-cache#readme","_id":"lru-cache@4.0.1","_shasum":"1343955edaf2e37d9b9e7ee7241e27c4b9fb72be","_from":".","_npmVersion":"3.7.3","_nodeVersion":"5.6.0","_npmUser":{"name":"isaacs","email":"i@izs.me"},"dist":{"shasum":"1343955edaf2e37d9b9e7ee7241e27c4b9fb72be","tarball":"https://registry.npmjs.org/lru-cache/-/lru-cache-4.0.1.tgz"},"maintainers":[{"name":"isaacs","email":"isaacs@npmjs.com"},{"name":"othiym23","email":"ogd@aoaioxxysz.net"}],"_npmOperationalInternal":{"host":"packages-12-west.internal.npmjs.com","tmp":"tmp/lru-cache-4.0.1.tgz_1458667372415_0.8005518841091543"},"directories":{}},"4.0.2":{"name":"lru-cache","description":"A cache object that deletes the least-recently-used items.","version":"4.0.2","author":{"name":"Isaac Z. Schlueter","email":"i@izs.me"},"keywords":["mru","lru","cache"],"scripts":{"test":"tap test --100","posttest":"standard test/*.js lib/*.js"},"main":"lib/lru-cache.js","repository":{"type":"git","url":"git://github.com/isaacs/node-lru-cache.git"},"devDependencies":{"standard":"^5.4.1","tap":"^8.0.1"},"license":"ISC","dependencies":{"pseudomap":"^1.0.1","yallist":"^2.0.0"},"files":["lib/lru-cache.js"],"gitHead":"f25bdae0b4bb0166a75fa01d664a3e3cece1ce98","bugs":{"url":"https://github.com/isaacs/node-lru-cache/issues"},"homepage":"https://github.com/isaacs/node-lru-cache#readme","_id":"lru-cache@4.0.2","_shasum":"1d17679c069cda5d040991a09dbc2c0db377e55e","_from":".","_npmVersion":"3.10.9","_nodeVersion":"6.5.0","_npmUser":{"name":"isaacs","email":"i@izs.me"},"dist":{"shasum":"1d17679c069cda5d040991a09dbc2c0db377e55e","tarball":"https://registry.npmjs.org/lru-cache/-/lru-cache-4.0.2.tgz"},"maintainers":[{"name":"isaacs","email":"isaacs@npmjs.com"},{"name":"othiym23","email":"ogd@aoaioxxysz.net"}],"_npmOperationalInternal":{"host":"packages-12-west.internal.npmjs.com","tmp":"tmp/lru-cache-4.0.2.tgz_1480273800672_0.31606275402009487"},"directories":{}},"4.1.0":{"name":"lru-cache","description":"A cache object that deletes the least-recently-used items.","version":"4.1.0","author":{"name":"Isaac Z. Schlueter","email":"i@izs.me"},"keywords":["mru","lru","cache"],"scripts":{"test":"tap test/*.js --100 -J","posttest":"standard test/*.js index.js","preversion":"npm test","postversion":"npm publish","postpublish":"git push origin --all; git push origin --tags"},"main":"index.js","repository":{"type":"git","url":"git://github.com/isaacs/node-lru-cache.git"},"devDependencies":{"standard":"^5.4.1","tap":"^10.3.3"},"license":"ISC","dependencies":{"pseudomap":"^1.0.1","yallist":"^2.0.0"},"files":["index.js"],"gitHead":"1a77f87d74b46715b80acc3f6b44c12d030e9902","bugs":{"url":"https://github.com/isaacs/node-lru-cache/issues"},"homepage":"https://github.com/isaacs/node-lru-cache#readme","_id":"lru-cache@4.1.0","_npmVersion":"5.0.3","_nodeVersion":"8.0.0","_npmUser":{"name":"isaacs","email":"i@izs.me"},"dist":{"integrity":"sha512-aHGs865JXz6bkB4AHL+3AhyvTFKL3iZamKVWjIUKnXOXyasJvqPK8WAjOnAQKQZVpeXDVz19u1DD0r/12bWAdQ==","shasum":"59be49a683b8d986a939f1ca60fdb6989f4b2046","tarball":"https://registry.npmjs.org/lru-cache/-/lru-cache-4.1.0.tgz"},"maintainers":[{"name":"isaacs","email":"isaacs@npmjs.com"},{"name":"othiym23","email":"ogd@aoaioxxysz.net"}],"_npmOperationalInternal":{"host":"s3://npm-registry-packages","tmp":"tmp/lru-cache-4.1.0.tgz_1496771655220_0.868791145272553"},"directories":{}}},"maintainers":[{"name":"isaacs","email":"isaacs@npmjs.com"},{"name":"othiym23","email":"ogd@aoaioxxysz.net"}],"author":{"name":"Isaac Z. Schlueter","email":"i@izs.me"},"repository":{"type":"git","url":"git://github.com/isaacs/node-lru-cache.git"},"time":{"modified":"2017-06-06T17:54:15.370Z","created":"2011-07-16T09:09:00.041Z","1.0.1":"2011-07-16T09:09:00.041Z","1.0.2":"2011-07-16T09:09:00.041Z","1.0.3":"2011-07-16T09:09:00.041Z","1.0.4":"2011-07-29T19:12:01.745Z","1.0.5":"2011-12-09T01:12:43.326Z","1.0.6":"2012-03-27T20:58:02.558Z","1.1.0":"2012-04-10T23:40:12.876Z","1.1.1":"2012-08-01T09:36:45.601Z","2.0.0":"2012-08-09T22:21:20.057Z","2.0.1":"2012-08-14T01:07:53.273Z","2.0.2":"2012-08-27T16:37:06.609Z","2.0.3":"2012-09-13T05:19:49.029Z","2.0.4":"2012-09-17T15:57:27.674Z","2.1.0":"2012-10-19T12:23:46.276Z","2.2.0":"2012-11-29T18:39:13.480Z","2.2.1":"2012-11-29T19:35:00.176Z","2.2.2":"2013-01-15T16:07:29.189Z","2.2.4":"2013-03-26T00:15:52.058Z","2.3.0":"2013-03-26T00:28:31.542Z","2.3.1":"2013-08-19T21:27:14.453Z","2.5.0":"2013-11-21T17:38:28.040Z","2.5.1":"2015-04-10T16:23:17.960Z","2.5.2":"2015-04-10T16:26:47.162Z","2.6.0":"2015-04-15T17:59:01.480Z","2.6.1":"2015-04-15T18:09:11.352Z","2.6.2":"2015-04-24T22:13:44.022Z","2.6.3":"2015-05-15T01:21:44.570Z","2.6.4":"2015-05-19T01:38:58.214Z","2.6.5":"2015-06-30T18:20:57.642Z","2.7.0":"2015-09-11T18:23:12.257Z","2.7.1":"2015-11-23T23:56:40.083Z","2.7.2":"2015-11-24T19:23:22.999Z","2.7.3":"2015-11-25T18:12:14.005Z","3.0.0":"2015-11-27T22:55:18.812Z","3.1.0":"2015-11-27T23:09:26.205Z","3.1.1":"2015-11-28T01:03:32.062Z","3.1.2":"2015-11-28T02:50:32.082Z","3.2.0":"2015-11-28T21:54:13.864Z","4.0.0":"2015-12-21T04:46:32.089Z","4.0.1":"2016-03-22T17:22:52.848Z","4.0.2":"2016-11-27T19:10:00.911Z","4.1.0":"2017-06-06T17:54:15.370Z"},"users":{"285858315":true,"fgribreau":true,"romac":true,"zaphod1984":true,"brianloveswords":true,"cybo42":true,"jacques":true,"luislobo":true,"soloi":true,"wookieb":true,"lianall":true,"piron_t":true,"zihuxinyu":true,"bchociej":true,"mpinteractiv":true,"voxpelli":true,"ashleybrener":true,"jianping":true,"hoitmort":true,"dgarlitt":true,"hden":true,"zhangyaochun":true,"yvesm":true,"acjohnso25":true,"adamlu":true,"qt911025":true,"kenlimmj":true,"ashsidhu":true,"ccyll":true,"genexp":true,"sessionbean":true,"minghe":true,"micahjonas":true,"patmcc":true,"michaelnisi":true,"syzer":true,"barenko":true,"hckhanh":true,"draganhr":true,"crazyjingling":true,"lfeng":true,"brunocalou":true,"andrew.medvedev":true,"bapinney":true,"thinkholic":true,"shavyg2":true,"makay":true,"buzuli":true,"mccoyjordan":true,"derekclair":true,"vasz":true,"sirany":true,"coalesce":true,"roman-io":true,"shan":true,"hugojosefson":true,"newswim":true,"princetoad":true,"chriszs":true,"belirafon":true,"detj":true,"wangnan0610":true,"dskrepps":true,"lcdss":true,"sopov":true,"jovinbm":true,"jerrywu":true,"koslun":true,"endless":true,"cestrensem":true,"v3rron":true,"neo1":true,"mojaray2k":true,"sisidovski":true,"egantz":true,"shangsinian":true,"nickleefly":true,"appsparkler":true,"tommytroylin":true,"joaquin.briceno":true,"joris-van-der-wel":true,"nikolayantonovsoserov":true,"leonzhao":true,"nuer":true,"ahmedelgabri":true,"roccomuso":true,"wangfeia":true,"adamantium169":true,"tsxuehu":true,"gavinning":true,"yinyongcom666":true,"neefrankie":true,"shaomingquan":true,"ahmed-dinar":true,"xinwangwang":true,"ssljivic":true},"readme":"# lru cache\n\nA cache object that deletes the least-recently-used items.\n\n[![Build Status](https://travis-ci.org/isaacs/node-lru-cache.svg?branch=master)](https://travis-ci.org/isaacs/node-lru-cache) [![Coverage Status](https://coveralls.io/repos/isaacs/node-lru-cache/badge.svg?service=github)](https://coveralls.io/github/isaacs/node-lru-cache)\n\n## Installation:\n\n```javascript\nnpm install lru-cache --save\n```\n\n## Usage:\n\n```javascript\nvar LRU = require(\"lru-cache\")\n  , options = { max: 500\n              , length: function (n, key) { return n * 2 + key.length }\n              , dispose: function (key, n) { n.close() }\n              , maxAge: 1000 * 60 * 60 }\n  , cache = LRU(options)\n  , otherCache = LRU(50) // sets just the max size\n\ncache.set(\"key\", \"value\")\ncache.get(\"key\") // \"value\"\n\n// non-string keys ARE fully supported\nvar someObject = {}\ncache.set(someObject, 'a value')\ncache.set('[object Object]', 'a different value')\nassert.equal(cache.get(someObject), 'a value')\n\ncache.reset()    // empty the cache\n```\n\nIf you put more stuff in it, then items will fall out.\n\nIf you try to put an oversized thing in it, then it'll fall out right\naway.\n\n## Options\n\n* `max` The maximum size of the cache, checked by applying the length\n  function to all values in the cache.  Not setting this is kind of\n  silly, since that's the whole purpose of this lib, but it defaults\n  to `Infinity`.\n* `maxAge` Maximum age in ms.  Items are not pro-actively pruned out\n  as they age, but if you try to get an item that is too old, it'll\n  drop it and return undefined instead of giving it to you.\n* `length` Function that is used to calculate the length of stored\n  items.  If you're storing strings or buffers, then you probably want\n  to do something like `function(n, key){return n.length}`.  The default is\n  `function(){return 1}`, which is fine if you want to store `max`\n  like-sized things.  The item is passed as the first argument, and\n  the key is passed as the second argumnet.\n* `dispose` Function that is called on items when they are dropped\n  from the cache.  This can be handy if you want to close file\n  descriptors or do other cleanup tasks when items are no longer\n  accessible.  Called with `key, value`.  It's called *before*\n  actually removing the item from the internal cache, so if you want\n  to immediately put it back in, you'll have to do that in a\n  `nextTick` or `setTimeout` callback or it won't do anything.\n* `stale` By default, if you set a `maxAge`, it'll only actually pull\n  stale items out of the cache when you `get(key)`.  (That is, it's\n  not pre-emptively doing a `setTimeout` or anything.)  If you set\n  `stale:true`, it'll return the stale value before deleting it.  If\n  you don't set this, then it'll return `undefined` when you try to\n  get a stale entry, as if it had already been deleted.\n* `noDisposeOnSet` By default, if you set a `dispose()` method, then\n  it'll be called whenever a `set()` operation overwrites an existing\n  key.  If you set this option, `dispose()` will only be called when a\n  key falls out of the cache, not when it is overwritten.\n\n## API\n\n* `set(key, value, maxAge)`\n* `get(key) => value`\n\n    Both of these will update the \"recently used\"-ness of the key.\n    They do what you think. `maxAge` is optional and overrides the\n    cache `maxAge` option if provided.\n\n    If the key is not found, `get()` will return `undefined`.\n\n    The key and val can be any value.\n\n* `peek(key)`\n\n    Returns the key value (or `undefined` if not found) without\n    updating the \"recently used\"-ness of the key.\n\n    (If you find yourself using this a lot, you *might* be using the\n    wrong sort of data structure, but there are some use cases where\n    it's handy.)\n\n* `del(key)`\n\n    Deletes a key out of the cache.\n\n* `reset()`\n\n    Clear the cache entirely, throwing away all values.\n\n* `has(key)`\n\n    Check if a key is in the cache, without updating the recent-ness\n    or deleting it for being stale.\n\n* `forEach(function(value,key,cache), [thisp])`\n\n    Just like `Array.prototype.forEach`.  Iterates over all the keys\n    in the cache, in order of recent-ness.  (Ie, more recently used\n    items are iterated over first.)\n\n* `rforEach(function(value,key,cache), [thisp])`\n\n    The same as `cache.forEach(...)` but items are iterated over in\n    reverse order.  (ie, less recently used items are iterated over\n    first.)\n\n* `keys()`\n\n    Return an array of the keys in the cache.\n\n* `values()`\n\n    Return an array of the values in the cache.\n\n* `length`\n\n    Return total length of objects in cache taking into account\n    `length` options function.\n\n* `itemCount`\n\n    Return total quantity of objects currently in cache. Note, that\n    `stale` (see options) items are returned as part of this item\n    count.\n\n* `dump()`\n\n    Return an array of the cache entries ready for serialization and usage\n    with 'destinationCache.load(arr)`.\n\n* `load(cacheEntriesArray)`\n\n    Loads another cache entries array, obtained with `sourceCache.dump()`,\n    into the cache. The destination cache is reset before loading new entries\n\n* `prune()`\n\n    Manually iterates over the entire cache proactively pruning old entries\n","readmeFilename":"README.md","homepage":"https://github.com/isaacs/node-lru-cache#readme","bugs":{"url":"https://github.com/isaacs/node-lru-cache/issues"},"license":"ISC","keywords":["mru","lru","cache"],"_attachments":{},"_etag":"W/\"5936ec47-d0f9\"","_lastModified":"Tue, 06 Jun 2017 17:54:15 GMT","_cached":true}