{"_id":"fstream","_rev":"3185826","name":"fstream","description":"Advanced file system stream things","dist-tags":{"latest":"1.0.11"},"maintainers":[{"name":"iarna","email":"me@re-becca.org"},{"name":"isaacs","email":"i@izs.me"},{"name":"othiym23","email":"ogd@aoaioxxysz.net"},{"name":"zkat","email":"kat@sykosomatic.org"}],"time":{"modified":"2017-03-27T20:08:25.000Z","created":"2011-11-01T00:05:59.755Z","1.0.11":"2017-03-07T21:47:01.527Z","1.0.10":"2016-06-17T18:52:36.242Z","1.0.9":"2016-05-12T20:54:12.694Z","1.0.8":"2015-09-10T00:42:07.316Z","1.0.7":"2015-06-19T06:38:53.439Z","1.0.6":"2015-05-08T21:41:22.260Z","1.0.5":"2015-05-08T00:41:43.875Z","1.0.4":"2015-01-24T04:42:27.420Z","1.0.3":"2014-11-28T01:46:04.792Z","1.0.2":"2014-08-19T19:08:29.285Z","0.1.31":"2014-08-04T04:56:26.895Z","1.0.1":"2014-08-01T21:15:25.279Z","1.0.0":"2014-07-31T22:27:19.512Z","0.1.30":"2014-07-31T21:55:53.495Z","0.1.29":"2014-07-22T17:49:54.796Z","0.1.28":"2014-06-24T18:47:02.427Z","0.1.27":"2014-06-14T00:19:32.619Z","0.1.26":"2014-06-10T23:06:11.893Z","0.1.25":"2013-11-20T21:33:09.159Z","0.1.24":"2013-07-24T03:39:22.530Z","0.1.23":"2013-07-11T07:13:33.151Z","0.1.22":"2013-02-06T00:02:34.000Z","0.1.21":"2012-12-28T00:57:05.221Z","0.1.20":"2012-12-19T22:34:28.188Z","0.1.19":"2012-09-08T15:53:38.928Z","0.1.18":"2012-03-29T00:43:10.326Z","0.1.17":"2012-03-27T20:44:44.597Z","0.1.16":"2012-03-27T06:01:18.231Z","0.1.15":"2012-03-26T21:14:32.435Z","0.1.14":"2012-03-20T01:19:27.155Z","0.1.13":"2012-02-28T00:38:39.500Z","0.1.12":"2012-02-04T19:01:05.519Z","0.1.11":"2012-01-05T00:47:21.323Z","0.1.10":"2011-12-16T17:27:57.631Z","0.1.9":"2011-12-09T02:10:35.493Z","0.1.8":"2011-12-09T01:59:39.726Z","0.1.7":"2011-12-08T17:59:56.620Z","0.1.6":"2011-12-03T02:28:11.557Z","0.1.5":"2011-11-30T18:54:06.331Z","0.1.3":"2011-11-29T02:46:40.880Z","0.1.2":"2011-11-29T01:17:18.898Z","0.1.1":"2011-11-23T00:45:27.393Z","0.1.0":"2011-11-20T07:40:38.400Z","0.0.1":"2011-11-08T01:36:30.916Z","0.0.0":"2011-11-01T00:05:59.755Z"},"users":{"fgribreau":true,"michaelnisi":true,"esundahl":true,"tunnckocore":true,"wenbing":true,"jswartwood":true,"dofy":true,"sirrah":true,"evanyeung":true,"po":true,"qddegtya":true,"igasho":true,"modood":true,"andmeics":true},"author":{"name":"Isaac Z. Schlueter","email":"i@izs.me","url":"http://blog.izs.me/"},"repository":{"type":"git","url":"git+https://github.com/npm/fstream.git"},"versions":{"1.0.11":{"author":{"name":"Isaac Z. Schlueter","email":"i@izs.me","url":"http://blog.izs.me/"},"name":"fstream","description":"Advanced file system stream things","version":"1.0.11","repository":{"type":"git","url":"git+https://github.com/npm/fstream.git"},"main":"fstream.js","engines":{"node":">=0.6"},"dependencies":{"graceful-fs":"^4.1.2","inherits":"~2.0.0","mkdirp":">=0.5 0","rimraf":"2"},"devDependencies":{"standard":"^4.0.0","tap":"^1.2.0"},"scripts":{"test":"standard && tap examples/*.js"},"license":"ISC","gitHead":"1e4527ffe8688d4f5325283d7cf2cf2d61f14c6b","bugs":{"url":"https://github.com/npm/fstream/issues"},"homepage":"https://github.com/npm/fstream#readme","_id":"fstream@1.0.11","_shasum":"5c1fb1f117477114f0632a0eb4b71b3cb0fd3171","_from":".","_npmVersion":"4.1.2","_nodeVersion":"7.7.1","_npmUser":{"name":"zkat","email":"kat@sykosomatic.org"},"dist":{"shasum":"5c1fb1f117477114f0632a0eb4b71b3cb0fd3171","size":17228,"noattachment":false,"tarball":"http://registry.npm.taobao.org/fstream/download/fstream-1.0.11.tgz"},"maintainers":[{"name":"iarna","email":"me@re-becca.org"},{"name":"isaacs","email":"i@izs.me"},{"name":"othiym23","email":"ogd@aoaioxxysz.net"},{"name":"zkat","email":"kat@sykosomatic.org"}],"_npmOperationalInternal":{"host":"packages-18-east.internal.npmjs.com","tmp":"tmp/fstream-1.0.11.tgz_1488923219641_0.18055859790183604"},"directories":{},"publish_time":1488923221527,"_cnpm_publish_time":1488923221527,"_hasShrinkwrap":false},"1.0.10":{"author":{"name":"Isaac Z. Schlueter","email":"i@izs.me","url":"http://blog.izs.me/"},"name":"fstream","description":"Advanced file system stream things","version":"1.0.10","repository":{"type":"git","url":"git+https://github.com/npm/fstream.git"},"main":"fstream.js","engines":{"node":">=0.6"},"dependencies":{"graceful-fs":"^4.1.2","inherits":"~2.0.0","mkdirp":">=0.5 0","rimraf":"2"},"devDependencies":{"standard":"^4.0.0","tap":"^1.2.0"},"scripts":{"test":"standard && tap examples/*.js"},"license":"ISC","gitHead":"24fabdec32e334dd3b130d77b38c010e3119b102","bugs":{"url":"https://github.com/npm/fstream/issues"},"homepage":"https://github.com/npm/fstream#readme","_id":"fstream@1.0.10","_shasum":"604e8a92fe26ffd9f6fae30399d4984e1ab22822","_from":".","_npmVersion":"3.10.0","_nodeVersion":"4.4.5","_npmUser":{"name":"othiym23","email":"ogd@aoaioxxysz.net"},"dist":{"shasum":"604e8a92fe26ffd9f6fae30399d4984e1ab22822","size":17272,"noattachment":false,"tarball":"http://registry.npm.taobao.org/fstream/download/fstream-1.0.10.tgz"},"maintainers":[{"name":"iarna","email":"me@re-becca.org"},{"name":"isaacs","email":"i@izs.me"},{"name":"othiym23","email":"ogd@aoaioxxysz.net"},{"name":"zkat","email":"kat@sykosomatic.org"}],"_npmOperationalInternal":{"host":"packages-16-east.internal.npmjs.com","tmp":"tmp/fstream-1.0.10.tgz_1466189553883_0.3062701092567295"},"directories":{},"publish_time":1466189556242,"_cnpm_publish_time":1466189556242,"_hasShrinkwrap":false},"1.0.9":{"author":{"name":"Isaac Z. Schlueter","email":"i@izs.me","url":"http://blog.izs.me/"},"name":"fstream","description":"Advanced file system stream things","version":"1.0.9","repository":{"type":"git","url":"git+https://github.com/npm/fstream.git"},"main":"fstream.js","engines":{"node":">=0.6"},"dependencies":{"graceful-fs":"^4.1.2","inherits":"~2.0.0","mkdirp":">=0.5 0","rimraf":"2"},"devDependencies":{"standard":"^4.0.0","tap":"^1.2.0"},"scripts":{"test":"standard && tap examples/*.js"},"license":"ISC","gitHead":"688cf00619fd0d3a80f61c0143aa04bd017e5fe8","bugs":{"url":"https://github.com/npm/fstream/issues"},"homepage":"https://github.com/npm/fstream#readme","_id":"fstream@1.0.9","_shasum":"5d9c2f0270e475fa8eb9db60e26975a3ae8d2abc","_from":".","_npmVersion":"3.9.0","_nodeVersion":"6.0.0","_npmUser":{"name":"othiym23","email":"ogd@aoaioxxysz.net"},"dist":{"shasum":"5d9c2f0270e475fa8eb9db60e26975a3ae8d2abc","size":84176,"noattachment":false,"tarball":"http://registry.npm.taobao.org/fstream/download/fstream-1.0.9.tgz"},"maintainers":[{"name":"iarna","email":"me@re-becca.org"},{"name":"isaacs","email":"i@izs.me"},{"name":"othiym23","email":"ogd@aoaioxxysz.net"},{"name":"zkat","email":"kat@sykosomatic.org"}],"_npmOperationalInternal":{"host":"packages-16-east.internal.npmjs.com","tmp":"tmp/fstream-1.0.9.tgz_1463086449176_0.005046375095844269"},"directories":{},"publish_time":1463086452694,"_cnpm_publish_time":1463086452694,"_hasShrinkwrap":false},"1.0.8":{"author":{"name":"Isaac Z. Schlueter","email":"i@izs.me","url":"http://blog.izs.me/"},"name":"fstream","description":"Advanced file system stream things","version":"1.0.8","repository":{"type":"git","url":"git://github.com/isaacs/fstream.git"},"main":"fstream.js","engines":{"node":">=0.6"},"dependencies":{"graceful-fs":"^4.1.2","inherits":"~2.0.0","mkdirp":">=0.5 0","rimraf":"2"},"devDependencies":{"standard":"^4.0.0","tap":"^1.2.0"},"scripts":{"test":"standard && tap examples/*.js"},"license":"ISC","gitHead":"d9f81146c50e687f1df04c1a0e7e4c173eb3dae2","bugs":{"url":"https://github.com/isaacs/fstream/issues"},"homepage":"https://github.com/isaacs/fstream#readme","_id":"fstream@1.0.8","_shasum":"7e8d7a73abb3647ef36e4b8a15ca801dba03d038","_from":".","_npmVersion":"2.14.3","_nodeVersion":"2.2.2","_npmUser":{"name":"zkat","email":"kat@sykosomatic.org"},"dist":{"shasum":"7e8d7a73abb3647ef36e4b8a15ca801dba03d038","size":17191,"noattachment":false,"tarball":"http://registry.npm.taobao.org/fstream/download/fstream-1.0.8.tgz"},"maintainers":[{"name":"iarna","email":"me@re-becca.org"},{"name":"isaacs","email":"i@izs.me"},{"name":"othiym23","email":"ogd@aoaioxxysz.net"},{"name":"zkat","email":"kat@sykosomatic.org"}],"directories":{},"publish_time":1441845727316,"_cnpm_publish_time":1441845727316,"_hasShrinkwrap":false},"1.0.7":{"author":{"name":"Isaac Z. Schlueter","email":"i@izs.me","url":"http://blog.izs.me/"},"name":"fstream","description":"Advanced file system stream things","version":"1.0.7","repository":{"type":"git","url":"git://github.com/isaacs/fstream.git"},"main":"fstream.js","engines":{"node":">=0.6"},"dependencies":{"graceful-fs":"3","inherits":"~2.0.0","mkdirp":">=0.5 0","rimraf":"2"},"devDependencies":{"standard":"^4.0.0","tap":"^1.2.0"},"scripts":{"test":"standard && tap examples/*.js"},"license":"ISC","gitHead":"586e8efc1cf77883f6c22fc32a7cb38f0eb88911","bugs":{"url":"https://github.com/isaacs/fstream/issues"},"homepage":"https://github.com/isaacs/fstream#readme","_id":"fstream@1.0.7","_shasum":"455a1aa1d46077668d95b6d27838e1b1daa78c78","_from":".","_npmVersion":"2.11.3","_nodeVersion":"2.0.2","_npmUser":{"name":"othiym23","email":"ogd@aoaioxxysz.net"},"dist":{"shasum":"455a1aa1d46077668d95b6d27838e1b1daa78c78","size":17236,"noattachment":false,"tarball":"http://registry.npm.taobao.org/fstream/download/fstream-1.0.7.tgz"},"maintainers":[{"name":"iarna","email":"me@re-becca.org"},{"name":"isaacs","email":"i@izs.me"},{"name":"othiym23","email":"ogd@aoaioxxysz.net"},{"name":"zkat","email":"kat@sykosomatic.org"}],"directories":{},"publish_time":1434695933439,"_cnpm_publish_time":1434695933439,"_hasShrinkwrap":false},"1.0.6":{"author":{"name":"Isaac Z. Schlueter","email":"i@izs.me","url":"http://blog.izs.me/"},"name":"fstream","description":"Advanced file system stream things","version":"1.0.6","repository":{"type":"git","url":"git://github.com/isaacs/fstream.git"},"main":"fstream.js","engines":{"node":">=0.6"},"dependencies":{"graceful-fs":"3","inherits":"~2.0.0","mkdirp":">=0.5 0","rimraf":"2"},"devDependencies":{"tap":"0","standard":"^2.3.2"},"scripts":{"test":"standard && tap examples/*.js"},"license":"ISC","gitHead":"e0c0024379c5a94ca228d232e2794b6ffb0d3caf","bugs":{"url":"https://github.com/isaacs/fstream/issues"},"homepage":"https://github.com/isaacs/fstream#readme","_id":"fstream@1.0.6","_shasum":"817e50312fb4ed90da865c8eb5ecd1d1d7aed0ec","_from":".","_npmVersion":"2.9.0","_nodeVersion":"2.0.0","_npmUser":{"name":"iarna","email":"me@re-becca.org"},"maintainers":[{"name":"iarna","email":"me@re-becca.org"},{"name":"isaacs","email":"i@izs.me"},{"name":"othiym23","email":"ogd@aoaioxxysz.net"},{"name":"zkat","email":"kat@sykosomatic.org"}],"dist":{"shasum":"817e50312fb4ed90da865c8eb5ecd1d1d7aed0ec","size":17230,"noattachment":false,"tarball":"http://registry.npm.taobao.org/fstream/download/fstream-1.0.6.tgz"},"directories":{},"publish_time":1431121282260,"_cnpm_publish_time":1431121282260,"_hasShrinkwrap":false},"1.0.5":{"author":{"name":"Isaac Z. Schlueter","email":"i@izs.me","url":"http://blog.izs.me/"},"name":"fstream","description":"Advanced file system stream things","version":"1.0.5","repository":{"type":"git","url":"git://github.com/isaacs/fstream.git"},"main":"fstream.js","engines":{"node":">=0.6"},"dependencies":{"graceful-fs":"3","inherits":"~2.0.0","mkdirp":">=0.5 0","rimraf":"2"},"devDependencies":{"tap":"","standard":"^2.3.2"},"scripts":{"test":"standard && tap examples/*.js"},"license":"ISC","gitHead":"aaa2c200f17ce40486f7942f156bf0f8ded8839a","bugs":{"url":"https://github.com/isaacs/fstream/issues"},"homepage":"https://github.com/isaacs/fstream#readme","_id":"fstream@1.0.5","_shasum":"b462e0a02b85bc1b65954b76d0b3acacad652614","_from":".","_npmVersion":"2.9.1","_nodeVersion":"1.8.1","_npmUser":{"name":"othiym23","email":"ogd@aoaioxxysz.net"},"dist":{"shasum":"b462e0a02b85bc1b65954b76d0b3acacad652614","size":17164,"noattachment":false,"tarball":"http://registry.npm.taobao.org/fstream/download/fstream-1.0.5.tgz"},"maintainers":[{"name":"iarna","email":"me@re-becca.org"},{"name":"isaacs","email":"i@izs.me"},{"name":"othiym23","email":"ogd@aoaioxxysz.net"},{"name":"zkat","email":"kat@sykosomatic.org"}],"directories":{},"publish_time":1431045703875,"_cnpm_publish_time":1431045703875,"_hasShrinkwrap":false},"1.0.4":{"author":{"name":"Isaac Z. Schlueter","email":"i@izs.me","url":"http://blog.izs.me/"},"name":"fstream","description":"Advanced file system stream things","version":"1.0.4","repository":{"type":"git","url":"git://github.com/isaacs/fstream.git"},"main":"fstream.js","engines":{"node":">=0.6"},"dependencies":{"graceful-fs":"3","inherits":"~2.0.0","mkdirp":">=0.5 0","rimraf":"2"},"devDependencies":{"tap":""},"scripts":{"test":"tap examples/*.js"},"license":"BSD","gitHead":"0bdcf1db6f9b04755b644f8268fc3726875367a6","bugs":{"url":"https://github.com/isaacs/fstream/issues"},"homepage":"https://github.com/isaacs/fstream","_id":"fstream@1.0.4","_shasum":"6c52298473fd6351fd22fc4bf9254fcfebe80f2b","_from":".","_npmVersion":"2.4.1","_nodeVersion":"0.10.35","_npmUser":{"name":"othiym23","email":"ogd@aoaioxxysz.net"},"maintainers":[{"name":"iarna","email":"me@re-becca.org"},{"name":"isaacs","email":"i@izs.me"},{"name":"othiym23","email":"ogd@aoaioxxysz.net"},{"name":"zkat","email":"kat@sykosomatic.org"}],"dist":{"shasum":"6c52298473fd6351fd22fc4bf9254fcfebe80f2b","size":17330,"noattachment":false,"tarball":"http://registry.npm.taobao.org/fstream/download/fstream-1.0.4.tgz"},"directories":{},"publish_time":1422074547420,"_cnpm_publish_time":1422074547420,"_hasShrinkwrap":false},"1.0.3":{"author":{"name":"Isaac Z. Schlueter","email":"i@izs.me","url":"http://blog.izs.me/"},"name":"fstream","description":"Advanced file system stream things","version":"1.0.3","repository":{"type":"git","url":"git://github.com/isaacs/fstream.git"},"main":"fstream.js","engines":{"node":">=0.6"},"dependencies":{"graceful-fs":"3","inherits":"~2.0.0","mkdirp":">=0.5 0","rimraf":"2"},"devDependencies":{"tap":""},"scripts":{"test":"tap examples/*.js"},"license":"BSD","gitHead":"d205397b27d93eee5314e9d2d87693e82b560106","bugs":{"url":"https://github.com/isaacs/fstream/issues"},"homepage":"https://github.com/isaacs/fstream","_id":"fstream@1.0.3","_shasum":"5ce69767710d7a39c8cd9232470d9426790195da","_from":".","_npmVersion":"2.1.10","_nodeVersion":"0.10.33","_npmUser":{"name":"othiym23","email":"ogd@aoaioxxysz.net"},"maintainers":[{"name":"iarna","email":"me@re-becca.org"},{"name":"isaacs","email":"i@izs.me"},{"name":"othiym23","email":"ogd@aoaioxxysz.net"},{"name":"zkat","email":"kat@sykosomatic.org"}],"dist":{"shasum":"5ce69767710d7a39c8cd9232470d9426790195da","size":17315,"noattachment":false,"tarball":"http://registry.npm.taobao.org/fstream/download/fstream-1.0.3.tgz"},"directories":{},"publish_time":1417139164792,"_cnpm_publish_time":1417139164792,"_hasShrinkwrap":false},"1.0.2":{"author":{"name":"Isaac Z. Schlueter","email":"i@izs.me","url":"http://blog.izs.me/"},"name":"fstream","description":"Advanced file system stream things","version":"1.0.2","repository":{"type":"git","url":"git://github.com/isaacs/fstream.git"},"main":"fstream.js","engines":{"node":">=0.6"},"dependencies":{"graceful-fs":"3","inherits":"~2.0.0","mkdirp":">=0.5 0","rimraf":"2"},"devDependencies":{"tap":""},"scripts":{"test":"tap examples/*.js"},"license":"BSD","gitHead":"b3b74e92ef4a91ae206fab90b7998c7cd2e4290d","bugs":{"url":"https://github.com/isaacs/fstream/issues"},"homepage":"https://github.com/isaacs/fstream","_id":"fstream@1.0.2","_shasum":"56930ff1b4d4d7b1a689c8656b3a11e744ab92c6","_from":".","_npmVersion":"1.4.23","_npmUser":{"name":"isaacs","email":"i@izs.me"},"maintainers":[{"name":"iarna","email":"me@re-becca.org"},{"name":"isaacs","email":"i@izs.me"},{"name":"othiym23","email":"ogd@aoaioxxysz.net"},{"name":"zkat","email":"kat@sykosomatic.org"}],"dist":{"shasum":"56930ff1b4d4d7b1a689c8656b3a11e744ab92c6","size":17380,"noattachment":false,"tarball":"http://registry.npm.taobao.org/fstream/download/fstream-1.0.2.tgz"},"directories":{},"publish_time":1408475309285,"_cnpm_publish_time":1408475309285,"_hasShrinkwrap":false},"0.1.31":{"author":{"name":"Isaac Z. Schlueter","email":"i@izs.me","url":"http://blog.izs.me/"},"name":"fstream","description":"Advanced file system stream things","version":"0.1.31","repository":{"type":"git","url":"git://github.com/isaacs/fstream.git"},"main":"fstream.js","engines":{"node":">=0.6"},"dependencies":{"graceful-fs":"~3.0.2","inherits":"~2.0.0","mkdirp":"0.5","rimraf":"2"},"devDependencies":{"tap":""},"scripts":{"test":"tap examples/*.js"},"license":"BSD","gitHead":"3512b3d41b4c9b3ef15cf32a04e06b297f3dd6a4","bugs":{"url":"https://github.com/isaacs/fstream/issues"},"homepage":"https://github.com/isaacs/fstream","_id":"fstream@0.1.31","_shasum":"7337f058fbbbbefa8c9f561a28cab0849202c988","_from":".","_npmVersion":"2.0.0-alpha-5","_npmUser":{"name":"isaacs","email":"i@izs.me"},"maintainers":[{"name":"iarna","email":"me@re-becca.org"},{"name":"isaacs","email":"i@izs.me"},{"name":"othiym23","email":"ogd@aoaioxxysz.net"},{"name":"zkat","email":"kat@sykosomatic.org"}],"dist":{"shasum":"7337f058fbbbbefa8c9f561a28cab0849202c988","size":17352,"noattachment":false,"tarball":"http://registry.npm.taobao.org/fstream/download/fstream-0.1.31.tgz"},"directories":{},"publish_time":1407128186895,"_cnpm_publish_time":1407128186895,"_hasShrinkwrap":false},"1.0.1":{"author":{"name":"Isaac Z. Schlueter","email":"i@izs.me","url":"http://blog.izs.me/"},"name":"fstream","description":"Advanced file system stream things","version":"1.0.1","repository":{"type":"git","url":"git://github.com/isaacs/fstream.git"},"main":"fstream.js","engines":{"node":">=0.6"},"dependencies":{"graceful-fs":"3","inherits":"~2.0.0","mkdirp":">=0.5 0","rimraf":"2"},"devDependencies":{"tap":""},"scripts":{"test":"tap examples/*.js"},"license":"BSD","gitHead":"b623c45adf03518cdb22b0b11f9748f121b6ea46","bugs":{"url":"https://github.com/isaacs/fstream/issues"},"homepage":"https://github.com/isaacs/fstream","_id":"fstream@1.0.1","_shasum":"da9c2d7cfdf28d0934b56d51fb52c6384db0345e","_from":".","_npmVersion":"2.0.0-alpha-5","_npmUser":{"name":"isaacs","email":"i@izs.me"},"maintainers":[{"name":"iarna","email":"me@re-becca.org"},{"name":"isaacs","email":"i@izs.me"},{"name":"othiym23","email":"ogd@aoaioxxysz.net"},{"name":"zkat","email":"kat@sykosomatic.org"}],"dist":{"shasum":"da9c2d7cfdf28d0934b56d51fb52c6384db0345e","size":17353,"noattachment":false,"tarball":"http://registry.npm.taobao.org/fstream/download/fstream-1.0.1.tgz"},"directories":{},"publish_time":1406927725279,"_cnpm_publish_time":1406927725279,"_hasShrinkwrap":false},"1.0.0":{"author":{"name":"Isaac Z. Schlueter","email":"i@izs.me","url":"http://blog.izs.me/"},"name":"fstream","description":"Advanced file system stream things","version":"1.0.0","repository":{"type":"git","url":"git://github.com/isaacs/fstream.git"},"main":"fstream.js","engines":{"node":">=0.6"},"dependencies":{"graceful-fs":"^3.0.2","inherits":"~2.0.0","mkdirp":"^0.5.0","rimraf":"2"},"devDependencies":{"tap":""},"scripts":{"test":"tap examples/*.js"},"license":"BSD","gitHead":"1468b5b583646cd4f5c535e6b53c8896a4fed40f","bugs":{"url":"https://github.com/isaacs/fstream/issues"},"homepage":"https://github.com/isaacs/fstream","_id":"fstream@1.0.0","_shasum":"7feb8b42ebc588485bf3676a00bd048d4a2e1c28","_from":".","_npmVersion":"1.4.22","_npmUser":{"name":"isaacs","email":"i@izs.me"},"maintainers":[{"name":"iarna","email":"me@re-becca.org"},{"name":"isaacs","email":"i@izs.me"},{"name":"othiym23","email":"ogd@aoaioxxysz.net"},{"name":"zkat","email":"kat@sykosomatic.org"}],"dist":{"shasum":"7feb8b42ebc588485bf3676a00bd048d4a2e1c28","size":17348,"noattachment":false,"tarball":"http://registry.npm.taobao.org/fstream/download/fstream-1.0.0.tgz"},"directories":{},"publish_time":1406845639512,"_cnpm_publish_time":1406845639512,"_hasShrinkwrap":false},"0.1.30":{"author":{"name":"Isaac Z. Schlueter","email":"i@izs.me","url":"http://blog.izs.me/"},"name":"fstream","description":"Advanced file system stream things","version":"0.1.30","repository":{"type":"git","url":"git://github.com/isaacs/fstream.git"},"main":"fstream.js","engines":{"node":">=0.6"},"dependencies":{"graceful-fs":"~3.0.2","inherits":"~2.0.0","mkdirp":"^0.5.0","rimraf":"2"},"devDependencies":{"tap":""},"scripts":{"test":"tap examples/*.js"},"license":"BSD","gitHead":"2ceb4049ed9bbdd25007291ca750ad359acaf5a6","bugs":{"url":"https://github.com/isaacs/fstream/issues"},"homepage":"https://github.com/isaacs/fstream","_id":"fstream@0.1.30","_shasum":"14194cf780adeb6258deeb09ec4f48c0c402a557","_from":".","_npmVersion":"1.4.22","_npmUser":{"name":"isaacs","email":"i@izs.me"},"maintainers":[{"name":"iarna","email":"me@re-becca.org"},{"name":"isaacs","email":"i@izs.me"},{"name":"othiym23","email":"ogd@aoaioxxysz.net"},{"name":"zkat","email":"kat@sykosomatic.org"}],"dist":{"shasum":"14194cf780adeb6258deeb09ec4f48c0c402a557","size":17358,"noattachment":false,"tarball":"http://registry.npm.taobao.org/fstream/download/fstream-0.1.30.tgz"},"directories":{},"publish_time":1406843753495,"_cnpm_publish_time":1406843753495,"_hasShrinkwrap":false},"0.1.29":{"author":{"name":"Isaac Z. Schlueter","email":"i@izs.me","url":"http://blog.izs.me/"},"name":"fstream","description":"Advanced file system stream things","version":"0.1.29","repository":{"type":"git","url":"git://github.com/isaacs/fstream.git"},"main":"fstream.js","engines":{"node":">=0.6"},"dependencies":{"graceful-fs":"~3.0.2","inherits":"~2.0.0","mkdirp":"0.3","rimraf":"2"},"devDependencies":{"tap":""},"scripts":{"test":"tap examples/*.js"},"license":"BSD","gitHead":"aa6679f6fadc46ca83a97f562acde755266bf1bb","bugs":{"url":"https://github.com/isaacs/fstream/issues"},"homepage":"https://github.com/isaacs/fstream","_id":"fstream@0.1.29","_shasum":"34d04023ebc91a9df47bd31ab97e4704b4db413f","_from":".","_npmVersion":"1.5.0-alpha-4","_npmUser":{"name":"isaacs","email":"i@izs.me"},"maintainers":[{"name":"iarna","email":"me@re-becca.org"},{"name":"isaacs","email":"i@izs.me"},{"name":"othiym23","email":"ogd@aoaioxxysz.net"},{"name":"zkat","email":"kat@sykosomatic.org"}],"dist":{"shasum":"34d04023ebc91a9df47bd31ab97e4704b4db413f","size":17355,"noattachment":false,"tarball":"http://registry.npm.taobao.org/fstream/download/fstream-0.1.29.tgz"},"directories":{},"publish_time":1406051394796,"_cnpm_publish_time":1406051394796,"_hasShrinkwrap":false},"0.1.28":{"author":{"name":"Isaac Z. Schlueter","email":"i@izs.me","url":"http://blog.izs.me/"},"name":"fstream","description":"Advanced file system stream things","version":"0.1.28","repository":{"type":"git","url":"git://github.com/isaacs/fstream.git"},"main":"fstream.js","engines":{"node":">=0.6"},"dependencies":{"graceful-fs":"~3.0.2","inherits":"~2.0.0","mkdirp":"0.3","rimraf":"2"},"devDependencies":{"tap":""},"scripts":{"test":"tap examples/*.js"},"license":"BSD","gitHead":"f757159eb6a5198a9ebc6cde1c4c1b9ae8e0d7b2","bugs":{"url":"https://github.com/isaacs/fstream/issues"},"homepage":"https://github.com/isaacs/fstream","_id":"fstream@0.1.28","_shasum":"2b9286f3a646e30075efd0354729361c4b762a29","_from":".","_npmVersion":"1.4.16","_npmUser":{"name":"isaacs","email":"i@izs.me"},"maintainers":[{"name":"iarna","email":"me@re-becca.org"},{"name":"isaacs","email":"i@izs.me"},{"name":"othiym23","email":"ogd@aoaioxxysz.net"},{"name":"zkat","email":"kat@sykosomatic.org"}],"dist":{"shasum":"2b9286f3a646e30075efd0354729361c4b762a29","size":17336,"noattachment":false,"tarball":"http://registry.npm.taobao.org/fstream/download/fstream-0.1.28.tgz"},"directories":{},"publish_time":1403635622427,"_cnpm_publish_time":1403635622427,"_hasShrinkwrap":false},"0.1.27":{"author":{"name":"Isaac Z. Schlueter","email":"i@izs.me","url":"http://blog.izs.me/"},"name":"fstream","description":"Advanced file system stream things","version":"0.1.27","repository":{"type":"git","url":"git://github.com/isaacs/fstream.git"},"main":"fstream.js","engines":{"node":">=0.6"},"dependencies":{"graceful-fs":"~3.0.2","inherits":"~2.0.0","mkdirp":"0.3","rimraf":"2"},"devDependencies":{"tap":""},"scripts":{"test":"tap examples/*.js"},"license":"BSD","gitHead":"f20c223a2d0edce458c6443a89f8274824eb29b0","bugs":{"url":"https://github.com/isaacs/fstream/issues"},"homepage":"https://github.com/isaacs/fstream","_id":"fstream@0.1.27","_shasum":"80f0a1e56efef322a3f55a1a29774ca64ab7341e","_from":".","_npmVersion":"1.4.15","_npmUser":{"name":"isaacs","email":"i@izs.me"},"maintainers":[{"name":"iarna","email":"me@re-becca.org"},{"name":"isaacs","email":"i@izs.me"},{"name":"othiym23","email":"ogd@aoaioxxysz.net"},{"name":"zkat","email":"kat@sykosomatic.org"}],"dist":{"shasum":"80f0a1e56efef322a3f55a1a29774ca64ab7341e","size":17346,"noattachment":false,"tarball":"http://registry.npm.taobao.org/fstream/download/fstream-0.1.27.tgz"},"directories":{},"publish_time":1402705172619,"_cnpm_publish_time":1402705172619,"_hasShrinkwrap":false},"0.1.26":{"author":{"name":"Isaac Z. Schlueter","email":"i@izs.me","url":"http://blog.izs.me/"},"name":"fstream","description":"Advanced file system stream things","version":"0.1.26","repository":{"type":"git","url":"git://github.com/isaacs/fstream.git"},"main":"fstream.js","engines":{"node":">=0.6"},"dependencies":{"graceful-fs":"^3.0.2","inherits":"~2.0.0","mkdirp":"0.3","rimraf":"2"},"devDependencies":{"tap":""},"scripts":{"test":"tap examples/*.js"},"license":"BSD","gitHead":"8c4ee14d46933483cb87e653730d563056fcbcab","bugs":{"url":"https://github.com/isaacs/fstream/issues"},"homepage":"https://github.com/isaacs/fstream","_id":"fstream@0.1.26","_shasum":"7093e53f7eabd276f5ed55e8d59efe961f8aa297","_from":".","_npmVersion":"1.4.14","_npmUser":{"name":"isaacs","email":"i@izs.me"},"maintainers":[{"name":"iarna","email":"me@re-becca.org"},{"name":"isaacs","email":"i@izs.me"},{"name":"othiym23","email":"ogd@aoaioxxysz.net"},{"name":"zkat","email":"kat@sykosomatic.org"}],"dist":{"shasum":"7093e53f7eabd276f5ed55e8d59efe961f8aa297","size":17347,"noattachment":false,"tarball":"http://registry.npm.taobao.org/fstream/download/fstream-0.1.26.tgz"},"directories":{},"publish_time":1402441571893,"_cnpm_publish_time":1402441571893,"_hasShrinkwrap":false},"0.1.25":{"author":{"name":"Isaac Z. Schlueter","email":"i@izs.me","url":"http://blog.izs.me/"},"name":"fstream","description":"Advanced file system stream things","version":"0.1.25","repository":{"type":"git","url":"git://github.com/isaacs/fstream.git"},"main":"fstream.js","engines":{"node":">=0.6"},"dependencies":{"rimraf":"2","mkdirp":"0.3","graceful-fs":"~2.0.0","inherits":"~2.0.0"},"devDependencies":{"tap":""},"scripts":{"test":"tap examples/*.js"},"license":"BSD","readmeFilename":"README.md","bugs":{"url":"https://github.com/isaacs/fstream/issues"},"homepage":"https://github.com/isaacs/fstream","_id":"fstream@0.1.25","dist":{"shasum":"deef2db7c7898357c2b37202212a9e5b36abc732","size":17347,"noattachment":false,"tarball":"http://registry.npm.taobao.org/fstream/download/fstream-0.1.25.tgz"},"_from":".","_npmVersion":"1.3.15","_npmUser":{"name":"isaacs","email":"i@izs.me"},"maintainers":[{"name":"iarna","email":"me@re-becca.org"},{"name":"isaacs","email":"i@izs.me"},{"name":"othiym23","email":"ogd@aoaioxxysz.net"},{"name":"zkat","email":"kat@sykosomatic.org"}],"directories":{},"publish_time":1384983189159,"_hasShrinkwrap":false,"_cnpm_publish_time":1384983189159},"0.1.24":{"author":{"name":"Isaac Z. Schlueter","email":"i@izs.me","url":"http://blog.izs.me/"},"name":"fstream","description":"Advanced file system stream things","version":"0.1.24","repository":{"type":"git","url":"git://github.com/isaacs/fstream.git"},"main":"fstream.js","engines":{"node":">=0.6"},"dependencies":{"rimraf":"2","mkdirp":"0.3","graceful-fs":"~2.0.0","inherits":"~2.0.0"},"devDependencies":{"tap":""},"scripts":{"test":"tap examples/*.js"},"license":"BSD","readmeFilename":"README.md","bugs":{"url":"https://github.com/isaacs/fstream/issues"},"_id":"fstream@0.1.24","dist":{"shasum":"267fe9d034f46bc99f824789d38b987ad01be884","size":17305,"noattachment":false,"tarball":"http://registry.npm.taobao.org/fstream/download/fstream-0.1.24.tgz"},"_from":".","_npmVersion":"1.3.4","_npmUser":{"name":"isaacs","email":"i@izs.me"},"maintainers":[{"name":"iarna","email":"me@re-becca.org"},{"name":"isaacs","email":"i@izs.me"},{"name":"othiym23","email":"ogd@aoaioxxysz.net"},{"name":"zkat","email":"kat@sykosomatic.org"}],"directories":{},"publish_time":1374637162530,"_hasShrinkwrap":false,"_cnpm_publish_time":1374637162530},"0.1.23":{"author":{"name":"Isaac Z. Schlueter","email":"i@izs.me","url":"http://blog.izs.me/"},"name":"fstream","description":"Advanced file system stream things","version":"0.1.23","repository":{"type":"git","url":"git://github.com/isaacs/fstream.git"},"main":"fstream.js","engines":{"node":">=0.6"},"dependencies":{"rimraf":"2","mkdirp":"0.3","graceful-fs":"~2.0.0","inherits":"~1.0.0"},"devDependencies":{"tap":""},"scripts":{"test":"tap examples/*.js"},"license":"BSD","readmeFilename":"README.md","bugs":{"url":"https://github.com/isaacs/fstream/issues"},"_id":"fstream@0.1.23","dist":{"shasum":"e1ac8d0945a7f27789e71f00a6d86575d14fc4ec","size":17265,"noattachment":false,"tarball":"http://registry.npm.taobao.org/fstream/download/fstream-0.1.23.tgz"},"_from":".","_npmVersion":"1.3.2","_npmUser":{"name":"isaacs","email":"i@izs.me"},"maintainers":[{"name":"iarna","email":"me@re-becca.org"},{"name":"isaacs","email":"i@izs.me"},{"name":"othiym23","email":"ogd@aoaioxxysz.net"},{"name":"zkat","email":"kat@sykosomatic.org"}],"directories":{},"publish_time":1373526813151,"_hasShrinkwrap":false,"_cnpm_publish_time":1373526813151},"0.1.22":{"author":{"name":"Isaac Z. Schlueter","email":"i@izs.me","url":"http://blog.izs.me/"},"name":"fstream","description":"Advanced file system stream things","version":"0.1.22","repository":{"type":"git","url":"git://github.com/isaacs/fstream.git"},"main":"fstream.js","engines":{"node":">=0.6"},"dependencies":{"rimraf":"2","mkdirp":"0.3","graceful-fs":"~1.2.0","inherits":"~1.0.0"},"devDependencies":{"tap":""},"scripts":{"test":"tap examples/*.js"},"license":"BSD","readmeFilename":"README.md","_id":"fstream@0.1.22","dist":{"shasum":"5bbe66da356b3402f1e30863fcaf64814993cca6","size":17261,"noattachment":false,"tarball":"http://registry.npm.taobao.org/fstream/download/fstream-0.1.22.tgz"},"_from":".","_npmVersion":"1.2.4","_npmUser":{"name":"isaacs","email":"i@izs.me"},"maintainers":[{"name":"iarna","email":"me@re-becca.org"},{"name":"isaacs","email":"i@izs.me"},{"name":"othiym23","email":"ogd@aoaioxxysz.net"},{"name":"zkat","email":"kat@sykosomatic.org"}],"directories":{},"publish_time":1360108954000,"_hasShrinkwrap":false,"_cnpm_publish_time":1360108954000},"0.1.21":{"author":{"name":"Isaac Z. Schlueter","email":"i@izs.me","url":"http://blog.izs.me/"},"name":"fstream","description":"Advanced file system stream things","version":"0.1.21","repository":{"type":"git","url":"git://github.com/isaacs/fstream.git"},"main":"fstream.js","engines":{"node":">=0.6"},"dependencies":{"rimraf":"2","mkdirp":"0.3","graceful-fs":"~1.1.2","inherits":"~1.0.0"},"devDependencies":{"tap":""},"scripts":{"test":"tap examples/*.js"},"license":"BSD","readmeFilename":"README.md","_id":"fstream@0.1.21","dist":{"shasum":"7968bd1891653f19780f560fba9d2176b1950388","size":17255,"noattachment":false,"tarball":"http://registry.npm.taobao.org/fstream/download/fstream-0.1.21.tgz"},"_npmVersion":"1.1.70","_npmUser":{"name":"isaacs","email":"i@izs.me"},"maintainers":[{"name":"iarna","email":"me@re-becca.org"},{"name":"isaacs","email":"i@izs.me"},{"name":"othiym23","email":"ogd@aoaioxxysz.net"},{"name":"zkat","email":"kat@sykosomatic.org"}],"directories":{},"publish_time":1356656225221,"_hasShrinkwrap":false,"_cnpm_publish_time":1356656225221},"0.1.20":{"author":{"name":"Isaac Z. Schlueter","email":"i@izs.me","url":"http://blog.izs.me/"},"name":"fstream","description":"Advanced file system stream things","version":"0.1.20","repository":{"type":"git","url":"git://github.com/isaacs/fstream.git"},"main":"fstream.js","engines":{"node":">=0.6"},"dependencies":{"rimraf":"2","mkdirp":"0.3","graceful-fs":"~1.1.2","inherits":"~1.0.0"},"devDependencies":{"tap":""},"scripts":{"test":"tap examples/*.js"},"license":"BSD","readmeFilename":"README.md","_id":"fstream@0.1.20","dist":{"shasum":"a167d960f761715a6185ec31ce81cfad7e56f33b","size":17287,"noattachment":false,"tarball":"http://registry.npm.taobao.org/fstream/download/fstream-0.1.20.tgz"},"_npmVersion":"1.1.69","_npmUser":{"name":"isaacs","email":"i@izs.me"},"maintainers":[{"name":"iarna","email":"me@re-becca.org"},{"name":"isaacs","email":"i@izs.me"},{"name":"othiym23","email":"ogd@aoaioxxysz.net"},{"name":"zkat","email":"kat@sykosomatic.org"}],"directories":{},"publish_time":1355956468188,"_hasShrinkwrap":false,"_cnpm_publish_time":1355956468188},"0.1.19":{"author":{"name":"Isaac Z. Schlueter","email":"i@izs.me","url":"http://blog.izs.me/"},"name":"fstream","description":"Advanced file system stream things","version":"0.1.19","repository":{"type":"git","url":"git://github.com/isaacs/fstream.git"},"main":"fstream.js","engines":{"node":">=0.6"},"dependencies":{"rimraf":"2","mkdirp":"0.3","graceful-fs":"~1.1.2","inherits":"~1.0.0"},"devDependencies":{"tap":""},"scripts":{"test":"tap examples/*.js"},"license":"BSD","_id":"fstream@0.1.19","dist":{"shasum":"0ff93e775ff9a6b847666e0241604c13093469c4","size":17289,"noattachment":false,"tarball":"http://registry.npm.taobao.org/fstream/download/fstream-0.1.19.tgz"},"_npmVersion":"1.1.59","_npmUser":{"name":"isaacs","email":"i@izs.me"},"maintainers":[{"name":"iarna","email":"me@re-becca.org"},{"name":"isaacs","email":"i@izs.me"},{"name":"othiym23","email":"ogd@aoaioxxysz.net"},{"name":"zkat","email":"kat@sykosomatic.org"}],"directories":{},"publish_time":1347119618928,"_hasShrinkwrap":false,"_cnpm_publish_time":1347119618928},"0.1.18":{"author":{"name":"Isaac Z. Schlueter","email":"i@izs.me","url":"http://blog.izs.me/"},"name":"fstream","description":"Advanced file system stream things","version":"0.1.18","repository":{"type":"git","url":"git://github.com/isaacs/fstream.git"},"main":"fstream.js","engines":{"node":">=0.6"},"dependencies":{"rimraf":"2","mkdirp":"0.3","graceful-fs":"~1.1.2","inherits":"~1.0.0"},"devDependencies":{"tap":""},"scripts":{"test":"tap examples/*.js"},"license":"BSD","_npmUser":{"name":"isaacs","email":"i@izs.me"},"_id":"fstream@0.1.18","optionalDependencies":{},"_engineSupported":true,"_npmVersion":"1.1.13","_nodeVersion":"v0.7.7-pre","_defaultsLoaded":true,"dist":{"shasum":"741660affc0b175e57050498d060e53764a3aa34","size":17276,"noattachment":false,"tarball":"http://registry.npm.taobao.org/fstream/download/fstream-0.1.18.tgz"},"maintainers":[{"name":"iarna","email":"me@re-becca.org"},{"name":"isaacs","email":"i@izs.me"},{"name":"othiym23","email":"ogd@aoaioxxysz.net"},{"name":"zkat","email":"kat@sykosomatic.org"}],"directories":{},"publish_time":1332981790326,"_hasShrinkwrap":false,"_cnpm_publish_time":1332981790326},"0.1.17":{"author":{"name":"Isaac Z. Schlueter","email":"i@izs.me","url":"http://blog.izs.me/"},"name":"fstream","description":"Advanced file system stream things","version":"0.1.17","repository":{"type":"git","url":"git://github.com/isaacs/fstream.git"},"main":"fstream.js","engines":{"node":">=0.6"},"dependencies":{"rimraf":"2","mkdirp":"0.3","graceful-fs":"~1.1.2","inherits":"~1.0.0"},"devDependencies":{"tap":""},"scripts":{"test":"tap examples/*.js"},"license":"BSD","_npmUser":{"name":"isaacs","email":"i@izs.me"},"_id":"fstream@0.1.17","optionalDependencies":{},"_engineSupported":true,"_npmVersion":"1.1.12","_nodeVersion":"v0.7.7-pre","_defaultsLoaded":true,"dist":{"shasum":"7d7ce7fd541fc20a458832cce2f0999aed32b30c","size":16908,"noattachment":false,"tarball":"http://registry.npm.taobao.org/fstream/download/fstream-0.1.17.tgz"},"maintainers":[{"name":"iarna","email":"me@re-becca.org"},{"name":"isaacs","email":"i@izs.me"},{"name":"othiym23","email":"ogd@aoaioxxysz.net"},{"name":"zkat","email":"kat@sykosomatic.org"}],"directories":{},"publish_time":1332881084597,"_hasShrinkwrap":false,"_cnpm_publish_time":1332881084597},"0.1.16":{"author":{"name":"Isaac Z. Schlueter","email":"i@izs.me","url":"http://blog.izs.me/"},"name":"fstream","description":"Advanced file system stream things","version":"0.1.16","repository":{"type":"git","url":"git://github.com/isaacs/fstream.git"},"main":"fstream.js","engines":{"node":">=0.6"},"dependencies":{"rimraf":"2","mkdirp":"0.3","graceful-fs":"~1.1.2","inherits":"~1.0.0"},"devDependencies":{"tap":""},"scripts":{"test":"tap examples/*.js"},"license":"BSD","_npmUser":{"name":"isaacs","email":"i@izs.me"},"_id":"fstream@0.1.16","optionalDependencies":{},"_engineSupported":true,"_npmVersion":"1.1.12","_nodeVersion":"v0.7.7-pre","_defaultsLoaded":true,"dist":{"shasum":"97ee9ec8b24cbe1f7d8d59eb5b43a01b33b1fe15","size":16885,"noattachment":false,"tarball":"http://registry.npm.taobao.org/fstream/download/fstream-0.1.16.tgz"},"maintainers":[{"name":"iarna","email":"me@re-becca.org"},{"name":"isaacs","email":"i@izs.me"},{"name":"othiym23","email":"ogd@aoaioxxysz.net"},{"name":"zkat","email":"kat@sykosomatic.org"}],"directories":{},"publish_time":1332828078231,"_hasShrinkwrap":false,"_cnpm_publish_time":1332828078231},"0.1.15":{"author":{"name":"Isaac Z. Schlueter","email":"i@izs.me","url":"http://blog.izs.me/"},"name":"fstream","description":"Advanced file system stream things","version":"0.1.15","repository":{"type":"git","url":"git://github.com/isaacs/fstream.git"},"main":"fstream.js","engines":{"node":">=0.6"},"dependencies":{"rimraf":"2","mkdirp":"0.3","graceful-fs":"~1.1.2","inherits":"~1.0.0"},"devDependencies":{"tap":""},"scripts":{"test":"tap examples/*.js"},"license":"BSD","_npmUser":{"name":"isaacs","email":"i@izs.me"},"_id":"fstream@0.1.15","optionalDependencies":{},"_engineSupported":true,"_npmVersion":"1.1.12","_nodeVersion":"v0.7.7-pre","_defaultsLoaded":true,"dist":{"shasum":"375eede09d82537b7d9933889ca2fbb1060e7bf6","size":32661,"noattachment":false,"tarball":"http://registry.npm.taobao.org/fstream/download/fstream-0.1.15.tgz"},"maintainers":[{"name":"iarna","email":"me@re-becca.org"},{"name":"isaacs","email":"i@izs.me"},{"name":"othiym23","email":"ogd@aoaioxxysz.net"},{"name":"zkat","email":"kat@sykosomatic.org"}],"directories":{},"publish_time":1332796472435,"_hasShrinkwrap":false,"_cnpm_publish_time":1332796472435},"0.1.14":{"author":{"name":"Isaac Z. Schlueter","email":"i@izs.me","url":"http://blog.izs.me/"},"name":"fstream","description":"Advanced file system stream things","version":"0.1.14","repository":{"type":"git","url":"git://github.com/isaacs/fstream.git"},"main":"fstream.js","engines":{"node":">=0.6"},"dependencies":{"rimraf":"2","mkdirp":"0.3","graceful-fs":"~1.1.2","inherits":"~1.0.0"},"devDependencies":{"tap":""},"scripts":{"test":"tap examples/*.js"},"license":"BSD","_npmUser":{"name":"isaacs","email":"i@izs.me"},"_id":"fstream@0.1.14","optionalDependencies":{},"_engineSupported":true,"_npmVersion":"1.1.10","_nodeVersion":"v0.7.7-pre","_defaultsLoaded":true,"dist":{"shasum":"fe9b924b6ffcfeb173df5a9198d146a61df7ba5b","size":16326,"noattachment":false,"tarball":"http://registry.npm.taobao.org/fstream/download/fstream-0.1.14.tgz"},"maintainers":[{"name":"iarna","email":"me@re-becca.org"},{"name":"isaacs","email":"i@izs.me"},{"name":"othiym23","email":"ogd@aoaioxxysz.net"},{"name":"zkat","email":"kat@sykosomatic.org"}],"directories":{},"publish_time":1332206367155,"_hasShrinkwrap":false,"_cnpm_publish_time":1332206367155},"0.1.13":{"author":{"name":"Isaac Z. Schlueter","email":"i@izs.me","url":"http://blog.izs.me/"},"name":"fstream","description":"Advanced file system stream things","version":"0.1.13","repository":{"type":"git","url":"git://github.com/isaacs/fstream.git"},"main":"fstream.js","engines":{"node":"0.5 || 0.6 || 0.7"},"dependencies":{"rimraf":"2","mkdirp":"0.3","graceful-fs":"~1.1.2","inherits":"~1.0.0"},"devDependencies":{"tap":"0.1"},"scripts":{"test":"tap examples/*.js"},"_npmUser":{"name":"isaacs","email":"i@izs.me"},"_id":"fstream@0.1.13","optionalDependencies":{},"_engineSupported":true,"_npmVersion":"1.1.2","_nodeVersion":"v0.7.6-pre","_defaultsLoaded":true,"dist":{"shasum":"16a7c3d902550a78ce7e7d6fafb7a1267de64a44","size":29779,"noattachment":false,"tarball":"http://registry.npm.taobao.org/fstream/download/fstream-0.1.13.tgz"},"maintainers":[{"name":"iarna","email":"me@re-becca.org"},{"name":"isaacs","email":"i@izs.me"},{"name":"othiym23","email":"ogd@aoaioxxysz.net"},{"name":"zkat","email":"kat@sykosomatic.org"}],"directories":{},"publish_time":1330389519500,"_hasShrinkwrap":false,"_cnpm_publish_time":1330389519500},"0.1.12":{"author":{"name":"Isaac Z. Schlueter","email":"i@izs.me","url":"http://blog.izs.me/"},"name":"fstream","description":"Advanced file system stream things","version":"0.1.12","repository":{"type":"git","url":"git://github.com/isaacs/fstream.git"},"main":"fstream.js","engines":{"node":"0.5 || 0.6 || 0.7"},"dependencies":{"rimraf":"2","mkdirp":"0.3","graceful-fs":"~1.1.2","inherits":"~1.0.0"},"devDependencies":{"tap":"0.1"},"scripts":{"test":"tap examples/*.js"},"_npmUser":{"name":"isaacs","email":"i@izs.me"},"_id":"fstream@0.1.12","optionalDependencies":{},"_engineSupported":true,"_npmVersion":"1.1.0-3","_nodeVersion":"v0.6.9-pre","_defaultsLoaded":true,"dist":{"shasum":"181de8f871c326615db1f3db864685f1d29b020b","size":29778,"noattachment":false,"tarball":"http://registry.npm.taobao.org/fstream/download/fstream-0.1.12.tgz"},"maintainers":[{"name":"iarna","email":"me@re-becca.org"},{"name":"isaacs","email":"i@izs.me"},{"name":"othiym23","email":"ogd@aoaioxxysz.net"},{"name":"zkat","email":"kat@sykosomatic.org"}],"directories":{},"publish_time":1328382065519,"_hasShrinkwrap":false,"_cnpm_publish_time":1328382065519},"0.1.11":{"author":{"name":"Isaac Z. Schlueter","email":"i@izs.me","url":"http://blog.izs.me/"},"name":"fstream","description":"Advanced file system stream things","version":"0.1.11","repository":{"type":"git","url":"git://github.com/isaacs/fstream.git"},"main":"fstream.js","engines":{"node":"0.5 || 0.6 || 0.7"},"dependencies":{"rimraf":"~1.0.8","mkdirp":"~0.1.0","graceful-fs":"~1.1.2","inherits":"~1.0.0"},"devDependencies":{"tap":"0.1"},"scripts":{"test":"tap examples/*.js"},"_npmUser":{"name":"isaacs","email":"i@izs.me"},"_id":"fstream@0.1.11","_engineSupported":true,"_npmVersion":"1.1.0-beta-8","_nodeVersion":"v0.6.7-pre","_defaultsLoaded":true,"dist":{"shasum":"55c0c04dfbcc7f2cf388542da361ba1282944e0c","size":29276,"noattachment":false,"tarball":"http://registry.npm.taobao.org/fstream/download/fstream-0.1.11.tgz"},"maintainers":[{"name":"iarna","email":"me@re-becca.org"},{"name":"isaacs","email":"i@izs.me"},{"name":"othiym23","email":"ogd@aoaioxxysz.net"},{"name":"zkat","email":"kat@sykosomatic.org"}],"directories":{},"publish_time":1325724441323,"_hasShrinkwrap":false,"_cnpm_publish_time":1325724441323},"0.1.10":{"author":{"name":"Isaac Z. Schlueter","email":"i@izs.me","url":"http://blog.izs.me/"},"name":"fstream","description":"Advanced file system stream things","version":"0.1.10","repository":{"type":"git","url":"git://github.com/isaacs/fstream.git"},"main":"fstream.js","engines":{"node":"0.5 || 0.6 || 0.7"},"dependencies":{"rimraf":"~1.0.8","mkdirp":"~0.1.0","graceful-fs":"~1.1.2","inherits":"~1.0.0"},"devDependencies":{"tap":"0.1"},"scripts":{"test":"tap examples/*.js"},"_npmUser":{"name":"isaacs","email":"i@izs.me"},"_id":"fstream@0.1.10","_engineSupported":true,"_npmVersion":"1.1.0-beta-5","_nodeVersion":"v0.6.6","_defaultsLoaded":true,"dist":{"shasum":"2616d64be64ed1b10f83c550dc4458c56877f935","size":29265,"noattachment":false,"tarball":"http://registry.npm.taobao.org/fstream/download/fstream-0.1.10.tgz"},"maintainers":[{"name":"iarna","email":"me@re-becca.org"},{"name":"isaacs","email":"i@izs.me"},{"name":"othiym23","email":"ogd@aoaioxxysz.net"},{"name":"zkat","email":"kat@sykosomatic.org"}],"directories":{},"publish_time":1324056477631,"_hasShrinkwrap":false,"_cnpm_publish_time":1324056477631},"0.1.9":{"author":{"name":"Isaac Z. Schlueter","email":"i@izs.me","url":"http://blog.izs.me/"},"name":"fstream","description":"Advanced file system stream things","version":"0.1.9","repository":{"type":"git","url":"git://github.com/isaacs/fstream.git"},"main":"fstream.js","engines":{"node":"0.5 || 0.6 || 0.7"},"dependencies":{"rimraf":"~1.0.8","mkdirp":"~0.1.0","graceful-fs":"~1.1.2","inherits":"~1.0.0"},"devDependencies":{"tap":"0.1"},"scripts":{"test":"tap examples/*.js"},"_npmUser":{"name":"isaacs","email":"i@izs.me"},"_id":"fstream@0.1.9","_engineSupported":true,"_npmVersion":"1.1.0-alpha-6","_nodeVersion":"v0.6.6-pre","_defaultsLoaded":true,"dist":{"shasum":"7eb48a015c1f17e59beac8599c006dda15f645ce","size":29123,"noattachment":false,"tarball":"http://registry.npm.taobao.org/fstream/download/fstream-0.1.9.tgz"},"maintainers":[{"name":"iarna","email":"me@re-becca.org"},{"name":"isaacs","email":"i@izs.me"},{"name":"othiym23","email":"ogd@aoaioxxysz.net"},{"name":"zkat","email":"kat@sykosomatic.org"}],"directories":{},"publish_time":1323396635493,"_hasShrinkwrap":false,"_cnpm_publish_time":1323396635493},"0.1.8":{"author":{"name":"Isaac Z. Schlueter","email":"i@izs.me","url":"http://blog.izs.me/"},"name":"fstream","description":"Advanced file system stream things","version":"0.1.8","repository":{"type":"git","url":"git://github.com/isaacs/fstream.git"},"main":"fstream.js","engines":{"node":"0.5 || 0.6 || 0.7"},"dependencies":{"rimraf":"~1.0.8","mkdirp":"~0.1.0","graceful-fs":"~1.1.2","inherits":"~1.0.0"},"devDependencies":{"tap":"0.1"},"scripts":{"test":"tap examples/*.js"},"_npmUser":{"name":"isaacs","email":"i@izs.me"},"_id":"fstream@0.1.8","_engineSupported":true,"_npmVersion":"1.1.0-alpha-6","_nodeVersion":"v0.6.6-pre","_defaultsLoaded":true,"dist":{"shasum":"57bae43e6e1c8a1d7171226d266563580b035e80","size":29097,"noattachment":false,"tarball":"http://registry.npm.taobao.org/fstream/download/fstream-0.1.8.tgz"},"maintainers":[{"name":"iarna","email":"me@re-becca.org"},{"name":"isaacs","email":"i@izs.me"},{"name":"othiym23","email":"ogd@aoaioxxysz.net"},{"name":"zkat","email":"kat@sykosomatic.org"}],"directories":{},"publish_time":1323395979726,"_hasShrinkwrap":false,"_cnpm_publish_time":1323395979726},"0.1.7":{"author":{"name":"Isaac Z. Schlueter","email":"i@izs.me","url":"http://blog.izs.me/"},"name":"fstream","description":"Advanced file system stream things","version":"0.1.7","repository":{"type":"git","url":"git://github.com/isaacs/fstream.git"},"main":"fstream.js","engines":{"node":"0.5 || 0.6 || 0.7"},"dependencies":{"rimraf":"~1.0.8","mkdirp":"~0.1.0","graceful-fs":"~1.1.2","inherits":"~1.0.0"},"devDependencies":{"tap":"0.1"},"scripts":{"test":"tap examples/*.js"},"_npmUser":{"name":"isaacs","email":"i@izs.me"},"_id":"fstream@0.1.7","_engineSupported":true,"_npmVersion":"1.1.0-alpha-6","_nodeVersion":"v0.6.6-pre","_defaultsLoaded":true,"dist":{"shasum":"1f4d58b614773aa17ff5cf294bbf9ecedea2352b","size":28819,"noattachment":false,"tarball":"http://registry.npm.taobao.org/fstream/download/fstream-0.1.7.tgz"},"maintainers":[{"name":"iarna","email":"me@re-becca.org"},{"name":"isaacs","email":"i@izs.me"},{"name":"othiym23","email":"ogd@aoaioxxysz.net"},{"name":"zkat","email":"kat@sykosomatic.org"}],"directories":{},"publish_time":1323367196620,"_hasShrinkwrap":false,"_cnpm_publish_time":1323367196620},"0.1.6":{"author":{"name":"Isaac Z. Schlueter","email":"i@izs.me","url":"http://blog.izs.me/"},"name":"fstream","description":"Advanced file system stream things","version":"0.1.6","repository":{"type":"git","url":"git://github.com/isaacs/fstream.git"},"main":"fstream.js","engines":{"node":"0.5 || 0.6 || 0.7"},"dependencies":{"rimraf":"~1.0.8","mkdirp":"~0.1.0","graceful-fs":"~1.1.2","inherits":"~1.0.0"},"devDependencies":{"tap":"0.1"},"scripts":{"test":"tap examples/*.js"},"_npmUser":{"name":"isaacs","email":"i@izs.me"},"_id":"fstream@0.1.6","_engineSupported":true,"_npmVersion":"1.1.0-alpha-6","_nodeVersion":"v0.6.4","_defaultsLoaded":true,"dist":{"shasum":"77f0a8a1ab7e467894eb8ff1d27f7f459a865d80","size":28809,"noattachment":false,"tarball":"http://registry.npm.taobao.org/fstream/download/fstream-0.1.6.tgz"},"maintainers":[{"name":"iarna","email":"me@re-becca.org"},{"name":"isaacs","email":"i@izs.me"},{"name":"othiym23","email":"ogd@aoaioxxysz.net"},{"name":"zkat","email":"kat@sykosomatic.org"}],"directories":{},"publish_time":1322879291557,"_hasShrinkwrap":false,"_cnpm_publish_time":1322879291557},"0.1.5":{"author":{"name":"Isaac Z. Schlueter","email":"i@izs.me","url":"http://blog.izs.me/"},"name":"fstream","description":"Advanced file system stream things","version":"0.1.5","repository":{"type":"git","url":"git://github.com/isaacs/fstream.git"},"main":"fstream.js","engines":{"node":"0.5 || 0.6 || 0.7"},"dependencies":{"rimraf":"~1.0.8","mkdirp":"~0.1.0","graceful-fs":"~1.1.1","inherits":"~1.0.0"},"devDependencies":{"tap":"0.1"},"scripts":{"test":"tap examples/*.js"},"_npmUser":{"name":"isaacs","email":"i@izs.me"},"_id":"fstream@0.1.5","_engineSupported":true,"_npmVersion":"1.1.0-alpha-2","_nodeVersion":"v0.6.4-pre","_defaultsLoaded":true,"dist":{"shasum":"38f446bd5c34924ba578d91540f4cc4ddead9db0","size":28523,"noattachment":false,"tarball":"http://registry.npm.taobao.org/fstream/download/fstream-0.1.5.tgz"},"maintainers":[{"name":"iarna","email":"me@re-becca.org"},{"name":"isaacs","email":"i@izs.me"},{"name":"othiym23","email":"ogd@aoaioxxysz.net"},{"name":"zkat","email":"kat@sykosomatic.org"}],"directories":{},"publish_time":1322679246331,"_hasShrinkwrap":false,"_cnpm_publish_time":1322679246331},"0.1.3":{"author":{"name":"Isaac Z. Schlueter","email":"i@izs.me","url":"http://blog.izs.me/"},"name":"fstream","description":"Advanced file system stream things","version":"0.1.3","repository":{"type":"git","url":"git://github.com/isaacs/fstream.git"},"main":"fstream.js","engines":{"node":"0.5 || 0.6 || 0.7"},"dependencies":{"rimraf":"~1.0.8","mkdirp":"~0.1.0","graceful-fs":"~1.1.1","inherits":"~1.0.0"},"devDependencies":{"tap":"0.1"},"scripts":{"test":"tap examples/*.js"},"_npmUser":{"name":"isaacs","email":"i@izs.me"},"_id":"fstream@0.1.3","_engineSupported":true,"_npmVersion":"1.1.0-alpha-2","_nodeVersion":"v0.6.4-pre","_defaultsLoaded":true,"dist":{"shasum":"a99cde7c968a693f6d85085943b4f8db5a55e570","size":28711,"noattachment":false,"tarball":"http://registry.npm.taobao.org/fstream/download/fstream-0.1.3.tgz"},"maintainers":[{"name":"iarna","email":"me@re-becca.org"},{"name":"isaacs","email":"i@izs.me"},{"name":"othiym23","email":"ogd@aoaioxxysz.net"},{"name":"zkat","email":"kat@sykosomatic.org"}],"directories":{},"publish_time":1322534800880,"_hasShrinkwrap":false,"_cnpm_publish_time":1322534800880},"0.1.2":{"author":{"name":"Isaac Z. Schlueter","email":"i@izs.me","url":"http://blog.izs.me/"},"name":"fstream","description":"Advanced file system stream things","version":"0.1.2","repository":{"type":"git","url":"git://github.com/isaacs/fstream.git"},"main":"fstream.js","engines":{"node":"0.5 || 0.6 || 0.7"},"dependencies":{"rimraf":"~1.0.8","mkdirp":"~0.1.0","graceful-fs":"~1.1.1","inherits":"~1.0.0"},"devDependencies":{"tap":"0.1"},"scripts":{"test":"cd examples; tap *.js"},"_npmUser":{"name":"isaacs","email":"i@izs.me"},"_id":"fstream@0.1.2","_engineSupported":true,"_npmVersion":"1.1.0-alpha-2","_nodeVersion":"v0.6.4-pre","_defaultsLoaded":true,"dist":{"shasum":"ecd8102214b8f24029f912675efe0e133cf2ca6e","size":28651,"noattachment":false,"tarball":"http://registry.npm.taobao.org/fstream/download/fstream-0.1.2.tgz"},"maintainers":[{"name":"iarna","email":"me@re-becca.org"},{"name":"isaacs","email":"i@izs.me"},{"name":"othiym23","email":"ogd@aoaioxxysz.net"},{"name":"zkat","email":"kat@sykosomatic.org"}],"directories":{},"publish_time":1322529438898,"_hasShrinkwrap":false,"_cnpm_publish_time":1322529438898},"0.1.1":{"author":{"name":"Isaac Z. Schlueter","email":"i@izs.me","url":"http://blog.izs.me/"},"name":"fstream","description":"Advanced file system stream things","version":"0.1.1","repository":{"type":"git","url":"git://github.com/isaacs/fstream.git"},"main":"fstream.js","engines":{"node":"0.5 || 0.6 || 0.7"},"dependencies":{"rimraf":"~1.0.8","mkdirp":"~0.1.0","graceful-fs":"1.1","inherits":"~1.0.0"},"devDependencies":{},"_npmUser":{"name":"isaacs","email":"i@izs.me"},"_id":"fstream@0.1.1","_engineSupported":true,"_npmVersion":"1.1.0-alpha-2","_nodeVersion":"v0.6.2-pre","_defaultsLoaded":true,"dist":{"shasum":"6e6b66de1320684198570fd7b975c3fcebd9fa02","size":27079,"noattachment":false,"tarball":"http://registry.npm.taobao.org/fstream/download/fstream-0.1.1.tgz"},"maintainers":[{"name":"iarna","email":"me@re-becca.org"},{"name":"isaacs","email":"i@izs.me"},{"name":"othiym23","email":"ogd@aoaioxxysz.net"},{"name":"zkat","email":"kat@sykosomatic.org"}],"directories":{},"publish_time":1322009127393,"_hasShrinkwrap":false,"_cnpm_publish_time":1322009127393},"0.1.0":{"author":{"name":"Isaac Z. Schlueter","email":"i@izs.me","url":"http://blog.izs.me/"},"name":"fstream","description":"Advanced file system stream things","version":"0.1.0","repository":{"type":"git","url":"git://github.com/isaacs/fstream.git"},"main":"fstream.js","engines":{"node":"0.5 || 0.6"},"dependencies":{"rimraf":"~1.0.8","mkdirp":"~0.1.0","graceful-fs":"~1.0.1","inherits":"~1.0.0"},"devDependencies":{},"_npmUser":{"name":"isaacs","email":"i@izs.me"},"_id":"fstream@0.1.0","_engineSupported":true,"_npmVersion":"1.1.0-alpha","_nodeVersion":"v0.6.2-pre","_defaultsLoaded":true,"dist":{"shasum":"9f7ba8b240ea82317bf60ea8a320b65546f963cd","size":27190,"noattachment":false,"tarball":"http://registry.npm.taobao.org/fstream/download/fstream-0.1.0.tgz"},"maintainers":[{"name":"iarna","email":"me@re-becca.org"},{"name":"isaacs","email":"i@izs.me"},{"name":"othiym23","email":"ogd@aoaioxxysz.net"},{"name":"zkat","email":"kat@sykosomatic.org"}],"directories":{},"publish_time":1321774838400,"_hasShrinkwrap":false,"_cnpm_publish_time":1321774838400},"0.0.1":{"author":{"name":"Isaac Z. Schlueter","email":"i@izs.me","url":"http://blog.izs.me/"},"name":"fstream","description":"Advanced file system stream things","version":"0.0.1","repository":{"type":"git","url":"git://github.com/isaacs/fstream.git"},"main":"fstream.js","engines":{"node":"0.5 || 0.6"},"dependencies":{"rimraf":"~1.0.8","mkdirp":"~0.1.0","graceful-fs":"~1.0.1","inherits":"~1.0.0"},"devDependencies":{},"_npmUser":{"name":"isaacs","email":"i@izs.me"},"_id":"fstream@0.0.1","_engineSupported":true,"_npmVersion":"1.0.104","_nodeVersion":"v0.6.1-pre","_defaultsLoaded":true,"dist":{"shasum":"c7c43f70580fe9e1fa61e255039b958da2c94c6b","size":30720,"noattachment":false,"tarball":"http://registry.npm.taobao.org/fstream/download/fstream-0.0.1.tgz"},"maintainers":[{"name":"iarna","email":"me@re-becca.org"},{"name":"isaacs","email":"i@izs.me"},{"name":"othiym23","email":"ogd@aoaioxxysz.net"},{"name":"zkat","email":"kat@sykosomatic.org"}],"directories":{},"publish_time":1320716190916,"_hasShrinkwrap":false,"_cnpm_publish_time":1320716190916},"0.0.0":{"author":{"name":"Isaac Z. Schlueter","email":"i@izs.me","url":"http://blog.izs.me/"},"name":"fstream","description":"Advanced file system stream things","version":"0.0.0","repository":{"type":"git","url":"git://github.com/isaacs/fstream.git"},"main":"fstream.js","engines":{"node":"0.5 || 0.6"},"dependencies":{"rimraf":"~1.0.8","mkdirp":"0.0.7","graceful-fs":"~1.0.1","inherits":"~1.0.0"},"devDependencies":{},"_npmUser":{"name":"isaacs","email":"i@izs.me"},"_id":"fstream@0.0.0","_engineSupported":true,"_npmVersion":"1.0.103","_nodeVersion":"v0.5.11-pre","_defaultsLoaded":true,"dist":{"shasum":"dfaf06bfe592b1ff5deee32734e14eb185353f12","size":10240,"noattachment":false,"tarball":"http://registry.npm.taobao.org/fstream/download/fstream-0.0.0.tgz"},"maintainers":[{"name":"iarna","email":"me@re-becca.org"},{"name":"isaacs","email":"i@izs.me"},{"name":"othiym23","email":"ogd@aoaioxxysz.net"},{"name":"zkat","email":"kat@sykosomatic.org"}],"directories":{},"publish_time":1320105959755,"_hasShrinkwrap":false,"_cnpm_publish_time":1320105959755}},"readme":"Like FS streams, but with stat on them, and supporting directories and\nsymbolic links, as well as normal files.  Also, you can use this to set\nthe stats on a file, even if you don't change its contents, or to create\na symlink, etc.\n\nSo, for example, you can \"write\" a directory, and it'll call `mkdir`.  You\ncan specify a uid and gid, and it'll call `chown`.  You can specify a\n`mtime` and `atime`, and it'll call `utimes`.  You can call it a symlink\nand provide a `linkpath` and it'll call `symlink`.\n\nNote that it won't automatically resolve symbolic links.  So, if you\ncall `fstream.Reader('/some/symlink')` then you'll get an object\nthat stats and then ends immediately (since it has no data).  To follow\nsymbolic links, do this: `fstream.Reader({path:'/some/symlink', follow:\ntrue })`.\n\nThere are various checks to make sure that the bytes emitted are the\nsame as the intended size, if the size is set.\n\n## Examples\n\n```javascript\nfstream\n  .Writer({ path: \"path/to/file\"\n          , mode: 0755\n          , size: 6\n          })\n  .write(\"hello\\n\")\n  .end()\n```\n\nThis will create the directories if they're missing, and then write\n`hello\\n` into the file, chmod it to 0755, and assert that 6 bytes have\nbeen written when it's done.\n\n```javascript\nfstream\n  .Writer({ path: \"path/to/file\"\n          , mode: 0755\n          , size: 6\n          , flags: \"a\"\n          })\n  .write(\"hello\\n\")\n  .end()\n```\n\nYou can pass flags in, if you want to append to a file.\n\n```javascript\nfstream\n  .Writer({ path: \"path/to/symlink\"\n          , linkpath: \"./file\"\n          , SymbolicLink: true\n          , mode: \"0755\" // octal strings supported\n          })\n  .end()\n```\n\nIf isSymbolicLink is a function, it'll be called, and if it returns\ntrue, then it'll treat it as a symlink.  If it's not a function, then\nany truish value will make a symlink, or you can set `type:\n'SymbolicLink'`, which does the same thing.\n\nNote that the linkpath is relative to the symbolic link location, not\nthe parent dir or cwd.\n\n```javascript\nfstream\n  .Reader(\"path/to/dir\")\n  .pipe(fstream.Writer(\"path/to/other/dir\"))\n```\n\nThis will do like `cp -Rp path/to/dir path/to/other/dir`.  If the other\ndir exists and isn't a directory, then it'll emit an error.  It'll also\nset the uid, gid, mode, etc. to be identical.  In this way, it's more\nlike `rsync -a` than simply a copy.\n","_attachments":{},"homepage":"https://github.com/npm/fstream#readme","bugs":{"url":"https://github.com/npm/fstream/issues"},"license":"ISC","_etag":"\"e57f-d0/SMUjPOP2Z1xsMuRW8ieq6+r0\""}