{"_id":"signal-exit","_rev":"2658130","name":"signal-exit","description":"when you want to fire an event no matter how a process exits.","dist-tags":{"latest":"3.0.2","next":"3.0.1"},"maintainers":[{"name":"bcoe","email":"bencoe@gmail.com"},{"name":"isaacs","email":"i@izs.me"}],"time":{"modified":"2017-03-28T05:05:41.000Z","created":"2015-05-16T06:45:54.221Z","3.0.2":"2016-12-04T03:21:02.792Z","3.0.1":"2016-09-08T17:13:05.740Z","3.0.0":"2016-06-13T22:35:49.825Z","3.0.0-candidate":"2016-06-10T16:14:07.934Z","2.1.2":"2015-05-25T10:07:11.052Z","2.1.1":"2015-05-25T06:01:08.097Z","2.1.0":"2015-05-25T02:45:00.437Z","2.0.0":"2015-05-25T09:53:31.879Z","1.3.1":"2015-05-20T15:48:08.812Z","1.3.0":"2015-05-19T04:50:16.726Z","1.2.0":"2015-05-18T01:45:01.230Z","1.1.0":"2015-05-16T19:20:17.735Z","1.0.1":"2015-05-16T07:06:50.535Z","1.0.0":"2015-05-16T06:45:54.221Z"},"users":{"lukekarrys":true,"maxogden":true,"jgabra":true,"scottfreecode":true,"evocateur":true,"hifaraz":true},"author":{"name":"Ben Coe","email":"ben@npmjs.com"},"repository":{"type":"git","url":"git+https://github.com/tapjs/signal-exit.git"},"versions":{"3.0.2":{"name":"signal-exit","version":"3.0.2","description":"when you want to fire an event no matter how a process exits.","main":"index.js","scripts":{"pretest":"standard","test":"tap --timeout=240 ./test/*.js --cov","coverage":"nyc report --reporter=text-lcov | coveralls","release":"standard-version"},"files":["index.js","signals.js"],"repository":{"type":"git","url":"git+https://github.com/tapjs/signal-exit.git"},"keywords":["signal","exit"],"author":{"name":"Ben Coe","email":"ben@npmjs.com"},"license":"ISC","bugs":{"url":"https://github.com/tapjs/signal-exit/issues"},"homepage":"https://github.com/tapjs/signal-exit","devDependencies":{"chai":"^3.5.0","coveralls":"^2.11.10","nyc":"^8.1.0","standard":"^7.1.2","standard-version":"^2.3.0","tap":"^8.0.1"},"gitHead":"9c5ad9809fe6135ef22e2623989deaffe2a4fa8a","_id":"signal-exit@3.0.2","_shasum":"b5fdc08f1287ea1178628e415e25132b73646c6d","_from":".","_npmVersion":"3.10.9","_nodeVersion":"6.5.0","_npmUser":{"name":"isaacs","email":"i@izs.me"},"dist":{"shasum":"b5fdc08f1287ea1178628e415e25132b73646c6d","size":3967,"noattachment":false,"tarball":"http://registry.npm.taobao.org/signal-exit/download/signal-exit-3.0.2.tgz"},"maintainers":[{"name":"bcoe","email":"bencoe@gmail.com"},{"name":"isaacs","email":"i@izs.me"}],"_npmOperationalInternal":{"host":"packages-18-east.internal.npmjs.com","tmp":"tmp/signal-exit-3.0.2.tgz_1480821660838_0.6809983775019646"},"directories":{},"publish_time":1480821662792,"_cnpm_publish_time":1480821662792,"_hasShrinkwrap":false},"3.0.1":{"name":"signal-exit","version":"3.0.1","description":"when you want to fire an event no matter how a process exits.","main":"index.js","scripts":{"pretest":"standard","test":"tap --timeout=240 ./test/*.js --cov","coverage":"nyc report --reporter=text-lcov | coveralls","release":"standard-version"},"files":["index.js","signals.js"],"repository":{"type":"git","url":"git+https://github.com/tapjs/signal-exit.git"},"keywords":["signal","exit"],"author":{"name":"Ben Coe","email":"ben@npmjs.com"},"license":"ISC","bugs":{"url":"https://github.com/tapjs/signal-exit/issues"},"homepage":"https://github.com/tapjs/signal-exit","devDependencies":{"chai":"^3.5.0","coveralls":"^2.11.10","nyc":"^8.1.0","standard":"^7.1.2","standard-version":"^2.3.0","tap":"^7.1.0"},"gitHead":"6859aff54f5198c63fff91baef279b86026bde69","_id":"signal-exit@3.0.1","_shasum":"5a4c884992b63a7acd9badb7894c3ee9cfccad81","_from":".","_npmVersion":"3.10.3","_nodeVersion":"6.5.0","_npmUser":{"name":"bcoe","email":"ben@npmjs.com"},"dist":{"shasum":"5a4c884992b63a7acd9badb7894c3ee9cfccad81","size":3821,"noattachment":false,"tarball":"http://registry.npm.taobao.org/signal-exit/download/signal-exit-3.0.1.tgz"},"maintainers":[{"name":"bcoe","email":"bencoe@gmail.com"},{"name":"isaacs","email":"i@izs.me"}],"_npmOperationalInternal":{"host":"packages-16-east.internal.npmjs.com","tmp":"tmp/signal-exit-3.0.1.tgz_1473354783379_0.4592130535747856"},"directories":{},"publish_time":1473354785740,"_cnpm_publish_time":1473354785740,"_hasShrinkwrap":false},"3.0.0":{"name":"signal-exit","version":"3.0.0","description":"when you want to fire an event no matter how a process exits.","main":"index.js","scripts":{"pretest":"standard","test":"tap --timeout=240 ./test/*.js --cov","coverage":"nyc report --reporter=text-lcov | coveralls","release":"standard-version"},"files":["index.js","signals.js"],"repository":{"type":"git","url":"git+https://github.com/tapjs/signal-exit.git"},"keywords":["signal","exit"],"author":{"name":"Ben Coe","email":"ben@npmjs.com"},"license":"ISC","bugs":{"url":"https://github.com/tapjs/signal-exit/issues"},"homepage":"https://github.com/tapjs/signal-exit","devDependencies":{"chai":"^3.5.0","coveralls":"^2.11.2","nyc":"^6.4.4","standard":"^7.1.2","standard-version":"^2.3.0","tap":"^5.7.2"},"gitHead":"2bbec4e5d9f9cf1f7529b1c923d1b058e69ccf7f","_id":"signal-exit@3.0.0","_shasum":"3c0543b65d7b4fbc60b6cd94593d9bf436739be8","_from":".","_npmVersion":"3.3.12","_nodeVersion":"5.1.0","_npmUser":{"name":"bcoe","email":"ben@npmjs.com"},"dist":{"shasum":"3c0543b65d7b4fbc60b6cd94593d9bf436739be8","size":3668,"noattachment":false,"tarball":"http://registry.npm.taobao.org/signal-exit/download/signal-exit-3.0.0.tgz"},"maintainers":[{"name":"bcoe","email":"bencoe@gmail.com"},{"name":"isaacs","email":"i@izs.me"}],"_npmOperationalInternal":{"host":"packages-16-east.internal.npmjs.com","tmp":"tmp/signal-exit-3.0.0.tgz_1465857346813_0.7961636525578797"},"directories":{},"publish_time":1465857349825,"_cnpm_publish_time":1465857349825,"_hasShrinkwrap":false},"3.0.0-candidate":{"name":"signal-exit","version":"3.0.0-candidate","description":"when you want to fire an event no matter how a process exits.","main":"index.js","scripts":{"pretest":"standard","test":"tap --timeout=240 ./test/*.js --cov","coverage":"nyc report --reporter=text-lcov | coveralls","release":"standard-version"},"files":["index.js","signals.js"],"repository":{"type":"git","url":"git+https://github.com/tapjs/signal-exit.git"},"keywords":["signal","exit"],"author":{"name":"Ben Coe","email":"ben@npmjs.com"},"license":"ISC","bugs":{"url":"https://github.com/tapjs/signal-exit/issues"},"homepage":"https://github.com/tapjs/signal-exit","devDependencies":{"chai":"^3.5.0","coveralls":"^2.11.2","nyc":"^6.4.4","standard":"^7.1.2","standard-version":"^2.3.0","tap":"^5.7.2"},"gitHead":"0734aaf90b2a56d7e4bdcf69b2f55f4bc21bcfbb","_id":"signal-exit@3.0.0-candidate","_shasum":"e5c316b0d56b82a23143460c237da09bb7db58ae","_from":".","_npmVersion":"3.3.12","_nodeVersion":"5.1.0","_npmUser":{"name":"bcoe","email":"ben@npmjs.com"},"dist":{"shasum":"e5c316b0d56b82a23143460c237da09bb7db58ae","size":3376,"noattachment":false,"tarball":"http://registry.npm.taobao.org/signal-exit/download/signal-exit-3.0.0-candidate.tgz"},"maintainers":[{"name":"bcoe","email":"bencoe@gmail.com"},{"name":"isaacs","email":"i@izs.me"}],"_npmOperationalInternal":{"host":"packages-12-west.internal.npmjs.com","tmp":"tmp/signal-exit-3.0.0-candidate.tgz_1465575245318_0.3199180525261909"},"directories":{},"publish_time":1465575247934,"_cnpm_publish_time":1465575247934,"_hasShrinkwrap":false},"2.1.2":{"name":"signal-exit","version":"2.1.2","description":"when you want to fire an event no matter how a process exits.","main":"index.js","scripts":{"test":"standard && nyc tap --timeout=240 ./test/*.js","coverage":"nyc report --reporter=text-lcov | coveralls"},"repository":{"type":"git","url":"git+https://github.com/bcoe/signal-exit.git"},"keywords":["signal","exit"],"author":{"name":"Ben Coe","email":"ben@npmjs.com"},"license":"ISC","bugs":{"url":"https://github.com/bcoe/signal-exit/issues"},"homepage":"https://github.com/bcoe/signal-exit","devDependencies":{"chai":"^2.3.0","coveralls":"^2.11.2","nyc":"^2.1.2","standard":"^3.9.0","tap":"1.0.4"},"gitHead":"8d50231bda6d0d1c4d39de20fc09d11487eb9951","_id":"signal-exit@2.1.2","_shasum":"375879b1f92ebc3b334480d038dc546a6d558564","_from":".","_npmVersion":"2.9.0","_nodeVersion":"2.0.2","_npmUser":{"name":"bcoe","email":"ben@npmjs.com"},"dist":{"shasum":"375879b1f92ebc3b334480d038dc546a6d558564","size":9247,"noattachment":false,"tarball":"http://registry.npm.taobao.org/signal-exit/download/signal-exit-2.1.2.tgz"},"maintainers":[{"name":"bcoe","email":"bencoe@gmail.com"},{"name":"isaacs","email":"i@izs.me"}],"directories":{},"publish_time":1432548431052,"_cnpm_publish_time":1432548431052,"_hasShrinkwrap":false},"2.1.1":{"name":"signal-exit","version":"2.1.1","description":"when you want to fire an event no matter how a process exits.","main":"index.js","scripts":{"test":"standard && nyc tap --timeout=240 ./test/*.js","coverage":"nyc report --reporter=text-lcov | coveralls"},"repository":{"type":"git","url":"https://github.com/bcoe/signal-exit.git"},"keywords":["signal","exit"],"author":{"name":"Ben Coe","email":"ben@npmjs.com"},"license":"ISC","bugs":{"url":"https://github.com/bcoe/signal-exit/issues"},"homepage":"https://github.com/bcoe/signal-exit","devDependencies":{"chai":"^2.3.0","coveralls":"^2.11.2","nyc":"^2.1.1","standard":"^3.9.0","tap":"1.0.4"},"gitHead":"6a35feb2fca13587de78b8580c397f0e320b40f5","_id":"signal-exit@2.1.1","_shasum":"c6c74947c23ccf2174f765d19f04d5e50a28ae4e","_from":".","_npmVersion":"2.7.5","_nodeVersion":"0.10.36","_npmUser":{"name":"bcoe","email":"ben@npmjs.com"},"dist":{"shasum":"c6c74947c23ccf2174f765d19f04d5e50a28ae4e","size":9249,"noattachment":false,"tarball":"http://registry.npm.taobao.org/signal-exit/download/signal-exit-2.1.1.tgz"},"maintainers":[{"name":"bcoe","email":"bencoe@gmail.com"},{"name":"isaacs","email":"i@izs.me"}],"directories":{},"publish_time":1432533668097,"_cnpm_publish_time":1432533668097,"_hasShrinkwrap":false},"2.1.0":{"name":"signal-exit","version":"2.1.0","description":"when you want to fire an event no matter how a process exits.","main":"index.js","scripts":{"test":"standard && nyc tap --timeout=240 ./test/*.js","coverage":"nyc report --reporter=text-lcov | coveralls"},"repository":{"type":"git","url":"git+https://github.com/bcoe/signal-exit.git"},"keywords":["signal","exit"],"author":{"name":"Ben Coe","email":"ben@npmjs.com"},"license":"ISC","bugs":{"url":"https://github.com/bcoe/signal-exit/issues"},"homepage":"https://github.com/bcoe/signal-exit","devDependencies":{"chai":"^2.3.0","coveralls":"^2.11.2","nyc":"^2.0.6","standard":"^3.9.0","tap":"1.0.4"},"gitHead":"b2003f133816d4e1fa5dc8f6ddd55854f6de24ec","_id":"signal-exit@2.1.0","_shasum":"3307338a7dad7bf0e6952411e3163e6a3a5b171d","_from":".","_npmVersion":"2.9.0","_nodeVersion":"2.0.2","_npmUser":{"name":"bcoe","email":"ben@npmjs.com"},"dist":{"shasum":"3307338a7dad7bf0e6952411e3163e6a3a5b171d","size":9092,"noattachment":false,"tarball":"http://registry.npm.taobao.org/signal-exit/download/signal-exit-2.1.0.tgz"},"maintainers":[{"name":"bcoe","email":"bencoe@gmail.com"},{"name":"isaacs","email":"i@izs.me"}],"directories":{},"publish_time":1432521900437,"_cnpm_publish_time":1432521900437,"_hasShrinkwrap":false},"2.0.0":{"name":"signal-exit","version":"2.0.0","description":"when you want to fire an event no matter how a process exits.","main":"index.js","scripts":{"test":"standard && nyc tap --timeout=240 ./test/*.js","coverage":"nyc report --reporter=text-lcov | coveralls"},"repository":{"type":"git","url":"git+https://github.com/bcoe/signal-exit.git"},"keywords":["signal","exit"],"author":{"name":"Ben Coe","email":"ben@npmjs.com"},"license":"ISC","bugs":{"url":"https://github.com/bcoe/signal-exit/issues"},"homepage":"https://github.com/bcoe/signal-exit","devDependencies":{"chai":"^2.3.0","coveralls":"^2.11.2","nyc":"^2.1.2","standard":"^3.9.0","tap":"1.0.4"},"gitHead":"8799da141591970be4acd1520ddf285c679b402e","_id":"signal-exit@2.0.0","_shasum":"ff49a7570adbe39f28ef0c879e1fa519627c7f0f","_from":".","_npmVersion":"2.9.0","_nodeVersion":"2.0.2","_npmUser":{"name":"bcoe","email":"ben@npmjs.com"},"dist":{"shasum":"ff49a7570adbe39f28ef0c879e1fa519627c7f0f","size":9247,"noattachment":false,"tarball":"http://registry.npm.taobao.org/signal-exit/download/signal-exit-2.0.0.tgz"},"maintainers":[{"name":"bcoe","email":"bencoe@gmail.com"},{"name":"isaacs","email":"i@izs.me"}],"directories":{},"publish_time":1432547611879,"_cnpm_publish_time":1432547611879,"_hasShrinkwrap":false},"1.3.1":{"name":"signal-exit","version":"1.3.1","description":"when you want to fire an event no matter how a process exits.","main":"index.js","scripts":{"test":"standard && nyc tap ./test/*.js","coverage":"nyc report --reporter=text-lcov | coveralls"},"repository":{"type":"git","url":"https://github.com/bcoe/signal-exit.git"},"keywords":["signal","exit"],"author":{"name":"Ben Coe","email":"ben@npmjs.com"},"license":"ISC","bugs":{"url":"https://github.com/bcoe/signal-exit/issues"},"homepage":"https://github.com/bcoe/signal-exit","devDependencies":{"chai":"^2.3.0","coveralls":"^2.11.2","nyc":"^2.0.5","standard":"^3.9.0","tap":"^1.0.4"},"gitHead":"cb1fbb71eb4bdc99346be59e840e1709d404efca","_id":"signal-exit@1.3.1","_shasum":"ed2ad7a323526c3738acf2da801716ba7e9d4e63","_from":".","_npmVersion":"2.7.5","_nodeVersion":"0.10.36","_npmUser":{"name":"bcoe","email":"ben@npmjs.com"},"dist":{"shasum":"ed2ad7a323526c3738acf2da801716ba7e9d4e63","size":3495,"noattachment":false,"tarball":"http://registry.npm.taobao.org/signal-exit/download/signal-exit-1.3.1.tgz"},"maintainers":[{"name":"bcoe","email":"bencoe@gmail.com"},{"name":"isaacs","email":"i@izs.me"}],"directories":{},"publish_time":1432136888812,"_cnpm_publish_time":1432136888812,"_hasShrinkwrap":false},"1.3.0":{"name":"signal-exit","version":"1.3.0","description":"when you want process.on('exit') to fire when a process is killed with a signal.","main":"index.js","scripts":{"test":"standard && nyc tap ./test/*.js"},"repository":{"type":"git","url":"git+https://github.com/bcoe/signal-exit.git"},"keywords":["signal","exit"],"author":{"name":"Ben Coe","email":"ben@npmjs.com"},"license":"ISC","bugs":{"url":"https://github.com/bcoe/signal-exit/issues"},"homepage":"https://github.com/bcoe/signal-exit","devDependencies":{"chai":"^2.3.0","nyc":"^2.0.4","standard":"^3.9.0","tap":"^1.0.4"},"gitHead":"709cad913cf8a033ed2f6ef0c942a44e21f00d5c","_id":"signal-exit@1.3.0","_shasum":"5e2da9bf25151c69e93092a4984cfead7eea91ae","_from":".","_npmVersion":"2.9.0","_nodeVersion":"2.0.2","_npmUser":{"name":"bcoe","email":"ben@npmjs.com"},"dist":{"shasum":"5e2da9bf25151c69e93092a4984cfead7eea91ae","size":3261,"noattachment":false,"tarball":"http://registry.npm.taobao.org/signal-exit/download/signal-exit-1.3.0.tgz"},"maintainers":[{"name":"bcoe","email":"bencoe@gmail.com"},{"name":"isaacs","email":"i@izs.me"}],"directories":{},"publish_time":1432011016726,"_cnpm_publish_time":1432011016726,"_hasShrinkwrap":false},"1.2.0":{"name":"signal-exit","version":"1.2.0","description":"when you want process.on('exit') to fire when a process is killed with a signal.","main":"index.js","scripts":{"test":"nyc tap ./test/*.js"},"repository":{"type":"git","url":"git+https://github.com/bcoe/signal-exit.git"},"keywords":["signal","exit"],"author":{"name":"Ben Coe","email":"ben@npmjs.com"},"license":"ISC","bugs":{"url":"https://github.com/bcoe/signal-exit/issues"},"homepage":"https://github.com/bcoe/signal-exit","devDependencies":{"chai":"^2.3.0","nyc":"^2.0.0","standard":"^3.9.0","tap":"^1.0.4"},"gitHead":"a75ae7fb47cb0c85c4727837a7d92f950be2df6a","_id":"signal-exit@1.2.0","_shasum":"5ece3781c39ed72a540b63236603b10031c2c9ba","_from":".","_npmVersion":"2.9.0","_nodeVersion":"2.0.2","_npmUser":{"name":"bcoe","email":"ben@npmjs.com"},"dist":{"shasum":"5ece3781c39ed72a540b63236603b10031c2c9ba","size":2734,"noattachment":false,"tarball":"http://registry.npm.taobao.org/signal-exit/download/signal-exit-1.2.0.tgz"},"maintainers":[{"name":"bcoe","email":"bencoe@gmail.com"},{"name":"isaacs","email":"i@izs.me"}],"directories":{},"publish_time":1431913501230,"_cnpm_publish_time":1431913501230,"_hasShrinkwrap":false},"1.1.0":{"name":"signal-exit","version":"1.1.0","description":"when you want process.on('exit') to fire when a process is killed with a signal.","main":"index.js","scripts":{"test":"nyc tap ./test/*.js"},"repository":{"type":"git","url":"https://github.com/bcoe/signal-exit.git"},"keywords":["signal","exit"],"author":{"name":"Ben Coe","email":"ben@npmjs.com"},"license":"ISC","bugs":{"url":"https://github.com/bcoe/signal-exit/issues"},"homepage":"https://github.com/bcoe/signal-exit","devDependencies":{"chai":"^2.3.0","nyc":"^1.3.0","standard":"^3.9.0","tap":"^1.0.4"},"gitHead":"2b1715cb2c125745f563acf4ade61e400c83517c","_id":"signal-exit@1.1.0","_shasum":"3a52269649dafaa0a1c4150d8e11535e0b75c834","_from":".","_npmVersion":"2.7.6","_nodeVersion":"1.6.2","_npmUser":{"name":"bcoe","email":"ben@npmjs.com"},"dist":{"shasum":"3a52269649dafaa0a1c4150d8e11535e0b75c834","size":2444,"noattachment":false,"tarball":"http://registry.npm.taobao.org/signal-exit/download/signal-exit-1.1.0.tgz"},"maintainers":[{"name":"bcoe","email":"bencoe@gmail.com"},{"name":"isaacs","email":"i@izs.me"}],"directories":{},"publish_time":1431804017735,"_cnpm_publish_time":1431804017735,"_hasShrinkwrap":false},"1.0.1":{"name":"signal-exit","version":"1.0.1","description":"when you want process.on('exit') to fire when a process is killed with a signal.","main":"index.js","scripts":{"test":"nyc tap ./test/*.js"},"repository":{"type":"git","url":"https://github.com/bcoe/signal-exit.git"},"keywords":["signal","exit"],"author":{"name":"Ben Coe","email":"ben@npmjs.com"},"license":"ISC","bugs":{"url":"https://github.com/bcoe/signal-exit/issues"},"homepage":"https://github.com/bcoe/signal-exit","devDependencies":{"chai":"^2.3.0","nyc":"^1.3.0","standard":"^3.9.0","tap":"^1.0.4"},"gitHead":"fa46d6f1a87d46e5c35a5665d407d95db25ebae8","_id":"signal-exit@1.0.1","_shasum":"71b2022c08ab28e19b44067ad855914be0d4579b","_from":".","_npmVersion":"2.7.6","_nodeVersion":"1.6.2","_npmUser":{"name":"bcoe","email":"ben@npmjs.com"},"dist":{"shasum":"71b2022c08ab28e19b44067ad855914be0d4579b","size":2190,"noattachment":false,"tarball":"http://registry.npm.taobao.org/signal-exit/download/signal-exit-1.0.1.tgz"},"maintainers":[{"name":"bcoe","email":"bencoe@gmail.com"},{"name":"isaacs","email":"i@izs.me"}],"directories":{},"publish_time":1431760010535,"_cnpm_publish_time":1431760010535,"_hasShrinkwrap":false},"1.0.0":{"name":"signal-exit","version":"1.0.0","description":"when you want process.on('exit') to fire when a process is killed with a signal.","main":"index.js","scripts":{"test":"nyc tap ./test/*.js"},"repository":{"type":"git","url":"https://github.com/bcoe/signal-exit.git"},"keywords":["signal","exit"],"author":{"name":"Ben Coe","email":"ben@npmjs.com"},"license":"ISC","bugs":{"url":"https://github.com/bcoe/signal-exit/issues"},"homepage":"https://github.com/bcoe/signal-exit","devDependencies":{"chai":"^2.3.0","nyc":"^1.3.0","standard":"^3.9.0","tap":"^1.0.4"},"gitHead":"f27efb6117f139de8259dd4c36d60ffe8f187eb1","_id":"signal-exit@1.0.0","_shasum":"5d37a251b4b63701db283d8c22367e19541ca214","_from":".","_npmVersion":"2.7.6","_nodeVersion":"1.6.2","_npmUser":{"name":"bcoe","email":"ben@npmjs.com"},"dist":{"shasum":"5d37a251b4b63701db283d8c22367e19541ca214","size":2191,"noattachment":false,"tarball":"http://registry.npm.taobao.org/signal-exit/download/signal-exit-1.0.0.tgz"},"maintainers":[{"name":"bcoe","email":"bencoe@gmail.com"},{"name":"isaacs","email":"i@izs.me"}],"directories":{},"publish_time":1431758754221,"_cnpm_publish_time":1431758754221,"_hasShrinkwrap":false}},"readme":"# signal-exit\n\n[![Build Status](https://travis-ci.org/tapjs/signal-exit.png)](https://travis-ci.org/tapjs/signal-exit)\n[![Coverage](https://coveralls.io/repos/tapjs/signal-exit/badge.svg?branch=master)](https://coveralls.io/r/tapjs/signal-exit?branch=master)\n[![NPM version](https://img.shields.io/npm/v/signal-exit.svg)](https://www.npmjs.com/package/signal-exit)\n[![Windows Tests](https://img.shields.io/appveyor/ci/bcoe/signal-exit/master.svg?label=Windows%20Tests)](https://ci.appveyor.com/project/bcoe/signal-exit)\n[![Standard Version](https://img.shields.io/badge/release-standard%20version-brightgreen.svg)](https://github.com/conventional-changelog/standard-version)\n\nWhen you want to fire an event no matter how a process exits:\n\n* reaching the end of execution.\n* explicitly having `process.exit(code)` called.\n* having `process.kill(pid, sig)` called.\n* receiving a fatal signal from outside the process\n\nUse `signal-exit`.\n\n```js\nvar onExit = require('signal-exit')\n\nonExit(function (code, signal) {\n  console.log('process exited!')\n})\n```\n\n## API\n\n`var remove = onExit(function (code, signal) {}, options)`\n\nThe return value of the function is a function that will remove the\nhandler.\n\nNote that the function *only* fires for signals if the signal would\ncause the proces to exit.  That is, there are no other listeners, and\nit is a fatal signal.\n\n## Options\n\n* `alwaysLast`: Run this handler after any other signal or exit\n  handlers.  This causes `process.emit` to be monkeypatched.\n","_attachments":{},"homepage":"https://github.com/tapjs/signal-exit","bugs":{"url":"https://github.com/tapjs/signal-exit/issues"},"license":"ISC","_etag":"\"536d-/8IoKZqvfiWW+Xgwq7NYEK8gHlA\""}