{"_id":"aproba","_rev":"3933764","name":"aproba","description":"A rediculously light-weight argument validator","dist-tags":{"":"1.1.1","abc\u0000def":"1.0.0","abc\u00123":"1.0.0","abc%def":"1.0.0","latest":"1.1.2"},"maintainers":[{"name":"iarna","email":"me@re-becca.org"}],"time":{"modified":"2017-06-04T16:27:54.000Z","created":"2015-02-27T18:11:19.818Z","1.1.2":"2017-06-02T23:15:52.316Z","1.1.1":"2017-02-08T22:32:11.372Z","1.1.0":"2017-02-07T21:43:38.939Z","1.0.4":"2016-06-23T21:54:45.947Z","1.0.3":"2016-05-20T22:52:09.980Z","1.0.2":"2016-05-20T22:38:57.683Z","1.0.1":"2015-04-09T19:24:02.127Z","1.0.0":"2015-02-27T18:11:19.818Z"},"users":{"hal9zillion":true,"nguru":true,"lgomez":true,"iarna":true},"author":{"name":"Rebecca Turner","email":"me@re-becca.org"},"repository":{"type":"git","url":"git+https://github.com/iarna/aproba.git"},"versions":{"1.1.2":{"name":"aproba","version":"1.1.2","description":"A rediculously light-weight argument validator","main":"index.js","directories":{"test":"test"},"dependencies":{},"devDependencies":{"standard":"^8.6.0","tap":"^10.0.2"},"files":["index.js"],"scripts":{"test":"standard && tap -j3 test/*.js"},"repository":{"type":"git","url":"git+https://github.com/iarna/aproba.git"},"keywords":["argument","validate"],"author":{"name":"Rebecca Turner","email":"me@re-becca.org"},"license":"ISC","bugs":{"url":"https://github.com/iarna/aproba/issues"},"homepage":"https://github.com/iarna/aproba","gitHead":"52c6ebad8d130158e90cc849625a590739c6ce1f","_id":"aproba@1.1.2","_npmVersion":"5.0.1","_nodeVersion":"8.0.0","_npmUser":{"name":"iarna","email":"me@re-becca.org"},"dist":{"shasum":"45c6629094de4e96f693ef7eab74ae079c240fc1","size":3480,"noattachment":false,"tarball":"http://registry.npm.taobao.org/aproba/download/aproba-1.1.2.tgz"},"maintainers":[{"name":"iarna","email":"me@re-becca.org"}],"_npmOperationalInternal":{"host":"s3://npm-registry-packages","tmp":"tmp/aproba-1.1.2.tgz_1496445352224_0.2260909820906818"},"publish_time":1496445352316,"_hasShrinkwrap":false,"_cnpm_publish_time":1496445352316},"1.1.1":{"name":"aproba","version":"1.1.1","description":"A rediculously light-weight argument validator","main":"index.js","directories":{"test":"test"},"dependencies":{},"devDependencies":{"standard":"^8.6.0","tap":"^10.0.2"},"files":["index.js"],"scripts":{"test":"standard && tap -j3 test/*.js"},"repository":{"type":"git","url":"git+https://github.com/iarna/aproba.git"},"keywords":["argument","validate"],"author":{"name":"Rebecca Turner","email":"me@re-becca.org"},"license":"ISC","bugs":{"url":"https://github.com/iarna/aproba/issues"},"homepage":"https://github.com/iarna/aproba","gitHead":"e7c76b4b42356092db3cd9e2d9388a0134845eb2","_id":"aproba@1.1.1","_shasum":"95d3600f07710aa0e9298c726ad5ecf2eacbabab","_from":".","_npmVersion":"4.2.0","_nodeVersion":"7.5.0","_npmUser":{"name":"iarna","email":"me@re-becca.org"},"dist":{"shasum":"95d3600f07710aa0e9298c726ad5ecf2eacbabab","size":3458,"noattachment":false,"tarball":"http://registry.npm.taobao.org/aproba/download/aproba-1.1.1.tgz"},"maintainers":[{"name":"iarna","email":"me@re-becca.org"}],"_npmOperationalInternal":{"host":"packages-18-east.internal.npmjs.com","tmp":"tmp/aproba-1.1.1.tgz_1486593129508_0.5718816472217441"},"publish_time":1486593131372,"_cnpm_publish_time":1486593131372,"_hasShrinkwrap":false},"1.1.0":{"name":"aproba","version":"1.1.0","description":"A rediculously light-weight argument validator","main":"index.js","directories":{"test":"test"},"dependencies":{},"devDependencies":{"standard":"^8.6.0","tap":"^10.0.2"},"files":["index.js"],"scripts":{"test":"standard && tap -j3 test/*.js"},"repository":{"type":"git","url":"git+https://github.com/iarna/aproba.git"},"keywords":["argument","validate"],"author":{"name":"Rebecca Turner","email":"me@re-becca.org"},"license":"ISC","bugs":{"url":"https://github.com/iarna/aproba/issues"},"homepage":"https://github.com/iarna/aproba","gitHead":"e943d94d7a46edb42a04e649ab04009675059132","_id":"aproba@1.1.0","_shasum":"4d8f047a318604e18e3c06a0e52230d3d19f147b","_from":".","_npmVersion":"4.2.0","_nodeVersion":"4.6.1","_npmUser":{"name":"iarna","email":"me@re-becca.org"},"dist":{"shasum":"4d8f047a318604e18e3c06a0e52230d3d19f147b","size":3442,"noattachment":false,"tarball":"http://registry.npm.taobao.org/aproba/download/aproba-1.1.0.tgz"},"maintainers":[{"name":"iarna","email":"me@re-becca.org"}],"_npmOperationalInternal":{"host":"packages-18-east.internal.npmjs.com","tmp":"tmp/aproba-1.1.0.tgz_1486503816365_0.2735283097717911"},"publish_time":1486503818939,"_cnpm_publish_time":1486503818939,"_hasShrinkwrap":false},"1.0.4":{"name":"aproba","version":"1.0.4","description":"A rediculously light-weight argument validator","main":"index.js","directories":{"test":"test"},"dependencies":{},"devDependencies":{"standard":"^7.1.2","tap":"^5.7.3"},"files":["index.js"],"scripts":{"test":"standard && tap test/*.js"},"repository":{"type":"git","url":"git+https://github.com/iarna/aproba.git"},"keywords":["argument","validate"],"author":{"name":"Rebecca Turner","email":"me@re-becca.org"},"license":"ISC","bugs":{"url":"https://github.com/iarna/aproba/issues"},"homepage":"https://github.com/iarna/aproba","gitHead":"c6c8f82d519b9ec3816f20f23a9101083c022200","_id":"aproba@1.0.4","_shasum":"2713680775e7614c8ba186c065d4e2e52d1072c0","_from":".","_npmVersion":"3.10.2","_nodeVersion":"4.4.0","_npmUser":{"name":"iarna","email":"me@re-becca.org"},"dist":{"shasum":"2713680775e7614c8ba186c065d4e2e52d1072c0","size":2513,"noattachment":false,"tarball":"http://registry.npm.taobao.org/aproba/download/aproba-1.0.4.tgz"},"maintainers":[{"name":"iarna","email":"me@re-becca.org"}],"_npmOperationalInternal":{"host":"packages-12-west.internal.npmjs.com","tmp":"tmp/aproba-1.0.4.tgz_1466718885402_0.5348939662799239"},"publish_time":1466718885947,"_cnpm_publish_time":1466718885947,"_hasShrinkwrap":false},"1.0.3":{"name":"aproba","version":"1.0.3","description":"A rediculously light-weight argument validator","main":"index.js","directories":{"test":"test"},"dependencies":{},"devDependencies":{"standard":"^7.1.0","tap":"^5.7.1"},"scripts":{"test":"standard && tap test/*.js"},"repository":{"type":"git","url":"git+https://github.com/iarna/aproba.git"},"keywords":["argument","validate"],"author":{"name":"Rebecca Turner","email":"me@re-becca.org"},"license":"ISC","bugs":{"url":"https://github.com/iarna/aproba/issues"},"homepage":"https://github.com/iarna/aproba","gitHead":"20cc4fc6589bbf870c3ca7bb8b9cb203af9d96a5","_id":"aproba@1.0.3","_shasum":"7fb6da3a72c70249db63fd9b5c64b31af718a94f","_from":".","_npmVersion":"3.9.2","_nodeVersion":"4.4.0","_npmUser":{"name":"iarna","email":"me@re-becca.org"},"dist":{"shasum":"7fb6da3a72c70249db63fd9b5c64b31af718a94f","size":3114,"noattachment":false,"tarball":"http://registry.npm.taobao.org/aproba/download/aproba-1.0.3.tgz"},"maintainers":[{"name":"iarna","email":"me@re-becca.org"}],"_npmOperationalInternal":{"host":"packages-12-west.internal.npmjs.com","tmp":"tmp/aproba-1.0.3.tgz_1463784729571_0.7574592484161258"},"publish_time":1463784729980,"_cnpm_publish_time":1463784729980,"_hasShrinkwrap":false},"1.0.2":{"name":"aproba","version":"1.0.2","description":"A rediculously light-weight argument validator","main":"index.js","directories":{"test":"test"},"dependencies":{},"devDependencies":{"standard":"^7.1.0","tap":"^5.7.1"},"scripts":{"test":"standard && tap test/*.js"},"repository":{"type":"git","url":"git+https://github.com/iarna/aproba.git"},"keywords":["argument","validate"],"author":{"name":"Rebecca Turner","email":"me@re-becca.org"},"license":"ISC","bugs":{"url":"https://github.com/iarna/aproba/issues"},"homepage":"https://github.com/iarna/aproba","gitHead":"a876671b59fb16f69bd09005373e1c855867a45b","_id":"aproba@1.0.2","_shasum":"81f5191afa95e3afb7a54d7843206d80eaf556bc","_from":".","_npmVersion":"3.9.2","_nodeVersion":"4.4.0","_npmUser":{"name":"iarna","email":"me@re-becca.org"},"dist":{"shasum":"81f5191afa95e3afb7a54d7843206d80eaf556bc","size":2998,"noattachment":false,"tarball":"http://registry.npm.taobao.org/aproba/download/aproba-1.0.2.tgz"},"maintainers":[{"name":"iarna","email":"me@re-becca.org"}],"_npmOperationalInternal":{"host":"packages-16-east.internal.npmjs.com","tmp":"tmp/aproba-1.0.2.tgz_1463783935433_0.4466458926908672"},"publish_time":1463783937683,"_cnpm_publish_time":1463783937683,"_hasShrinkwrap":false},"1.0.1":{"name":"aproba","version":"1.0.1","description":"A rediculously light-weight argument validator","main":"index.js","directories":{"test":"test"},"dependencies":{},"devDependencies":{"tap":"^0.7.0"},"scripts":{"test":"tap test/*.js"},"repository":{"type":"git","url":"https://github.com/iarna/aproba"},"keywords":["argument","validate"],"author":{"name":"Rebecca Turner","email":"me@re-becca.org"},"license":"ISC","bugs":{"url":"https://github.com/iarna/aproba/issues"},"homepage":"https://github.com/iarna/aproba","gitHead":"a2ea029793a14cddb9457afd0a83dc421889c7ad","_id":"aproba@1.0.1","_shasum":"c4ac2cc5becfb8b099de7ef9f02790e7d32d99ef","_from":".","_npmVersion":"2.7.5","_nodeVersion":"1.6.2","_npmUser":{"name":"iarna","email":"me@re-becca.org"},"maintainers":[{"name":"iarna","email":"me@re-becca.org"}],"dist":{"shasum":"c4ac2cc5becfb8b099de7ef9f02790e7d32d99ef","size":3031,"noattachment":false,"tarball":"http://registry.npm.taobao.org/aproba/download/aproba-1.0.1.tgz"},"publish_time":1428607442127,"_cnpm_publish_time":1428607442127,"_hasShrinkwrap":false},"1.0.0":{"name":"aproba","version":"1.0.0","description":"A rediculously light-weight argument validator","main":"index.js","directories":{"test":"test"},"dependencies":{},"devDependencies":{"tap":"^0.7.0"},"scripts":{"test":"tap test/*.js"},"repository":{"type":"git","url":"https://github.com/iarna/aproba"},"keywords":["argument","validate"],"author":{"name":"Rebecca Turner","email":"me@re-becca.org"},"license":"ISC","bugs":{"url":"https://github.com/iarna/aproba/issues"},"homepage":"https://github.com/iarna/aproba","gitHead":"7b629c6936c66ca96a92f28868ea4a7437ce0423","_id":"aproba@1.0.0","_shasum":"f39befddc04b8838d838fedf410c4ac957c6061e","_from":".","_npmVersion":"2.6.0","_nodeVersion":"1.1.0","_npmUser":{"name":"iarna","email":"me@re-becca.org"},"maintainers":[{"name":"iarna","email":"me@re-becca.org"}],"dist":{"shasum":"f39befddc04b8838d838fedf410c4ac957c6061e","size":3027,"noattachment":false,"tarball":"http://registry.npm.taobao.org/aproba/download/aproba-1.0.0.tgz"},"publish_time":1425060679818,"_cnpm_publish_time":1425060679818,"_hasShrinkwrap":false}},"readme":"aproba\n======\n\nA ridiculously light-weight function argument validator\n\n```\nvar validate = require(\"aproba\")\n\nfunction myfunc(a, b, c) {\n  // `a` must be a string, `b` a number, `c` a function\n  validate('SNF', arguments) // [a,b,c] is also valid\n}\n\nmyfunc('test', 23, function () {}) // ok\nmyfunc(123, 23, function () {}) // type error\nmyfunc('test', 23) // missing arg error\nmyfunc('test', 23, function () {}, true) // too many args error\n\n```\n\nValid types are:\n\n| type | description\n| :--: | :----------\n| *    | matches any type\n| A    | `Array.isArray` OR an `arguments` object\n| S    | typeof == string\n| N    | typeof == number\n| F    | typeof == function\n| O    | typeof == object and not type A and not type E\n| B    | typeof == boolean\n| E    | `instanceof Error` OR `null` **(special: see below)**\n| Z    | == `null`\n\nValidation failures throw one of three exception types, distinguished by a\n`code` property of `EMISSINGARG`, `EINVALIDTYPE` or `ETOOMANYARGS`.\n\nIf you pass in an invalid type then it will throw with a code of\n`EUNKNOWNTYPE`.\n\nIf an **error** argument is found and is not null then the remaining\narguments are optional.  That is, if you say `ESO` then that's like using a\nnon-magical `E` in: `E|ESO|ZSO`.\n\n### But I have optional arguments?!\n\nYou can provide more than one signature by separating them with pipes `|`.\nIf any signature matches the arguments then they'll be considered valid.\n\nSo for example, say you wanted to write a signature for\n`fs.createWriteStream`.  The docs for it describe it thusly:\n\n```\nfs.createWriteStream(path[, options])\n```\n\nThis would be a signature of `SO|S`.  That is, a string and and object, or\njust a string.\n\nNow, if you read the full `fs` docs, you'll see that actually path can ALSO\nbe a buffer.  And options can be a string, that is:\n```\npath <String> | <Buffer>\noptions <String> | <Object>\n```\n\nTo reproduce this you have to fully enumerate all of the possible\ncombinations and that implies a signature of `SO|SS|OO|OS|S|O`.  The\nawkwardness is a feature: It reminds you of the complexity you're adding to\nyour API when you do this sort of thing.\n\n\n### Why this exists\n\nI wanted a very simple argument validator. It needed to do two things:\n\n1. Be more concise and easier to use than assertions\n\n2. Not encourage an infinite bikeshed of DSLs\n\nThis is why types are specified by a single character and there's no such\nthing as an optional argument. \n\nThis is not intended to validate user data. This is specifically about\nasserting the interface of your functions.\n\nIf you need greater validation, I encourage you to write them by hand or\nlook elsewhere.\n\n","_attachments":{},"homepage":"https://github.com/iarna/aproba","bugs":{"url":"https://github.com/iarna/aproba/issues"},"license":"ISC","_etag":"\"346e-R2rYjAnoOZX0OkCq4FT6e4EouJA\""}