{"_id":"performance-now","_rev":"3076544","name":"performance-now","description":"Implements performance.now (based on process.hrtime).","dist-tags":{"latest":"2.1.0"},"maintainers":[{"name":"meryn","email":"merynstol@gmail.com"}],"time":{"modified":"2017-03-27T17:19:53.000Z","created":"2013-05-22T13:36:48.409Z","2.1.0":"2017-02-19T14:28:49.939Z","2.0.0":"2017-01-08T04:48:15.350Z","1.0.2":"2017-01-08T04:32:37.563Z","1.0.1":"2017-01-03T20:52:27.654Z","1.0.0":"2017-01-03T20:19:27.695Z","0.2.0":"2014-09-17T10:25:54.525Z","0.1.4":"2014-08-25T13:24:06.629Z","0.1.3":"2013-08-21T21:25:25.350Z","0.1.2":"2013-05-23T22:26:56.371Z","0.1.1":"2013-05-22T13:39:17.729Z","0.1.0":"2013-05-22T13:36:48.409Z"},"users":{"arnoldzokas":true,"kenjisan4u":true,"stpettersens":true,"jasonray":true,"poosanth":true,"parkerproject":true,"monsterkodi":true,"preco21":true,"menoncello":true,"rocket0191":true},"author":{"name":"Braveg1rl","email":"braveg1rl@outlook.com"},"repository":{"type":"git","url":"git://github.com/braveg1rl/performance-now.git"},"versions":{"2.1.0":{"name":"performance-now","description":"Implements performance.now (based on process.hrtime).","keywords":[],"version":"2.1.0","author":{"name":"Braveg1rl","email":"braveg1rl@outlook.com"},"license":"MIT","homepage":"https://github.com/braveg1rl/performance-now","bugs":{"url":"https://github.com/braveg1rl/performance-now/issues"},"repository":{"type":"git","url":"git://github.com/braveg1rl/performance-now.git"},"private":false,"dependencies":{},"devDependencies":{"bluebird":"^3.4.7","call-delayed":"^1.0.0","chai":"^3.5.0","chai-increasing":"^1.2.0","coffee-script":"~1.12.2","mocha":"~3.2.0","pre-commit":"^1.2.2"},"optionalDependencies":{},"main":"lib/performance-now.js","scripts":{"build":"mkdir -p lib && rm -rf lib/* && node_modules/.bin/coffee --compile -m --output lib/ src/","prepublish":"npm test","pretest":"npm run build","test":"mocha","watch":"coffee --watch --compile --output lib/ src/"},"typings":"src/index.d.ts","gitHead":"107bb703494cc5a8071cdf45a87e53f248a5e0f3","_id":"performance-now@2.1.0","_shasum":"6309f4e0e5fa913ec1c69307ae364b4b377c9e7b","_from":".","_npmVersion":"4.2.0","_nodeVersion":"7.3.0","_npmUser":{"name":"meryn","email":"braveg1rl@outlook.com"},"dist":{"shasum":"6309f4e0e5fa913ec1c69307ae364b4b377c9e7b","size":4564,"noattachment":false,"tarball":"http://registry.npm.taobao.org/performance-now/download/performance-now-2.1.0.tgz"},"maintainers":[{"name":"meryn","email":"merynstol@gmail.com"}],"_npmOperationalInternal":{"host":"packages-18-east.internal.npmjs.com","tmp":"tmp/performance-now-2.1.0.tgz_1487514529361_0.3097308638971299"},"directories":{},"publish_time":1487514529939,"_cnpm_publish_time":1487514529939,"_hasShrinkwrap":false},"2.0.0":{"name":"performance-now","description":"Implements performance.now (based on process.hrtime).","keywords":[],"version":"2.0.0","author":{"name":"Braveg1rl","email":"braveg1rl@outlook.com"},"license":"MIT","homepage":"https://github.com/braveg1rl/performance-now","bugs":{"url":"https://github.com/braveg1rl/performance-now/issues"},"repository":{"type":"git","url":"git://github.com/braveg1rl/performance-now.git"},"private":false,"dependencies":{},"devDependencies":{"bluebird":"^3.4.7","call-delayed":"^1.0.0","chai":"^3.5.0","coffee-script":"~1.12.2","mocha":"~3.2.0"},"optionalDependencies":{},"main":"lib/performance-now.js","scripts":{"build":"mkdir -p lib && rm -rf lib/* && node_modules/.bin/coffee --compile -m --output lib/ src/","prepublish":"npm test","pretest":"npm run build","test":"mocha","watch":"coffee --watch --compile --output lib/ src/"},"gitHead":"c4a9b72b1bb0b40fc8ad91b32bcd30325c1384a1","_id":"performance-now@2.0.0","_shasum":"c449ceeeff2850bd09d9112b7c0330111d164880","_from":".","_npmVersion":"3.10.10","_nodeVersion":"7.3.0","_npmUser":{"name":"meryn","email":"braveg1rl@outlook.com"},"dist":{"shasum":"c449ceeeff2850bd09d9112b7c0330111d164880","size":4296,"noattachment":false,"tarball":"http://registry.npm.taobao.org/performance-now/download/performance-now-2.0.0.tgz"},"maintainers":[{"name":"meryn","email":"merynstol@gmail.com"}],"_npmOperationalInternal":{"host":"packages-12-west.internal.npmjs.com","tmp":"tmp/performance-now-2.0.0.tgz_1483850893174_0.6089684108737856"},"directories":{},"publish_time":1483850895350,"_cnpm_publish_time":1483850895350,"_hasShrinkwrap":false},"1.0.2":{"name":"performance-now","description":"Implements performance.now (based on process.hrtime).","keywords":[],"version":"1.0.2","author":{"name":"Braveg1rl","email":"braveg1rl@outlook.com"},"license":"MIT","homepage":"https://github.com/braveg1rl/performance-now","bugs":{"url":"https://github.com/braveg1rl/performance-now/issues"},"repository":{"type":"git","url":"git://github.com/braveg1rl/performance-now.git"},"private":false,"dependencies":{},"devDependencies":{"bluebird":"^3.4.7","call-delayed":"^1.0.0","chai":"^3.5.0","coffee-script":"~1.12.2","mocha":"~3.2.0"},"optionalDependencies":{},"main":"lib/performance-now.js","scripts":{"build":"mkdir -p lib && rm -rf lib/* && node_modules/.bin/coffee --compile -m --output lib/ src/","prepublish":"npm test","pretest":"npm run build","test":"mocha","watch":"coffee --watch --compile --output lib/ src/"},"gitHead":"b9669e9ed4dcc0316ebd58ce352f42b0fc81e52d","_id":"performance-now@1.0.2","_shasum":"e288cab9e33afe7815c06006422ba2baabcb2c92","_from":".","_npmVersion":"3.10.10","_nodeVersion":"7.3.0","_npmUser":{"name":"meryn","email":"braveg1rl@outlook.com"},"dist":{"shasum":"e288cab9e33afe7815c06006422ba2baabcb2c92","size":4171,"noattachment":false,"tarball":"http://registry.npm.taobao.org/performance-now/download/performance-now-1.0.2.tgz"},"maintainers":[{"name":"meryn","email":"merynstol@gmail.com"}],"_npmOperationalInternal":{"host":"packages-12-west.internal.npmjs.com","tmp":"tmp/performance-now-1.0.2.tgz_1483849955689_0.006345483940094709"},"directories":{},"publish_time":1483849957563,"_cnpm_publish_time":1483849957563,"_hasShrinkwrap":false},"1.0.1":{"name":"performance-now","description":"Implements performance.now (based on process.hrtime).","keywords":[],"version":"1.0.1","author":{"name":"Braveg1rl","email":"braveg1rl@outlook.com"},"license":"MIT","homepage":"https://github.com/braveg1rl/performance-now","bugs":{"url":"https://github.com/braveg1rl/performance-now/issues"},"repository":{"type":"git","url":"git://github.com/braveg1rl/performance-now.git"},"private":false,"dependencies":{},"devDependencies":{"coffee-script":"~1.12.2","mocha":"~3.2.0"},"optionalDependencies":{},"main":"lib/performance-now.js","scripts":{"prepublish":"npm test","pretest":"make build","test":"make test"},"gitHead":"02b80954bb869d297e3fe733309acb90b1bbe200","_id":"performance-now@1.0.1","_shasum":"0b56f6129e56a6adccabb9177db0de84dd3beb60","_from":".","_npmVersion":"4.0.5","_nodeVersion":"6.9.2","_npmUser":{"name":"meryn","email":"braveg1rl@outlook.com"},"dist":{"shasum":"0b56f6129e56a6adccabb9177db0de84dd3beb60","size":3260,"noattachment":false,"tarball":"http://registry.npm.taobao.org/performance-now/download/performance-now-1.0.1.tgz"},"maintainers":[{"name":"meryn","email":"merynstol@gmail.com"}],"_npmOperationalInternal":{"host":"packages-12-west.internal.npmjs.com","tmp":"tmp/performance-now-1.0.1.tgz_1483476745376_0.8059437498450279"},"directories":{},"publish_time":1483476747654,"_cnpm_publish_time":1483476747654,"_hasShrinkwrap":false},"1.0.0":{"name":"performance-now","description":"Implements performance.now (based on process.hrtime).","keywords":[],"version":"1.0.0","author":{"name":"Braveg1rl","email":"braveg1rl@outlook.com"},"license":"MIT","homepage":"https://github.com/braveg1rl/performance-now","bugs":{"url":"https://github.com/braveg1rl/performance-now/issues"},"repository":{"type":"git","url":"git://github.com/braveg1rl/performance-now.git"},"private":false,"dependencies":{},"devDependencies":{"coffee-script":"~1.12.2","mocha":"~3.2.0"},"optionalDependencies":{},"main":"lib/performance-now.js","scripts":{"prepublish":"npm test","pretest":"make build","test":"make test"},"gitHead":"4f0fcf5cf61fe5d1f36a60317f55ec72717175fa","_id":"performance-now@1.0.0","_shasum":"f5daeff439d15fa8ad36af829327f9b7211f2c64","_from":".","_npmVersion":"4.0.5","_nodeVersion":"6.9.2","_npmUser":{"name":"meryn","email":"braveg1rl@outlook.com"},"dist":{"shasum":"f5daeff439d15fa8ad36af829327f9b7211f2c64","size":3264,"noattachment":false,"tarball":"http://registry.npm.taobao.org/performance-now/download/performance-now-1.0.0.tgz"},"maintainers":[{"name":"meryn","email":"merynstol@gmail.com"}],"_npmOperationalInternal":{"host":"packages-12-west.internal.npmjs.com","tmp":"tmp/performance-now-1.0.0.tgz_1483474765653_0.9213698275852948"},"directories":{},"publish_time":1483474767695,"_cnpm_publish_time":1483474767695,"_hasShrinkwrap":false},"0.2.0":{"name":"performance-now","description":"Implements performance.now (based on process.hrtime).","keywords":[],"version":"0.2.0","author":{"name":"Meryn Stol","email":"merynstol@gmail.com"},"license":"MIT","homepage":"https://github.com/meryn/performance-now","bugs":{"url":"https://github.com/meryn/performance-now/issues"},"repository":{"type":"git","url":"git://github.com/meryn/performance-now.git"},"private":false,"dependencies":{},"devDependencies":{"coffee-script":"~1.7.1","mocha":"~1.21.0"},"optionalDependencies":{},"main":"lib/performance-now.js","scripts":{"prepublish":"npm test","pretest":"make build","test":"make test"},"_id":"performance-now@0.2.0","dist":{"shasum":"33ef30c5c77d4ea21c5a53869d91b56d8f2555e5","size":3394,"noattachment":false,"tarball":"http://registry.npm.taobao.org/performance-now/download/performance-now-0.2.0.tgz"},"_from":".","_npmVersion":"1.3.24","_npmUser":{"name":"meryn","email":"merynstol@gmail.com"},"maintainers":[{"name":"meryn","email":"merynstol@gmail.com"}],"directories":{},"publish_time":1410949554525,"_cnpm_publish_time":1410949554525,"_hasShrinkwrap":false},"0.1.4":{"name":"performance-now","description":"Implements performance.now (based on process.hrtime).","keywords":[],"version":"0.1.4","author":{"name":"Meryn Stol","email":"merynstol@gmail.com"},"license":"MIT","homepage":"https://github.com/meryn/performance-now","bugs":{"url":"https://github.com/meryn/performance-now/issues"},"repository":{"type":"git","url":"git://github.com/meryn/performance-now.git"},"private":false,"dependencies":{},"devDependencies":{"coffee-script":"~1.6.2","mocha":"~1.9.0"},"optionalDependencies":{},"main":"lib/performance-now.js","scripts":{"prepublish":"npm test","pretest":"make build","test":"make test"},"_id":"performance-now@0.1.4","dist":{"shasum":"360b642f073ff8c2a693b3c38d7ccbc17b53183b","size":3743,"noattachment":false,"tarball":"http://registry.npm.taobao.org/performance-now/download/performance-now-0.1.4.tgz"},"_from":".","_npmVersion":"1.3.24","_npmUser":{"name":"meryn","email":"merynstol@gmail.com"},"maintainers":[{"name":"meryn","email":"merynstol@gmail.com"}],"directories":{},"publish_time":1408973046629,"_cnpm_publish_time":1408973046629,"_hasShrinkwrap":false},"0.1.3":{"name":"performance-now","description":"Implements performance.now (based on process.hrtime).","keywords":[],"version":"0.1.3","author":{"name":"Meryn Stol","email":"merynstol@gmail.com"},"license":"MIT","homepage":"https://github.com/meryn/performance-now","bugs":{"url":"https://github.com/meryn/performance-now/issues"},"repository":{"type":"git","url":"git://github.com/meryn/performance-now.git"},"private":false,"dependencies":{},"devDependencies":{"coffee-script":"~1.6.2","mocha":"~1.9.0"},"optionalDependencies":{},"engines":{"node":"0.10.x","npm":"1.2.x"},"main":"lib/performance-now.js","scripts":{"prepublish":"npm test","pretest":"make build","test":"make test"},"readmeFilename":"README.md","_id":"performance-now@0.1.3","dist":{"shasum":"70ec3232e9e053a1b16c2a007f3aff2867b2dc04","size":3756,"noattachment":false,"tarball":"http://registry.npm.taobao.org/performance-now/download/performance-now-0.1.3.tgz"},"_from":".","_npmVersion":"1.2.25","_npmUser":{"name":"meryn","email":"merynstol@gmail.com"},"maintainers":[{"name":"meryn","email":"merynstol@gmail.com"}],"directories":{},"publish_time":1377120325350,"_cnpm_publish_time":1377120325350,"_hasShrinkwrap":false},"0.1.2":{"name":"performance-now","description":"Implements performance.now (based on process.hrtime).","keywords":[],"version":"0.1.2","author":{"name":"Meryn Stol","email":"merynstol@gmail.com"},"license":"MIT","homepage":"https://github.com/meryn/performance-now","bugs":"https://github.com/meryn/performance-now/issues","repository":{"type":"git","url":"git://github.com/meryn/performance-now.git"},"private":false,"dependencies":{},"devDependencies":{"coffee-script":"~1.6.2","mocha":"~1.9.0"},"optionalDependencies":{},"engines":{"node":"0.10.x","npm":"1.2.x"},"main":"lib/performance-now.js","scripts":{"prepublish":"npm test","pretest":"make build","test":"make test"},"readmeFilename":"README.md","_id":"performance-now@0.1.2","dist":{"shasum":"8e2e61d2ee554a817f14a229d5c6c26677cec929","size":3689,"noattachment":false,"tarball":"http://registry.npm.taobao.org/performance-now/download/performance-now-0.1.2.tgz"},"_from":".","_npmVersion":"1.2.18","_npmUser":{"name":"meryn","email":"merynstol@gmail.com"},"maintainers":[{"name":"meryn","email":"merynstol@gmail.com"}],"directories":{},"publish_time":1369348016371,"_cnpm_publish_time":1369348016371,"_hasShrinkwrap":false},"0.1.1":{"name":"performance-now","description":"Implements performance.now (based on process.hrtime).","keywords":[],"version":"0.1.1","author":{"name":"Meryn Stol","email":"merynstol@gmail.com"},"license":"MIT","homepage":"https://github.com/meryn/performance-now","bugs":"https://github.com/meryn/performance-now/issues","repository":{"type":"git","url":"git://github.com/meryn/performance-now.git"},"private":false,"dependencies":{},"devDependencies":{"coffee-script":"~1.6.2","mocha":"~1.9.0"},"optionalDependencies":{},"engines":{"node":"0.10.x","npm":"1.2.x"},"main":"lib/performance-now.js","scripts":{"prepublish":"npm test","pretest":"make build","test":"make test"},"readmeFilename":"README.md","_id":"performance-now@0.1.1","dist":{"shasum":"739f6c2ae4b4d2fac0ada962b5b810dd832d1438","size":3489,"noattachment":false,"tarball":"http://registry.npm.taobao.org/performance-now/download/performance-now-0.1.1.tgz"},"_from":".","_npmVersion":"1.2.18","_npmUser":{"name":"meryn","email":"merynstol@gmail.com"},"maintainers":[{"name":"meryn","email":"merynstol@gmail.com"}],"directories":{},"publish_time":1369229957729,"_cnpm_publish_time":1369229957729,"_hasShrinkwrap":false},"0.1.0":{"name":"performance-now","description":"Implements performance.now (based on process.hrtime).","keywords":[],"version":"0.1.0","author":{"name":"Meryn Stol","email":"merynstol@gmail.com"},"license":"MIT","homepage":"https://github.com/meryn/performance-now","bugs":"https://github.com/meryn/performance-now/issues","repository":{"type":"git","url":"git://github.com/meryn/performance-now.git"},"private":false,"dependencies":{},"devDependencies":{"coffee-script":"~1.6.2","mocha":"~1.9.0"},"optionalDependencies":{},"engines":{"node":"0.10.x","npm":"1.2.x"},"main":"lib/performance-now.js","scripts":{"prepublish":"npm test","pretest":"make build","test":"make test"},"readmeFilename":"README.md","_id":"performance-now@0.1.0","dist":{"shasum":"cb3b75f580bb49ee533ebf08651ce7a11d0d9afc","size":3564,"noattachment":false,"tarball":"http://registry.npm.taobao.org/performance-now/download/performance-now-0.1.0.tgz"},"_from":".","_npmVersion":"1.2.18","_npmUser":{"name":"meryn","email":"merynstol@gmail.com"},"maintainers":[{"name":"meryn","email":"merynstol@gmail.com"}],"directories":{},"publish_time":1369229808409,"_cnpm_publish_time":1369229808409,"_hasShrinkwrap":false}},"readme":"# performance-now [![Build Status](https://travis-ci.org/braveg1rl/performance-now.png?branch=master)](https://travis-ci.org/braveg1rl/performance-now) [![Dependency Status](https://david-dm.org/braveg1rl/performance-now.png)](https://david-dm.org/braveg1rl/performance-now)\n\nImplements a function similar to `performance.now` (based on `process.hrtime`).\n\nModern browsers have a `window.performance` object with - among others - a `now` method which gives time in milliseconds, but with sub-millisecond precision. This module offers the same function based on the Node.js native `process.hrtime` function.\n\nUsing `process.hrtime` means that the reported time will be monotonically increasing, and not subject to clock-drift.\n\nAccording to the [High Resolution Time specification](http://www.w3.org/TR/hr-time/), the number of milliseconds reported by `performance.now` should be relative to the value of `performance.timing.navigationStart`.\n\nIn the current version of the module (2.0) the reported time is relative to the time the current Node process has started (inferred from `process.uptime()`).\n\nVersion 1.0 reported a different time. The reported time was relative to the time the module was loaded (i.e. the time it was first `require`d). If you need this functionality, version 1.0 is still available on NPM.\n\n## Example usage\n\n```javascript\nvar now = require(\"performance-now\")\nvar start = now()\nvar end = now()\nconsole.log(start.toFixed(3)) // the number of milliseconds the current node process is running\nconsole.log((start-end).toFixed(3)) // ~ 0.002 on my system\n```\n\nRunning the now function two times right after each other yields a time difference of a few microseconds. Given this overhead, I think it's best to assume that the precision of intervals computed with this method is not higher than 10 microseconds, if you don't know the exact overhead on your own system.\n\n## License\n\nperformance-now is released under the [MIT License](http://opensource.org/licenses/MIT).\nCopyright (c) 2017 Braveg1rl\n","_attachments":{},"homepage":"https://github.com/braveg1rl/performance-now","bugs":{"url":"https://github.com/braveg1rl/performance-now/issues"},"license":"MIT","_etag":"\"4673-zJ1+RIRsKRV09I5tlv/yLk22x64\""}