{"_id":"gauge","_rev":"48-8c32b5951c6dae1a2491de544ea0bbe1","name":"gauge","description":"A terminal based horizontal guage","dist-tags":{"latest":"2.7.4"},"versions":{"1.0.0":{"name":"gauge","version":"1.0.0","description":"A terminal based horizontal guage","main":"progress-bar.js","scripts":{"test":"tap test/*.js"},"repository":{"type":"git","url":"https://github.com/iarna/gauge"},"keywords":["progressbar","progress","gauge"],"author":{"name":"Rebecca Turner","email":"me@re-becca.org"},"license":"ISC","bugs":{"url":"https://github.com/iarna/gauge/issues"},"homepage":"https://github.com/iarna/gauge","dependencies":{"ansi":"^0.3.0","has-unicode":"^1.0.0"},"devDependencies":{"tap":"^0.4.13"},"gitHead":"d0bb39c32c1e12ac80f789bc7ba5efd8049e1502","_id":"gauge@1.0.0","_shasum":"5682aefa9ba0f7042f652cff50e4c7fc0e592aa4","_from":".","_npmVersion":"2.1.11","_nodeVersion":"0.10.33","_npmUser":{"name":"iarna","email":"me@re-becca.org"},"maintainers":[{"name":"iarna","email":"me@re-becca.org"}],"dist":{"shasum":"5682aefa9ba0f7042f652cff50e4c7fc0e592aa4","tarball":"https://registry.npmjs.org/gauge/-/gauge-1.0.0.tgz"},"directories":{}},"1.0.1":{"name":"gauge","version":"1.0.1","description":"A terminal based horizontal guage","main":"progress-bar.js","scripts":{"test":"tap test/*.js"},"repository":{"type":"git","url":"https://github.com/iarna/gauge"},"keywords":["progressbar","progress","gauge"],"author":{"name":"Rebecca Turner","email":"me@re-becca.org"},"license":"ISC","bugs":{"url":"https://github.com/iarna/gauge/issues"},"homepage":"https://github.com/iarna/gauge","dependencies":{"ansi":"^0.3.0","has-unicode":"^1.0.0"},"devDependencies":{"tap":"^0.4.13"},"gitHead":"d5d78e839430edd650cd8630da6432bf6e22dc13","_id":"gauge@1.0.1","_shasum":"2f3849afd25e8f3318838bda11ec5501f32e8789","_from":".","_npmVersion":"2.1.11","_nodeVersion":"0.10.33","_npmUser":{"name":"iarna","email":"me@re-becca.org"},"maintainers":[{"name":"iarna","email":"me@re-becca.org"}],"dist":{"shasum":"2f3849afd25e8f3318838bda11ec5501f32e8789","tarball":"https://registry.npmjs.org/gauge/-/gauge-1.0.1.tgz"},"directories":{}},"1.0.2":{"name":"gauge","version":"1.0.2","description":"A terminal based horizontal guage","main":"progress-bar.js","scripts":{"test":"tap test/*.js"},"repository":{"type":"git","url":"https://github.com/iarna/gauge"},"keywords":["progressbar","progress","gauge"],"author":{"name":"Rebecca Turner","email":"me@re-becca.org"},"license":"ISC","bugs":{"url":"https://github.com/iarna/gauge/issues"},"homepage":"https://github.com/iarna/gauge","dependencies":{"ansi":"^0.3.0","has-unicode":"^1.0.0"},"devDependencies":{"tap":"^0.4.13"},"gitHead":"899cd353e5204203b722edda47ad4e55294a1ae8","_id":"gauge@1.0.2","_shasum":"53e25965dfaf1c85be3a2a0633306a24a67dc2f9","_from":".","_npmVersion":"2.1.11","_nodeVersion":"0.10.33","_npmUser":{"name":"iarna","email":"me@re-becca.org"},"maintainers":[{"name":"iarna","email":"me@re-becca.org"}],"dist":{"shasum":"53e25965dfaf1c85be3a2a0633306a24a67dc2f9","tarball":"https://registry.npmjs.org/gauge/-/gauge-1.0.2.tgz"},"directories":{}},"1.1.0":{"name":"gauge","version":"1.1.0","description":"A terminal based horizontal guage","main":"progress-bar.js","scripts":{"test":"tap test/*.js"},"repository":{"type":"git","url":"https://github.com/iarna/gauge"},"keywords":["progressbar","progress","gauge"],"author":{"name":"Rebecca Turner","email":"me@re-becca.org"},"license":"ISC","bugs":{"url":"https://github.com/iarna/gauge/issues"},"homepage":"https://github.com/iarna/gauge","dependencies":{"ansi":"^0.3.0","has-unicode":"^1.0.0","lodash.pad":"^3.0.0","lodash.padleft":"^3.0.0","lodash.padright":"^3.0.0"},"devDependencies":{"tap":"^0.4.13"},"gitHead":"2c58ed76115a3232e16824193b2d2866cfc90c90","_id":"gauge@1.1.0","_shasum":"4f1c13cb6232469f65de92357b34f8ff53c5ca41","_from":".","_npmVersion":"2.4.0","_nodeVersion":"0.10.33","_npmUser":{"name":"iarna","email":"me@re-becca.org"},"maintainers":[{"name":"iarna","email":"me@re-becca.org"}],"dist":{"shasum":"4f1c13cb6232469f65de92357b34f8ff53c5ca41","tarball":"https://registry.npmjs.org/gauge/-/gauge-1.1.0.tgz"},"directories":{}},"1.2.0":{"name":"gauge","version":"1.2.0","description":"A terminal based horizontal guage","main":"progress-bar.js","scripts":{"test":"tap test/*.js"},"repository":{"type":"git","url":"https://github.com/iarna/gauge"},"keywords":["progressbar","progress","gauge"],"author":{"name":"Rebecca Turner","email":"me@re-becca.org"},"license":"ISC","bugs":{"url":"https://github.com/iarna/gauge/issues"},"homepage":"https://github.com/iarna/gauge","dependencies":{"ansi":"^0.3.0","has-unicode":"^1.0.0","lodash.pad":"^3.0.0","lodash.padleft":"^3.0.0","lodash.padright":"^3.0.0"},"devDependencies":{"tap":"^0.4.13"},"gitHead":"db15c35374816b3fc3b9e1e54866f31ed7f4a733","_id":"gauge@1.2.0","_shasum":"3094ab1285633f799814388fc8f2de67b4c012c5","_from":".","_npmVersion":"2.6.0","_nodeVersion":"1.1.0","_npmUser":{"name":"iarna","email":"me@re-becca.org"},"maintainers":[{"name":"iarna","email":"me@re-becca.org"}],"dist":{"shasum":"3094ab1285633f799814388fc8f2de67b4c012c5","tarball":"https://registry.npmjs.org/gauge/-/gauge-1.2.0.tgz"},"directories":{}},"1.2.1":{"name":"gauge","version":"1.2.1","description":"A terminal based horizontal guage","main":"progress-bar.js","scripts":{"test":"tap test/*.js"},"repository":{"type":"git","url":"git+https://github.com/iarna/gauge.git"},"keywords":["progressbar","progress","gauge"],"author":{"name":"Rebecca Turner","email":"me@re-becca.org"},"license":"ISC","bugs":{"url":"https://github.com/iarna/gauge/issues"},"homepage":"https://github.com/iarna/gauge","dependencies":{"ansi":"^0.3.0","has-unicode":"^1.0.0","lodash.pad":"^3.0.0","lodash.padleft":"^3.0.0","lodash.padright":"^3.0.0"},"devDependencies":{"tap":"^0.4.13"},"gitHead":"3034dd52a902e54c8132830c0482c3c53e9ad94c","_id":"gauge@1.2.1","_shasum":"923d55c9c6669ff9ce37528b50b40acadb15f63c","_from":".","_npmVersion":"3.1.0","_nodeVersion":"0.10.38","_npmUser":{"name":"iarna","email":"me@re-becca.org"},"dist":{"shasum":"923d55c9c6669ff9ce37528b50b40acadb15f63c","tarball":"https://registry.npmjs.org/gauge/-/gauge-1.2.1.tgz"},"maintainers":[{"name":"iarna","email":"me@re-becca.org"}],"directories":{}},"1.2.2":{"name":"gauge","version":"1.2.2","description":"A terminal based horizontal guage","main":"progress-bar.js","scripts":{"test":"tap test/*.js"},"repository":{"type":"git","url":"git+https://github.com/iarna/gauge.git"},"keywords":["progressbar","progress","gauge"],"author":{"name":"Rebecca Turner","email":"me@re-becca.org"},"license":"ISC","bugs":{"url":"https://github.com/iarna/gauge/issues"},"homepage":"https://github.com/iarna/gauge","dependencies":{"ansi":"^0.3.0","has-unicode":"^1.0.0","lodash.pad":"^3.0.0","lodash.padleft":"^3.0.0","lodash.padright":"^3.0.0"},"devDependencies":{"tap":"^0.4.13"},"gitHead":"9f7eeeeed3b74a70f30b721d570435f6ffbc0168","_id":"gauge@1.2.2","_shasum":"05b6730a19a8fcad3c340a142f0945222a3f815b","_from":".","_npmVersion":"3.1.0","_nodeVersion":"0.10.38","_npmUser":{"name":"iarna","email":"me@re-becca.org"},"dist":{"shasum":"05b6730a19a8fcad3c340a142f0945222a3f815b","tarball":"https://registry.npmjs.org/gauge/-/gauge-1.2.2.tgz"},"maintainers":[{"name":"iarna","email":"me@re-becca.org"}],"directories":{}},"1.2.3":{"name":"gauge","version":"1.2.3","description":"A terminal based horizontal guage","main":"progress-bar.js","scripts":{"test":"tap test/*.js"},"repository":{"type":"git","url":"git+https://github.com/iarna/gauge.git"},"keywords":["progressbar","progress","gauge"],"author":{"name":"Rebecca Turner","email":"me@re-becca.org"},"license":"ISC","bugs":{"url":"https://github.com/iarna/gauge/issues"},"homepage":"https://github.com/iarna/gauge","dependencies":{"ansi":"^0.3.0","has-unicode":"^2.0.0","lodash.pad":"^3.0.0","lodash.padleft":"^3.0.0","lodash.padright":"^3.0.0"},"devDependencies":{"tap":"^0.4.13"},"gitHead":"e71d97fc8c9c78ffff5e7724d3888ef3b94b2320","_id":"gauge@1.2.3","_shasum":"e6d1b860e3ac9a44719e4d7417778be803647a3c","_from":".","_npmVersion":"3.5.3","_nodeVersion":"4.2.2","_npmUser":{"name":"iarna","email":"me@re-becca.org"},"dist":{"shasum":"e6d1b860e3ac9a44719e4d7417778be803647a3c","tarball":"https://registry.npmjs.org/gauge/-/gauge-1.2.3.tgz"},"maintainers":[{"name":"iarna","email":"me@re-becca.org"}],"directories":{}},"1.2.4":{"name":"gauge","version":"1.2.4","description":"A terminal based horizontal guage","main":"progress-bar.js","scripts":{"test":"tap test/*.js"},"repository":{"type":"git","url":"git+https://github.com/iarna/gauge.git"},"keywords":["progressbar","progress","gauge"],"author":{"name":"Rebecca Turner","email":"me@re-becca.org"},"license":"ISC","bugs":{"url":"https://github.com/iarna/gauge/issues"},"homepage":"https://github.com/iarna/gauge","dependencies":{"ansi":"^0.3.0","has-unicode":"^2.0.0","lodash.pad":"^3.0.0","lodash.padleft":"^3.0.0","lodash.padright":"^3.0.0"},"devDependencies":{"tap":"^0.4.13"},"gitHead":"a6af415c7e143fd8dd058c97f5f3ed3dbad872f3","_id":"gauge@1.2.4","_shasum":"b1d519758b3c77c7b45021d0ca4841548818bc41","_from":".","_npmVersion":"3.5.4","_nodeVersion":"4.2.2","_npmUser":{"name":"iarna","email":"me@re-becca.org"},"dist":{"shasum":"b1d519758b3c77c7b45021d0ca4841548818bc41","tarball":"https://registry.npmjs.org/gauge/-/gauge-1.2.4.tgz"},"maintainers":[{"name":"iarna","email":"me@re-becca.org"}],"directories":{}},"1.2.5":{"name":"gauge","version":"1.2.5","description":"A terminal based horizontal guage","main":"progress-bar.js","scripts":{"test":"tap test/*.js"},"repository":{"type":"git","url":"git+https://github.com/iarna/gauge.git"},"keywords":["progressbar","progress","gauge"],"author":{"name":"Rebecca Turner","email":"me@re-becca.org"},"license":"ISC","bugs":{"url":"https://github.com/iarna/gauge/issues"},"homepage":"https://github.com/iarna/gauge","dependencies":{"ansi":"^0.3.0","has-unicode":"^2.0.0","lodash.pad":"^3.0.0","lodash.padleft":"^3.0.0","lodash.padright":"^3.0.0"},"devDependencies":{"tap":"^0.4.13"},"gitHead":"bd0bb377d121e17d343bba156dd92fe6a8b21581","_id":"gauge@1.2.5","_shasum":"b80f107dd1f7d3c5a85f5aa74f9e0124caac9da7","_from":".","_npmVersion":"3.6.0","_nodeVersion":"5.4.0","_npmUser":{"name":"iarna","email":"me@re-becca.org"},"dist":{"shasum":"b80f107dd1f7d3c5a85f5aa74f9e0124caac9da7","tarball":"https://registry.npmjs.org/gauge/-/gauge-1.2.5.tgz"},"maintainers":[{"name":"iarna","email":"me@re-becca.org"}],"directories":{}},"1.2.6":{"name":"gauge","version":"1.2.6","description":"A terminal based horizontal guage","main":"progress-bar.js","scripts":{"test":"tap test/*.js"},"repository":{"type":"git","url":"git+https://github.com/iarna/gauge.git"},"keywords":["progressbar","progress","gauge"],"author":{"name":"Rebecca Turner","email":"me@re-becca.org"},"license":"ISC","bugs":{"url":"https://github.com/iarna/gauge/issues"},"homepage":"https://github.com/iarna/gauge","dependencies":{"ansi":"^0.3.0","has-unicode":"^2.0.0","lodash.pad":"^4.1.0","lodash.padleft":"^3.0.0","lodash.padright":"^3.0.0","through2":"^2.0.1"},"devDependencies":{"tap":"^5.6.0"},"gitHead":"a0d0b6c0914b25306df3e01896a477d353beed54","_id":"gauge@1.2.6","_shasum":"4b6d178b3d9042ba9fc0ef2626dbb1f22a64c793","_from":".","_npmVersion":"3.7.2","_nodeVersion":"4.2.2","_npmUser":{"name":"iarna","email":"me@re-becca.org"},"dist":{"shasum":"4b6d178b3d9042ba9fc0ef2626dbb1f22a64c793","tarball":"https://registry.npmjs.org/gauge/-/gauge-1.2.6.tgz"},"maintainers":[{"name":"iarna","email":"me@re-becca.org"}],"_npmOperationalInternal":{"host":"packages-5-east.internal.npmjs.com","tmp":"tmp/gauge-1.2.6.tgz_1455833008276_0.26550534344278276"},"directories":{}},"1.2.7":{"name":"gauge","version":"1.2.7","description":"A terminal based horizontal guage","main":"progress-bar.js","scripts":{"test":"tap test/*.js"},"repository":{"type":"git","url":"git+https://github.com/iarna/gauge.git"},"keywords":["progressbar","progress","gauge"],"author":{"name":"Rebecca Turner","email":"me@re-becca.org"},"license":"ISC","bugs":{"url":"https://github.com/iarna/gauge/issues"},"homepage":"https://github.com/iarna/gauge","dependencies":{"ansi":"^0.3.0","has-unicode":"^2.0.0","lodash.pad":"^4.1.0","lodash.padend":"^4.1.0","lodash.padstart":"^4.1.0"},"devDependencies":{"tap":"^5.6.0"},"gitHead":"75a7d0a4ed67489ac992ed3d211bed60376ca7c1","_id":"gauge@1.2.7","_shasum":"e9cec5483d3d4ee0ef44b60a7d99e4935e136d93","_from":".","_npmVersion":"3.7.2","_nodeVersion":"4.2.2","_npmUser":{"name":"iarna","email":"me@re-becca.org"},"dist":{"shasum":"e9cec5483d3d4ee0ef44b60a7d99e4935e136d93","tarball":"https://registry.npmjs.org/gauge/-/gauge-1.2.7.tgz"},"maintainers":[{"name":"iarna","email":"me@re-becca.org"}],"_npmOperationalInternal":{"host":"packages-9-west.internal.npmjs.com","tmp":"tmp/gauge-1.2.7.tgz_1455835409513_0.6293477965518832"},"directories":{}},"2.0.0":{"name":"gauge","version":"2.0.0","description":"A terminal based horizontal guage","main":"index.js","scripts":{"test":"standard && tap test/*.js --coverage"},"repository":{"type":"git","url":"git+https://github.com/iarna/gauge.git"},"keywords":["progressbar","progress","gauge"],"author":{"name":"Rebecca Turner","email":"me@re-becca.org"},"license":"ISC","bugs":{"url":"https://github.com/iarna/gauge/issues"},"homepage":"https://github.com/iarna/gauge","dependencies":{"aproba":"^1.0.1","has-color":"^0.1.7","has-unicode":"^2.0.0","object-assign":"^4.0.1","string-width":"^1.0.1","strip-ansi":"^3.0.0","wide-align":"^1.1.0"},"devDependencies":{"require-inject":"^1.3.0","standard":"^6.0.7","tap":"^5.6.0","through2":"^2.0.0"},"gitHead":"cfdbfb65a544dcb10d41a5abed110f34df4d007d","_id":"gauge@2.0.0","_shasum":"d3408135d29e7e817f595443a1cdb435203ff8a5","_from":".","_npmVersion":"3.7.3","_nodeVersion":"5.4.0","_npmUser":{"name":"iarna","email":"me@re-becca.org"},"dist":{"shasum":"d3408135d29e7e817f595443a1cdb435203ff8a5","tarball":"https://registry.npmjs.org/gauge/-/gauge-2.0.0.tgz"},"maintainers":[{"name":"iarna","email":"me@re-becca.org"}],"_npmOperationalInternal":{"host":"packages-9-west.internal.npmjs.com","tmp":"tmp/gauge-2.0.0.tgz_1456017288812_0.2166549153625965"},"directories":{}},"2.1.0":{"name":"gauge","version":"2.1.0","description":"A terminal based horizontal guage","main":"index.js","scripts":{"test":"standard && tap test/*.js --coverage"},"repository":{"type":"git","url":"git+https://github.com/iarna/gauge.git"},"keywords":["progressbar","progress","gauge"],"author":{"name":"Rebecca Turner","email":"me@re-becca.org"},"license":"ISC","bugs":{"url":"https://github.com/iarna/gauge/issues"},"homepage":"https://github.com/iarna/gauge","dependencies":{"aproba":"^1.0.1","has-color":"^0.1.7","has-unicode":"^2.0.0","object-assign":"^4.0.1","signal-exit":"^2.1.2","string-width":"^1.0.1","strip-ansi":"^3.0.0","wide-align":"^1.1.0"},"devDependencies":{"require-inject":"^1.3.0","standard":"^6.0.7","tap":"^5.6.0","through2":"^2.0.0"},"gitHead":"023575cdd26a268d9eaea10e9fc0a8d340350e70","_id":"gauge@2.1.0","_shasum":"595604845c774b35f25b0a5a9fc8a96516d0b2da","_from":".","_npmVersion":"3.8.0","_nodeVersion":"4.2.2","_npmUser":{"name":"iarna","email":"me@re-becca.org"},"dist":{"shasum":"595604845c774b35f25b0a5a9fc8a96516d0b2da","tarball":"https://registry.npmjs.org/gauge/-/gauge-2.1.0.tgz"},"maintainers":[{"name":"iarna","email":"me@re-becca.org"}],"_npmOperationalInternal":{"host":"packages-13-west.internal.npmjs.com","tmp":"tmp/gauge-2.1.0.tgz_1456873991095_0.3077438606414944"},"directories":{}},"2.2.0":{"name":"gauge","version":"2.2.0","description":"A terminal based horizontal guage","main":"index.js","scripts":{"test":"standard && tap test/*.js --coverage"},"repository":{"type":"git","url":"git+https://github.com/iarna/gauge.git"},"keywords":["progressbar","progress","gauge"],"author":{"name":"Rebecca Turner","email":"me@re-becca.org"},"license":"ISC","bugs":{"url":"https://github.com/iarna/gauge/issues"},"homepage":"https://github.com/iarna/gauge","dependencies":{"aproba":"^1.0.1","has-color":"^0.1.7","has-unicode":"^2.0.0","object-assign":"^4.0.1","signal-exit":"^2.1.2","string-width":"^1.0.1","strip-ansi":"^3.0.0","wide-align":"^1.1.0"},"devDependencies":{"require-inject":"^1.3.1","standard":"^6.0.7","tap":"^5.6.0","through2":"^2.0.0"},"gitHead":"38ee3b98f25d4020e0fba8acf9abde9c1f4919f5","_id":"gauge@2.2.0","_shasum":"c115548d7423f3bfa3247e153e8dccc767ec2696","_from":".","_npmVersion":"3.8.1","_nodeVersion":"4.2.2","_npmUser":{"name":"iarna","email":"me@re-becca.org"},"dist":{"shasum":"c115548d7423f3bfa3247e153e8dccc767ec2696","tarball":"https://registry.npmjs.org/gauge/-/gauge-2.2.0.tgz"},"maintainers":[{"name":"iarna","email":"me@re-becca.org"}],"_npmOperationalInternal":{"host":"packages-12-west.internal.npmjs.com","tmp":"tmp/gauge-2.2.0.tgz_1458082244821_0.86755271977745"},"directories":{}},"2.2.1":{"name":"gauge","version":"2.2.1","description":"A terminal based horizontal guage","main":"index.js","scripts":{"test":"standard && tap test/*.js --coverage"},"repository":{"type":"git","url":"git+https://github.com/iarna/gauge.git"},"keywords":["progressbar","progress","gauge"],"author":{"name":"Rebecca Turner","email":"me@re-becca.org"},"license":"ISC","bugs":{"url":"https://github.com/iarna/gauge/issues"},"homepage":"https://github.com/iarna/gauge","dependencies":{"aproba":"^1.0.1","has-color":"^0.1.7","has-unicode":"^2.0.0","object-assign":"^4.0.1","signal-exit":"^2.1.2","string-width":"^1.0.1","strip-ansi":"^3.0.0","wide-align":"^1.1.0"},"devDependencies":{"require-inject":"^1.3.1","standard":"^6.0.7","tap":"^5.6.0","through2":"^2.0.0"},"gitHead":"78b35070f9fbd08d1770f9aa09df648722c30fc6","_id":"gauge@2.2.1","_shasum":"979d7c1bd5a948824f0ccbeaef6fa0f6607860dc","_from":".","_npmVersion":"3.8.1","_nodeVersion":"4.2.2","_npmUser":{"name":"iarna","email":"me@re-becca.org"},"dist":{"shasum":"979d7c1bd5a948824f0ccbeaef6fa0f6607860dc","tarball":"https://registry.npmjs.org/gauge/-/gauge-2.2.1.tgz"},"maintainers":[{"name":"iarna","email":"me@re-becca.org"}],"_npmOperationalInternal":{"host":"packages-13-west.internal.npmjs.com","tmp":"tmp/gauge-2.2.1.tgz_1458082409285_0.9220770343672484"},"directories":{}},"2.3.0":{"name":"gauge","version":"2.3.0","description":"A terminal based horizontal guage","main":"index.js","scripts":{"test":"standard && tap test/*.js --coverage"},"repository":{"type":"git","url":"git+https://github.com/iarna/gauge.git"},"keywords":["progressbar","progress","gauge"],"author":{"name":"Rebecca Turner","email":"me@re-becca.org"},"license":"ISC","bugs":{"url":"https://github.com/iarna/gauge/issues"},"homepage":"https://github.com/iarna/gauge","dependencies":{"aproba":"^1.0.1","has-color":"^0.1.7","has-unicode":"^2.0.0","object-assign":"^4.0.1","signal-exit":"^2.1.2","string-width":"^1.0.1","strip-ansi":"^3.0.0","wide-align":"^1.1.0"},"devDependencies":{"require-inject":"^1.3.1","standard":"^6.0.7","tap":"^5.6.0","through2":"^2.0.0"},"gitHead":"7537d40009f199fa78158befcb7cea4b31ba0b77","_id":"gauge@2.3.0","_shasum":"69594aa32548cbb61b73d3bbdf70f99ccc576c1d","_from":".","_npmVersion":"3.8.9","_nodeVersion":"4.4.0","_npmUser":{"name":"iarna","email":"me@re-becca.org"},"dist":{"shasum":"69594aa32548cbb61b73d3bbdf70f99ccc576c1d","tarball":"https://registry.npmjs.org/gauge/-/gauge-2.3.0.tgz"},"maintainers":[{"name":"iarna","email":"me@re-becca.org"}],"_npmOperationalInternal":{"host":"packages-16-east.internal.npmjs.com","tmp":"tmp/gauge-2.3.0.tgz_1461894738473_0.10730170574970543"},"directories":{}},"2.3.1":{"name":"gauge","version":"2.3.1","description":"A terminal based horizontal guage","main":"index.js","scripts":{"test":"standard && tap test/*.js --coverage"},"repository":{"type":"git","url":"git+https://github.com/iarna/gauge.git"},"keywords":["progressbar","progress","gauge"],"author":{"name":"Rebecca Turner","email":"me@re-becca.org"},"license":"ISC","bugs":{"url":"https://github.com/iarna/gauge/issues"},"homepage":"https://github.com/iarna/gauge","dependencies":{"aproba":"^1.0.1","has-color":"^0.1.7","has-unicode":"^2.0.0","object-assign":"^4.0.1","signal-exit":"^2.1.2","string-width":"^1.0.1","strip-ansi":"^3.0.0","wide-align":"^1.1.0"},"devDependencies":{"require-inject":"^1.3.1","standard":"^6.0.7","tap":"^5.6.0","through2":"^2.0.0"},"gitHead":"dddd91adcdff3a742da2d037d5d428fc9e1550a2","_id":"gauge@2.3.1","_shasum":"3c4b268e9ba469de2be91a35c68376c46a5b18b0","_from":".","_npmVersion":"3.8.9","_nodeVersion":"4.4.0","_npmUser":{"name":"iarna","email":"me@re-becca.org"},"dist":{"shasum":"3c4b268e9ba469de2be91a35c68376c46a5b18b0","tarball":"https://registry.npmjs.org/gauge/-/gauge-2.3.1.tgz"},"maintainers":[{"name":"iarna","email":"me@re-becca.org"}],"_npmOperationalInternal":{"host":"packages-16-east.internal.npmjs.com","tmp":"tmp/gauge-2.3.1.tgz_1461895383486_0.6393620013259351"},"directories":{}},"2.4.0":{"name":"gauge","version":"2.4.0","description":"A terminal based horizontal guage","main":"index.js","scripts":{"test":"standard && tap test/*.js --coverage"},"repository":{"type":"git","url":"git+https://github.com/iarna/gauge.git"},"keywords":["progressbar","progress","gauge"],"author":{"name":"Rebecca Turner","email":"me@re-becca.org"},"license":"ISC","bugs":{"url":"https://github.com/iarna/gauge/issues"},"homepage":"https://github.com/iarna/gauge","dependencies":{"aproba":"^1.0.1","has-color":"^0.1.7","has-unicode":"^2.0.0","object-assign":"^4.0.1","signal-exit":"^2.1.2","string-width":"^1.0.1","strip-ansi":"^3.0.0","wide-align":"^1.1.0"},"devDependencies":{"require-inject":"^1.3.1","standard":"^6.0.7","tap":"^5.6.0","through2":"^2.0.0"},"gitHead":"a41baad97a7a18ed466181b75a161bd8cc21ad03","_id":"gauge@2.4.0","_shasum":"7168bc137cde159bff7b1ba18c159f8aed71f3ef","_from":".","_npmVersion":"3.9.0","_nodeVersion":"6.0.0","_npmUser":{"name":"iarna","email":"me@re-becca.org"},"dist":{"shasum":"7168bc137cde159bff7b1ba18c159f8aed71f3ef","tarball":"https://registry.npmjs.org/gauge/-/gauge-2.4.0.tgz"},"maintainers":[{"name":"iarna","email":"me@re-becca.org"}],"_npmOperationalInternal":{"host":"packages-16-east.internal.npmjs.com","tmp":"tmp/gauge-2.4.0.tgz_1462843434229_0.022514664102345705"},"directories":{}},"2.5.0":{"name":"gauge","version":"2.5.0","description":"A terminal based horizontal guage","main":"index.js","scripts":{"test":"standard && tap test/*.js --coverage"},"repository":{"type":"git","url":"git+https://github.com/iarna/gauge.git"},"keywords":["progressbar","progress","gauge"],"author":{"name":"Rebecca Turner","email":"me@re-becca.org"},"license":"ISC","bugs":{"url":"https://github.com/iarna/gauge/issues"},"homepage":"https://github.com/iarna/gauge","dependencies":{"aproba":"^1.0.1","has-color":"^0.1.7","has-unicode":"^2.0.0","object-assign":"^4.0.1","signal-exit":"^2.1.2","string-width":"^1.0.1","strip-ansi":"^3.0.0","wide-align":"^1.1.0"},"devDependencies":{"require-inject":"^1.3.1","standard":"^6.0.7","tap":"^5.6.0","through2":"^2.0.0"},"files":["base-theme.js","CHANGELOG.md","console-strings.js","error.js","has-color.js","index.js","LICENSE","package.json","plumbing.js","process.js","progress-bar.js","README.md","render-template.js","set-immediate.js","set-interval.js","spin.js","template-item.js","theme-set.js","themes.js","wide-truncate.js"],"gitHead":"dfc7361d1790b2fc9541e59a00dba35819e7d5b8","_id":"gauge@2.5.0","_shasum":"15094f34e20bfce7b3e6ff439818e28027aa2440","_from":".","_npmVersion":"3.9.2","_nodeVersion":"4.4.0","_npmUser":{"name":"iarna","email":"me@re-becca.org"},"dist":{"shasum":"15094f34e20bfce7b3e6ff439818e28027aa2440","tarball":"https://registry.npmjs.org/gauge/-/gauge-2.5.0.tgz"},"maintainers":[{"name":"iarna","email":"me@re-becca.org"}],"_npmOperationalInternal":{"host":"packages-12-west.internal.npmjs.com","tmp":"tmp/gauge-2.5.0.tgz_1465259770241_0.06730274180881679"},"directories":{}},"2.5.1":{"name":"gauge","version":"2.5.1","description":"A terminal based horizontal guage","main":"index.js","scripts":{"test":"standard && tap test/*.js --coverage"},"repository":{"type":"git","url":"git+https://github.com/iarna/gauge.git"},"keywords":["progressbar","progress","gauge"],"author":{"name":"Rebecca Turner","email":"me@re-becca.org"},"license":"ISC","bugs":{"url":"https://github.com/iarna/gauge/issues"},"homepage":"https://github.com/iarna/gauge","dependencies":{"aproba":"^1.0.3","has-color":"^0.1.7","has-unicode":"^2.0.0","object-assign":"^4.1.0","signal-exit":"^3.0.0","string-width":"^1.0.1","strip-ansi":"^3.0.1","wide-align":"^1.1.0"},"devDependencies":{"readable-stream":"^2.0.6","require-inject":"^1.4.0","standard":"^7.1.2","tap":"^5.7.2","through2":"^2.0.0"},"files":["base-theme.js","CHANGELOG.md","console-strings.js","error.js","has-color.js","index.js","LICENSE","package.json","plumbing.js","process.js","progress-bar.js","README.md","render-template.js","set-immediate.js","set-interval.js","spin.js","template-item.js","theme-set.js","themes.js","wide-truncate.js"],"gitHead":"685b999af82e3ab04a2db56d11425cb9e41e730c","_id":"gauge@2.5.1","_shasum":"ae35da37184411472a38e0fb7b1b3697c9323240","_from":".","_npmVersion":"3.9.6","_nodeVersion":"6.0.0","_npmUser":{"name":"iarna","email":"me@re-becca.org"},"dist":{"shasum":"ae35da37184411472a38e0fb7b1b3697c9323240","tarball":"https://registry.npmjs.org/gauge/-/gauge-2.5.1.tgz"},"maintainers":[{"name":"iarna","email":"me@re-becca.org"}],"_npmOperationalInternal":{"host":"packages-12-west.internal.npmjs.com","tmp":"tmp/gauge-2.5.1.tgz_1465858229208_0.20211401558481157"},"directories":{}},"2.5.2":{"name":"gauge","version":"2.5.2","description":"A terminal based horizontal guage","main":"index.js","scripts":{"test":"standard && tap test/*.js --coverage"},"repository":{"type":"git","url":"git+https://github.com/iarna/gauge.git"},"keywords":["progressbar","progress","gauge"],"author":{"name":"Rebecca Turner","email":"me@re-becca.org"},"license":"ISC","bugs":{"url":"https://github.com/iarna/gauge/issues"},"homepage":"https://github.com/iarna/gauge","dependencies":{"aproba":"^1.0.3","console-control-strings":"^1.0.0","has-color":"^0.1.7","has-unicode":"^2.0.0","object-assign":"^4.1.0","signal-exit":"^3.0.0","string-width":"^1.0.1","strip-ansi":"^3.0.1","wide-align":"^1.1.0"},"devDependencies":{"readable-stream":"^2.0.6","require-inject":"^1.4.0","standard":"^7.1.2","tap":"^5.7.2","through2":"^2.0.0"},"files":["base-theme.js","CHANGELOG.md","error.js","has-color.js","index.js","LICENSE","package.json","plumbing.js","process.js","progress-bar.js","README.md","render-template.js","set-immediate.js","set-interval.js","spin.js","template-item.js","theme-set.js","themes.js","wide-truncate.js"],"gitHead":"334b8b22752e64b72cb6a10b44e06b95942b3aad","_id":"gauge@2.5.2","_shasum":"9c870371cdbbd6985cb1198e421e2c6790e1a383","_from":".","_npmVersion":"3.9.2","_nodeVersion":"4.4.0","_npmUser":{"name":"iarna","email":"me@re-becca.org"},"dist":{"shasum":"9c870371cdbbd6985cb1198e421e2c6790e1a383","tarball":"https://registry.npmjs.org/gauge/-/gauge-2.5.2.tgz"},"maintainers":[{"name":"iarna","email":"me@re-becca.org"}],"_npmOperationalInternal":{"host":"packages-16-east.internal.npmjs.com","tmp":"tmp/gauge-2.5.2.tgz_1466026091552_0.03216121275909245"},"directories":{}},"2.5.3":{"name":"gauge","version":"2.5.3","description":"A terminal based horizontal guage","main":"index.js","scripts":{"test":"standard && tap test/*.js --coverage"},"repository":{"type":"git","url":"git+https://github.com/iarna/gauge.git"},"keywords":["progressbar","progress","gauge"],"author":{"name":"Rebecca Turner","email":"me@re-becca.org"},"license":"ISC","bugs":{"url":"https://github.com/iarna/gauge/issues"},"homepage":"https://github.com/iarna/gauge","dependencies":{"aproba":"^1.0.3","console-control-strings":"^1.0.0","has-color":"^0.1.7","has-unicode":"^2.0.0","object-assign":"^4.1.0","signal-exit":"^3.0.0","string-width":"^1.0.1","strip-ansi":"^3.0.1","wide-align":"^1.1.0"},"devDependencies":{"readable-stream":"^2.0.6","require-inject":"^1.4.0","standard":"^7.1.2","tap":"^5.7.2","through2":"^2.0.0"},"files":["base-theme.js","CHANGELOG.md","error.js","has-color.js","index.js","LICENSE","package.json","plumbing.js","process.js","progress-bar.js","README.md","render-template.js","set-immediate.js","set-interval.js","spin.js","template-item.js","theme-set.js","themes.js","wide-truncate.js"],"gitHead":"819308b1a8cad4e65a6c1c3f7fe8925e6902e3ba","_id":"gauge@2.5.3","_shasum":"ce08f4d442a7f94e817835721af5e8d0fb3ae9e3","_from":".","_npmVersion":"3.9.2","_nodeVersion":"4.4.0","_npmUser":{"name":"iarna","email":"me@re-becca.org"},"dist":{"shasum":"ce08f4d442a7f94e817835721af5e8d0fb3ae9e3","tarball":"https://registry.npmjs.org/gauge/-/gauge-2.5.3.tgz"},"maintainers":[{"name":"iarna","email":"me@re-becca.org"}],"_npmOperationalInternal":{"host":"packages-16-east.internal.npmjs.com","tmp":"tmp/gauge-2.5.3.tgz_1466050754940_0.47893059928901494"},"directories":{}},"2.6.0":{"name":"gauge","version":"2.6.0","description":"A terminal based horizontal guage","main":"index.js","scripts":{"test":"standard && tap test/*.js --coverage"},"repository":{"type":"git","url":"git+https://github.com/iarna/gauge.git"},"keywords":["progressbar","progress","gauge"],"author":{"name":"Rebecca Turner","email":"me@re-becca.org"},"license":"ISC","bugs":{"url":"https://github.com/iarna/gauge/issues"},"homepage":"https://github.com/iarna/gauge","dependencies":{"aproba":"^1.0.3","console-control-strings":"^1.0.0","has-color":"^0.1.7","has-unicode":"^2.0.0","object-assign":"^4.1.0","signal-exit":"^3.0.0","string-width":"^1.0.1","strip-ansi":"^3.0.1","wide-align":"^1.1.0"},"devDependencies":{"readable-stream":"^2.0.6","require-inject":"^1.4.0","standard":"^7.1.2","tap":"^5.7.2","through2":"^2.0.0"},"files":["base-theme.js","CHANGELOG.md","error.js","has-color.js","index.js","LICENSE","package.json","plumbing.js","process.js","progress-bar.js","README.md","render-template.js","set-immediate.js","set-interval.js","spin.js","template-item.js","theme-set.js","themes.js","wide-truncate.js"],"gitHead":"d51040a71c269432c16cc542143f403a831630e6","_id":"gauge@2.6.0","_shasum":"d35301ad18e96902b4751dcbbe40f4218b942a46","_from":".","_npmVersion":"3.9.2","_nodeVersion":"4.4.0","_npmUser":{"name":"iarna","email":"me@re-becca.org"},"dist":{"shasum":"d35301ad18e96902b4751dcbbe40f4218b942a46","tarball":"https://registry.npmjs.org/gauge/-/gauge-2.6.0.tgz"},"maintainers":[{"name":"iarna","email":"me@re-becca.org"}],"_npmOperationalInternal":{"host":"packages-12-west.internal.npmjs.com","tmp":"tmp/gauge-2.6.0.tgz_1466067371972_0.20705468393862247"},"directories":{}},"2.7.0":{"name":"gauge","version":"2.7.0","description":"A terminal based horizontal guage","main":"index.js","scripts":{"test":"standard && tap test/*.js --coverage","prepublish":"rm -f *~"},"repository":{"type":"git","url":"git+https://github.com/iarna/gauge.git"},"keywords":["progressbar","progress","gauge"],"author":{"name":"Rebecca Turner","email":"me@re-becca.org"},"license":"ISC","bugs":{"url":"https://github.com/iarna/gauge/issues"},"homepage":"https://github.com/iarna/gauge","dependencies":{"aproba":"^1.0.3","console-control-strings":"^1.0.0","has-color":"^0.1.7","has-unicode":"^2.0.0","object-assign":"^4.1.0","signal-exit":"^3.0.0","string-width":"^1.0.1","strip-ansi":"^3.0.1","wide-align":"^1.1.0"},"devDependencies":{"readable-stream":"^2.0.6","require-inject":"^1.4.0","standard":"^7.1.2","tap":"^5.7.2","through2":"^2.0.0"},"files":["base-theme.js","CHANGELOG.md","error.js","has-color.js","index.js","LICENSE","package.json","plumbing.js","process.js","progress-bar.js","README.md","render-template.js","set-immediate.js","set-interval.js","spin.js","template-item.js","theme-set.js","themes.js","wide-truncate.js"],"gitHead":"582c8ef66aec3e8f5f0bca06cece42da6e871eb1","_id":"gauge@2.7.0","_shasum":"b304f53cc868ea235067ed4b2b0616dd191ee531","_from":".","_npmVersion":"4.0.0","_nodeVersion":"6.9.1","_npmUser":{"name":"iarna","email":"me@re-becca.org"},"dist":{"shasum":"b304f53cc868ea235067ed4b2b0616dd191ee531","tarball":"https://registry.npmjs.org/gauge/-/gauge-2.7.0.tgz"},"maintainers":[{"name":"iarna","email":"me@re-becca.org"}],"_npmOperationalInternal":{"host":"packages-12-west.internal.npmjs.com","tmp":"tmp/gauge-2.7.0.tgz_1478208903566_0.7889880251605064"},"directories":{}},"2.7.1":{"name":"gauge","version":"2.7.1","description":"A terminal based horizontal guage","main":"index.js","scripts":{"test":"standard && tap test/*.js --coverage","prepublish":"rm -f *~"},"repository":{"type":"git","url":"git+https://github.com/iarna/gauge.git"},"keywords":["progressbar","progress","gauge"],"author":{"name":"Rebecca Turner","email":"me@re-becca.org"},"license":"ISC","bugs":{"url":"https://github.com/iarna/gauge/issues"},"homepage":"https://github.com/iarna/gauge","dependencies":{"aproba":"^1.0.3","console-control-strings":"^1.0.0","has-color":"^0.1.7","has-unicode":"^2.0.0","object-assign":"^4.1.0","signal-exit":"^3.0.0","string-width":"^1.0.1","strip-ansi":"^3.0.1","wide-align":"^1.1.0"},"devDependencies":{"readable-stream":"^2.0.6","require-inject":"^1.4.0","standard":"^7.1.2","tap":"^5.7.2","through2":"^2.0.0"},"files":["base-theme.js","CHANGELOG.md","error.js","has-color.js","index.js","LICENSE","package.json","plumbing.js","process.js","progress-bar.js","README.md","render-template.js","set-immediate.js","set-interval.js","spin.js","template-item.js","theme-set.js","themes.js","wide-truncate.js"],"gitHead":"d7ac37af0a44af2315656fb73f76f6bca03d084e","_id":"gauge@2.7.1","_shasum":"388473894fe8be5e13ffcdb8b93e4ed0616428c7","_from":".","_npmVersion":"4.0.0","_nodeVersion":"6.9.1","_npmUser":{"name":"iarna","email":"me@re-becca.org"},"dist":{"shasum":"388473894fe8be5e13ffcdb8b93e4ed0616428c7","tarball":"https://registry.npmjs.org/gauge/-/gauge-2.7.1.tgz"},"maintainers":[{"name":"iarna","email":"me@re-becca.org"}],"_npmOperationalInternal":{"host":"packages-18-east.internal.npmjs.com","tmp":"tmp/gauge-2.7.1.tgz_1478210591065_0.5937802786938846"},"directories":{}},"2.7.2":{"name":"gauge","version":"2.7.2","description":"A terminal based horizontal guage","main":"index.js","scripts":{"test":"standard && tap test/*.js --coverage","prepublish":"rm -f *~"},"repository":{"type":"git","url":"git+https://github.com/iarna/gauge.git"},"keywords":["progressbar","progress","gauge"],"author":{"name":"Rebecca Turner","email":"me@re-becca.org"},"license":"ISC","bugs":{"url":"https://github.com/iarna/gauge/issues"},"homepage":"https://github.com/iarna/gauge","dependencies":{"aproba":"^1.0.3","console-control-strings":"^1.0.0","supports-color":"^0.2.0","has-unicode":"^2.0.0","object-assign":"^4.1.0","signal-exit":"^3.0.0","string-width":"^1.0.1","strip-ansi":"^3.0.1","wide-align":"^1.1.0"},"devDependencies":{"readable-stream":"^2.0.6","require-inject":"^1.4.0","standard":"^7.1.2","tap":"^5.7.2","through2":"^2.0.0"},"files":["base-theme.js","CHANGELOG.md","error.js","has-color.js","index.js","LICENSE","package.json","plumbing.js","process.js","progress-bar.js","README.md","render-template.js","set-immediate.js","set-interval.js","spin.js","template-item.js","theme-set.js","themes.js","wide-truncate.js"],"gitHead":"6971e27a577d165cde360ebed86a59dfc18ac55b","_id":"gauge@2.7.2","_shasum":"15cecc31b02d05345a5d6b0e171cdb3ad2307774","_from":".","_npmVersion":"4.0.5","_nodeVersion":"6.9.1","_npmUser":{"name":"iarna","email":"me@re-becca.org"},"dist":{"shasum":"15cecc31b02d05345a5d6b0e171cdb3ad2307774","tarball":"https://registry.npmjs.org/gauge/-/gauge-2.7.2.tgz"},"maintainers":[{"name":"iarna","email":"me@re-becca.org"}],"_npmOperationalInternal":{"host":"packages-12-west.internal.npmjs.com","tmp":"tmp/gauge-2.7.2.tgz_1480851024801_0.17901206784881651"},"directories":{}},"2.7.3":{"name":"gauge","version":"2.7.3","description":"A terminal based horizontal guage","main":"index.js","scripts":{"test":"standard && tap test/*.js --coverage","prepublish":"rm -f *~"},"repository":{"type":"git","url":"git+https://github.com/iarna/gauge.git"},"keywords":["progressbar","progress","gauge"],"author":{"name":"Rebecca Turner","email":"me@re-becca.org"},"license":"ISC","bugs":{"url":"https://github.com/iarna/gauge/issues"},"homepage":"https://github.com/iarna/gauge","dependencies":{"aproba":"^1.0.3","console-control-strings":"^1.0.0","has-unicode":"^2.0.0","object-assign":"^4.1.0","signal-exit":"^3.0.0","string-width":"^1.0.1","strip-ansi":"^3.0.1","wide-align":"^1.1.0"},"devDependencies":{"readable-stream":"^2.0.6","require-inject":"^1.4.0","standard":"^7.1.2","tap":"^5.7.2","through2":"^2.0.0"},"files":["base-theme.js","CHANGELOG.md","error.js","has-color.js","index.js","LICENSE","package.json","plumbing.js","process.js","progress-bar.js","README.md","render-template.js","set-immediate.js","set-interval.js","spin.js","template-item.js","theme-set.js","themes.js","wide-truncate.js"],"gitHead":"2defcdb50c243c92d21f0fd39c4b06bd48bcfdf3","_id":"gauge@2.7.3","_shasum":"1c23855f962f17b3ad3d0dc7443f304542edfe09","_from":".","_npmVersion":"4.2.0","_nodeVersion":"4.6.1","_npmUser":{"name":"iarna","email":"me@re-becca.org"},"dist":{"shasum":"1c23855f962f17b3ad3d0dc7443f304542edfe09","tarball":"https://registry.npmjs.org/gauge/-/gauge-2.7.3.tgz"},"maintainers":[{"name":"iarna","email":"me@re-becca.org"}],"_npmOperationalInternal":{"host":"packages-18-east.internal.npmjs.com","tmp":"tmp/gauge-2.7.3.tgz_1486515229637_0.61380137456581"},"directories":{}},"2.7.4":{"name":"gauge","version":"2.7.4","description":"A terminal based horizontal guage","main":"index.js","scripts":{"test":"standard && tap test/*.js --coverage","prepublish":"rm -f *~"},"repository":{"type":"git","url":"git+https://github.com/iarna/gauge.git"},"keywords":["progressbar","progress","gauge"],"author":{"name":"Rebecca Turner","email":"me@re-becca.org"},"license":"ISC","bugs":{"url":"https://github.com/iarna/gauge/issues"},"homepage":"https://github.com/iarna/gauge","dependencies":{"aproba":"^1.0.3","console-control-strings":"^1.0.0","has-unicode":"^2.0.0","object-assign":"^4.1.0","signal-exit":"^3.0.0","string-width":"^1.0.1","strip-ansi":"^3.0.1","wide-align":"^1.1.0"},"devDependencies":{"readable-stream":"^2.0.6","require-inject":"^1.4.0","standard":"^7.1.2","tap":"^5.7.2","through2":"^2.0.0"},"files":["base-theme.js","CHANGELOG.md","error.js","has-color.js","index.js","LICENSE","package.json","plumbing.js","process.js","progress-bar.js","README.md","render-template.js","set-immediate.js","set-interval.js","spin.js","template-item.js","theme-set.js","themes.js","wide-truncate.js"],"gitHead":"1011abf6c2cb7ae89a3ee76fb447d3182d4e8d3a","_id":"gauge@2.7.4","_npmVersion":"4.5.0","_nodeVersion":"7.7.4","_npmUser":{"name":"iarna","email":"me@re-becca.org"},"dist":{"shasum":"2c03405c7538c39d7eb37b317022e325fb018bf7","tarball":"https://registry.npmjs.org/gauge/-/gauge-2.7.4.tgz"},"maintainers":[{"name":"iarna","email":"me@re-becca.org"}],"_npmOperationalInternal":{"host":"packages-18-east.internal.npmjs.com","tmp":"tmp/gauge-2.7.4.tgz_1492815975490_0.4050216095056385"},"directories":{}}},"readme":"gauge\n=====\n\nA nearly stateless terminal based horizontal gauge / progress bar.\n\n```javascript\nvar Gauge = require(\"gauge\")\n\nvar gauge = new Gauge()\n\ngauge.show(\"test\", 0.20)\n\ngauge.pulse(\"this\")\n\ngauge.hide()\n```\n\n![](gauge-demo.gif)\n\n\n### CHANGES FROM 1.x\n\nGauge 2.x is breaking release, please see the [changelog] for details on\nwhat's changed if you were previously a user of this module.\n\n[changelog]: CHANGELOG.md\n\n### THE GAUGE CLASS\n\nThis is the typical interface to the module– it provides a pretty\nfire-and-forget interface to displaying your status information.\n\n```\nvar Gauge = require(\"gauge\")\n\nvar gauge = new Gauge([stream], [options])\n```\n\n* **stream** – *(optional, default STDERR)* A stream that progress bar\n  updates are to be written to.  Gauge honors backpressure and will pause\n  most writing if it is indicated.\n* **options** – *(optional)* An option object.\n\nConstructs a new gauge. Gauges are drawn on a single line, and are not drawn\nif **stream** isn't a tty and a tty isn't explicitly provided.\n\nIf **stream** is a terminal or if you pass in **tty** to **options** then we\nwill detect terminal resizes and redraw to fit.  We do this by watching for\n`resize` events on the tty.  (To work around a bug in verisons of Node prior\nto 2.5.0, we watch for them on stdout if the tty is stderr.) Resizes to\nlarger window sizes will be clean, but shrinking the window will always\nresult in some cruft.\n\n**IMPORTANT:** If you prevously were passing in a non-tty stream but you still\nwant output (for example, a stream wrapped by the `ansi` module) then you\nneed to pass in the **tty** option below, as `gauge` needs access to\nthe underlying tty in order to do things like terminal resizes and terminal\nwidth detection.\n\nThe **options** object can have the following properties, all of which are\noptional:\n\n* **updateInterval**: How often gauge updates should be drawn, in miliseconds.\n* **fixedFramerate**: Defaults to false on node 0.8, true on everything\n  else.  When this is true a timer is created to trigger once every\n  `updateInterval` ms, when false, updates are printed as soon as they come\n  in but updates more often than `updateInterval` are ignored.  The reason\n  0.8 doesn't have this set to true is that it can't `unref` its timer and\n  so it would stop your program from exiting– if you want to use this\n  feature with 0.8 just make sure you call `gauge.disable()` before you\n  expect your program to exit.\n* **themes**: A themeset to use when selecting the theme to use. Defaults\n  to `gauge/themes`, see the [themes] documentation for details.\n* **theme**: Select a theme for use, it can be a:\n  * Theme object, in which case the **themes** is not used.\n  * The name of a theme, which will be looked up in the current *themes*\n    object.\n  * A configuration object with any of `hasUnicode`, `hasColor` or\n    `platform` keys, which if wlll be used to override our guesses when making\n    a default theme selection.\n\n  If no theme is selected then a default is picked using a combination of our\n  best guesses at your OS, color support and unicode support.\n* **template**: Describes what you want your gauge to look like.  The\n  default is what npm uses.  Detailed [documentation] is later in this\n  document.\n* **hideCursor**: Defaults to true.  If true, then the cursor will be hidden\n  while the gauge is displayed.\n* **tty**: The tty that you're ultimately writing to.  Defaults to the same\n  as **stream**.  This is used for detecting the width of the terminal and\n  resizes. The width used is `tty.columns - 1`. If no tty is available then\n  a width of `79` is assumed.\n* **enabled**: Defaults to true if `tty` is a TTY, false otherwise.  If true\n  the gauge starts enabled.  If disabled then all update commands are\n  ignored and no gauge will be printed until you call `.enable()`.\n* **Plumbing**: The class to use to actually generate the gauge for\n  printing.  This defaults to `require('gauge/plumbing')` and ordinarly you\n  shouldn't need to override this.\n* **cleanupOnExit**: Defaults to true. Ordinarily we register an exit\n  handler to make sure your cursor is turned back on and the progress bar\n  erased when your process exits, even if you Ctrl-C out or otherwise exit\n  unexpectedly. You can disable this and it won't register the exit handler.\n\n[has-unicode]: https://www.npmjs.com/package/has-unicode\n[themes]: #themes\n[documentation]: #templates\n\n#### `gauge.show(section | status, [completed])`\n\nThe first argument is either the section, the name of the current thing\ncontributing to progress, or an object with keys like **section**,\n**subsection** & **completed** (or any others you have types for in a custom\ntemplate).  If you don't want to update or set any of these you can pass\n`null` and it will be ignored.\n\nThe second argument is the percent completed as a value between 0 and 1.\nWithout it, completion is just not updated. You'll also note that completion\ncan be passed in as part of a status object as the first argument. If both\nit and the completed argument are passed in, the completed argument wins.\n\n#### `gauge.hide([cb])`\n\nRemoves the gauge from the terminal.  Optionally, callback `cb` after IO has\nhad an opportunity to happen (currently this just means after `setImmediate`\nhas called back.)\n\nIt turns out this is important when you're pausing the progress bar on one\nfilehandle and printing to another– otherwise (with a big enough print) node\ncan end up printing the \"end progress bar\" bits to the progress bar filehandle\nwhile other stuff is printing to another filehandle. These getting interleaved\ncan cause corruption in some terminals.\n\n#### `gauge.pulse([subsection])`\n\n* **subsection** – *(optional)* The specific thing that triggered this pulse\n\nSpins the spinner in the gauge to show output.  If **subsection** is\nincluded then it will be combined with the last name passed to `gauge.show`.\n\n#### `gauge.disable()`\n\nHides the gauge and ignores further calls to `show` or `pulse`.\n\n#### `gauge.enable()`\n\nShows the gauge and resumes updating when `show` or `pulse` is called.\n\n#### `gauge.isEnabled()`\n\nReturns true if the gauge is enabled.\n\n#### `gauge.setThemeset(themes)`\n\nChange the themeset to select a theme from. The same as the `themes` option\nused in the constructor. The theme will be reselected from this themeset.\n\n#### `gauge.setTheme(theme)`\n\nChange the active theme, will be displayed with the next show or pulse. This can be:\n\n* Theme object, in which case the **themes** is not used.\n* The name of a theme, which will be looked up in the current *themes*\n  object.\n* A configuration object with any of `hasUnicode`, `hasColor` or\n  `platform` keys, which if wlll be used to override our guesses when making\n  a default theme selection.\n\nIf no theme is selected then a default is picked using a combination of our\nbest guesses at your OS, color support and unicode support.\n\n#### `gauge.setTemplate(template)`\n\nChange the active template, will be displayed with the next show or pulse\n\n### Tracking Completion\n\nIf you have more than one thing going on that you want to track completion\nof, you may find the related [are-we-there-yet] helpful.  It's `change`\nevent can be wired up to the `show` method to get a more traditional\nprogress bar interface.\n\n[are-we-there-yet]: https://www.npmjs.com/package/are-we-there-yet\n\n### THEMES\n\n```\nvar themes = require('gauge/themes')\n\n// fetch the default color unicode theme for this platform\nvar ourTheme = themes({hasUnicode: true, hasColor: true})\n\n// fetch the default non-color unicode theme for osx\nvar ourTheme = themes({hasUnicode: true, hasColor: false, platform: 'darwin'})\n\n// create a new theme based on the color ascii theme for this platform\n// that brackets the progress bar with arrows\nvar ourTheme = themes.newTheme(theme(hasUnicode: false, hasColor: true}), {\n  preProgressbar: '→',\n  postProgressbar: '←'\n})\n```\n\nThe object returned by `gauge/themes` is an instance of the `ThemeSet` class.\n\n```\nvar ThemeSet = require('gauge/theme-set')\nvar themes = new ThemeSet()\n// or\nvar themes = require('gauge/themes')\nvar mythemes = themes.newThemeset() // creates a new themeset based on the default themes\n```\n\n#### themes(opts)\n#### themes.getDefault(opts)\n\nTheme objects are a function that fetches the default theme based on\nplatform, unicode and color support.\n\nOptions is an object with the following properties:\n\n* **hasUnicode** - If true, fetch a unicode theme, if no unicode theme is\n  available then a non-unicode theme will be used.\n* **hasColor** - If true, fetch a color theme, if no color theme is\n  available a non-color theme will be used.\n* **platform** (optional) - Defaults to `process.platform`.  If no\n  platform match is available then `fallback` is used instead.\n\nIf no compatible theme can be found then an error will be thrown with a\n`code` of `EMISSINGTHEME`.\n\n#### themes.addTheme(themeName, themeObj)\n#### themes.addTheme(themeName, [parentTheme], newTheme)\n\nAdds a named theme to the themeset.  You can pass in either a theme object,\nas returned by `themes.newTheme` or the arguments you'd pass to\n`themes.newTheme`.\n\n#### themes.getThemeNames()\n\nReturn a list of all of the names of the themes in this themeset. Suitable\nfor use in `themes.getTheme(…)`.\n\n#### themes.getTheme(name)\n\nReturns the theme object from this theme set named `name`.\n\nIf `name` does not exist in this themeset an error will be thrown with\na `code` of `EMISSINGTHEME`.\n\n#### themes.setDefault([opts], themeName)\n\n`opts` is an object with the following properties.\n\n* **platform** - Defaults to `'fallback'`.  If your theme is platform\n  specific, specify that here with the platform from `process.platform`, eg,\n  `win32`, `darwin`, etc.\n* **hasUnicode** - Defaults to `false`. If your theme uses unicode you\n  should set this to true.\n* **hasColor** - Defaults to `false`.  If your theme uses color you should\n  set this to true.\n\n`themeName` is the name of the theme (as given to `addTheme`) to use for\nthis set of `opts`.\n\n#### themes.newTheme([parentTheme,] newTheme)\n\nCreate a new theme object based on `parentTheme`.  If no `parentTheme` is\nprovided then a minimal parentTheme that defines functions for rendering the\nactivity indicator (spinner) and progress bar will be defined. (This\nfallback parent is defined in `gauge/base-theme`.)\n\nnewTheme should be a bare object– we'll start by discussing the properties\ndefined by the default themes:\n\n* **preProgressbar** - displayed prior to the progress bar, if the progress\n  bar is displayed.\n* **postProgressbar** - displayed after the progress bar, if the progress bar\n  is displayed.\n* **progressBarTheme** - The subtheme passed through to the progress bar\n  renderer, it's an object with `complete` and `remaining` properties\n  that are the strings you want repeated for those sections of the progress\n  bar.\n* **activityIndicatorTheme** - The theme for the activity indicator (spinner),\n  this can either be a string, in which each character is a different step, or\n  an array of strings.\n* **preSubsection** - Displayed as a separator between the `section` and\n  `subsection` when the latter is printed.\n\nMore generally, themes can have any value that would be a valid value when rendering\ntemplates. The properties in the theme are used when their name matches a type in\nthe template. Their values can be:\n\n* **strings & numbers** - They'll be included as is\n* **function (values, theme, width)** - Should return what you want in your output.\n  *values* is an object with values provided via `gauge.show`,\n  *theme* is the theme specific to this item (see below) or this theme object,\n  and *width* is the number of characters wide your result should be.\n\nThere are a couple of special prefixes:\n\n* **pre** - Is shown prior to the property, if its displayed.\n* **post** - Is shown after the property, if its displayed.\n\nAnd one special suffix:\n\n* **Theme** - Its value is passed to a function-type item as the theme.\n\n#### themes.addToAllThemes(theme)\n\nThis *mixes-in* `theme` into all themes currently defined. It also adds it\nto the default parent theme for this themeset, so future themes added to\nthis themeset will get the values from `theme` by default.\n\n#### themes.newThemeset()\n\nCopy the current themeset into a new one.  This allows you to easily inherit\none themeset from another.\n\n### TEMPLATES\n\nA template is an array of objects and strings that, after being evaluated,\nwill be turned into the gauge line.  The default template is:\n\n```javascript\n[\n    {type: 'progressbar', length: 20},\n    {type: 'activityIndicator', kerning: 1, length: 1},\n    {type: 'section', kerning: 1, default: ''},\n    {type: 'subsection', kerning: 1, default: ''}\n]\n```\n\nThe various template elements can either be **plain strings**, in which case they will\nbe be included verbatum in the output, or objects with the following properties:\n\n* *type* can be any of the following plus any keys you pass into `gauge.show` plus\n  any keys you have on a custom theme.\n  * `section` – What big thing you're working on now.\n  * `subsection` – What component of that thing is currently working.\n  * `activityIndicator` – Shows a spinner using the `activityIndicatorTheme`\n    from your active theme.\n  * `progressbar` – A progress bar representing your current `completed`\n    using the `progressbarTheme` from your active theme.\n* *kerning* – Number of spaces that must be between this item and other\n  items, if this item is displayed at all.\n* *maxLength* – The maximum length for this element. If its value is longer it\n  will be truncated.\n* *minLength* – The minimum length for this element. If its value is shorter it\n  will be padded according to the *align* value.\n* *align* – (Default: left) Possible values \"left\", \"right\" and \"center\". Works\n  as you'd expect from word processors.\n* *length* – Provides a single value for both *minLength* and *maxLength*. If both\n  *length* and *minLength or *maxLength* are specifed then the latter take precedence.\n* *value* – A literal value to use for this template item.\n* *default* – A default value to use for this template item if a value\n  wasn't otherwise passed in.\n\n### PLUMBING\n\nThis is the super simple, assume nothing, do no magic internals used by gauge to\nimplement its ordinary interface.\n\n```\nvar Plumbing = require('gauge/plumbing')\nvar gauge = new Plumbing(theme, template, width)\n```\n\n* **theme**: The theme to use.\n* **template**: The template to use.\n* **width**: How wide your gauge should be\n\n#### `gauge.setTheme(theme)`\n\nChange the active theme.\n\n#### `gauge.setTemplate(template)`\n\nChange the active template.\n\n#### `gauge.setWidth(width)`\n\nChange the width to render at.\n\n#### `gauge.hide()`\n\nReturn the string necessary to hide the progress bar\n\n#### `gauge.hideCursor()`\n\nReturn a string to hide the cursor.\n\n#### `gauge.showCursor()`\n\nReturn a string to show the cursor.\n\n#### `gauge.show(status)`\n\nUsing `status` for values, render the provided template with the theme and return\na string that is suitable for printing to update the gauge.\n","maintainers":[{"name":"iarna","email":"me@re-becca.org"}],"time":{"modified":"2017-05-19T21:04:33.202Z","created":"2015-01-05T08:44:24.415Z","1.0.0":"2015-01-05T08:44:24.415Z","1.0.1":"2015-01-05T22:59:23.490Z","1.0.2":"2015-01-07T17:06:20.846Z","1.1.0":"2015-01-29T21:14:00.911Z","1.2.0":"2015-02-28T23:00:19.506Z","1.2.1":"2015-07-07T20:41:59.706Z","1.2.2":"2015-07-08T02:10:06.936Z","1.2.3":"2016-01-12T22:05:24.139Z","1.2.4":"2016-01-13T01:16:59.137Z","1.2.5":"2016-01-26T22:34:06.607Z","1.2.6":"2016-02-18T22:03:32.492Z","1.2.7":"2016-02-18T22:43:31.980Z","2.0.0":"2016-02-21T01:14:51.530Z","2.1.0":"2016-03-01T23:13:11.660Z","2.2.0":"2016-03-15T22:50:45.443Z","2.2.1":"2016-03-15T22:53:29.707Z","2.3.0":"2016-04-29T01:52:20.907Z","2.3.1":"2016-04-29T02:03:06.045Z","2.4.0":"2016-05-10T01:23:55.461Z","2.5.0":"2016-06-07T00:36:10.716Z","2.5.1":"2016-06-13T22:50:29.778Z","2.5.2":"2016-06-15T21:28:13.668Z","2.5.3":"2016-06-16T04:19:17.086Z","2.6.0":"2016-06-16T08:56:12.377Z","2.7.0":"2016-11-03T21:35:03.796Z","2.7.1":"2016-11-03T22:03:12.902Z","2.7.2":"2016-12-04T11:30:25.029Z","2.7.3":"2017-02-08T00:53:51.651Z","2.7.4":"2017-04-21T23:06:17.925Z"},"homepage":"https://github.com/iarna/gauge","keywords":["progressbar","progress","gauge"],"repository":{"type":"git","url":"git+https://github.com/iarna/gauge.git"},"author":{"name":"Rebecca Turner","email":"me@re-becca.org"},"bugs":{"url":"https://github.com/iarna/gauge/issues"},"license":"ISC","readmeFilename":"README.md","users":{"monolithed":true,"wenbing":true,"entropy-lion":true,"byoigres":true,"iarna":true,"boneskull":true,"jrop":true,"scytalezero":true,"django_wong":true},"_attachments":{},"_etag":"W/\"591f5de1-db67\"","_lastModified":"Fri, 19 May 2017 21:04:33 GMT","_cached":true}