{"_id":"abbrev","_rev":"3038550","name":"abbrev","description":"Like ruby's abbrev module, but in js","dist-tags":{"latest":"1.1.0"},"maintainers":[{"name":"isaacs","email":"i@izs.me"}],"time":{"modified":"2017-03-27T19:58:00.000Z","created":"2011-03-21T22:21:11.183Z","1.1.0":"2017-02-14T06:33:20.235Z","1.0.9":"2016-06-15T18:41:01.215Z","1.0.7":"2015-05-30T22:57:54.685Z","1.0.6":"2015-05-21T00:58:16.778Z","1.0.5":"2014-04-17T20:09:12.523Z","1.0.4":"2013-01-09T00:01:24.135Z","1.0.3":"2011-03-21T22:21:11.183Z"},"users":{"leesei":true,"ceejbot":true,"isaacs":true,"npm-www":true,"jamescostian":true,"tunnckocore":true,"ruanyu1":true,"leodutra":true,"jessaustin":true,"jian263994241":true,"floriannagel":true,"tdmalone":true,"ryanve":true,"detj":true},"author":{"name":"Isaac Z. Schlueter","email":"i@izs.me"},"repository":{"type":"git","url":"git+ssh://git@github.com/isaacs/abbrev-js.git"},"versions":{"1.1.0":{"name":"abbrev","version":"1.1.0","description":"Like ruby's abbrev module, but in js","author":{"name":"Isaac Z. Schlueter","email":"i@izs.me"},"main":"abbrev.js","scripts":{"test":"tap test.js --100","preversion":"npm test","postversion":"npm publish","postpublish":"git push origin --all; git push origin --tags"},"repository":{"type":"git","url":"git+ssh://git@github.com/isaacs/abbrev-js.git"},"license":"ISC","devDependencies":{"tap":"^10.1"},"files":["abbrev.js"],"gitHead":"7136d4d95449dc44115d4f78b80ec907724f64e0","bugs":{"url":"https://github.com/isaacs/abbrev-js/issues"},"homepage":"https://github.com/isaacs/abbrev-js#readme","_id":"abbrev@1.1.0","_shasum":"d0554c2256636e2f56e7c2e5ad183f859428d81f","_from":".","_npmVersion":"4.3.0","_nodeVersion":"8.0.0-pre","_npmUser":{"name":"isaacs","email":"i@izs.me"},"dist":{"shasum":"d0554c2256636e2f56e7c2e5ad183f859428d81f","size":1838,"noattachment":false,"tarball":"http://registry.npm.taobao.org/abbrev/download/abbrev-1.1.0.tgz"},"maintainers":[{"name":"isaacs","email":"i@izs.me"}],"_npmOperationalInternal":{"host":"packages-12-west.internal.npmjs.com","tmp":"tmp/abbrev-1.1.0.tgz_1487054000015_0.9229173036292195"},"directories":{},"publish_time":1487054000235,"_cnpm_publish_time":1487054000235,"_hasShrinkwrap":false},"1.0.9":{"name":"abbrev","version":"1.0.9","description":"Like ruby's abbrev module, but in js","author":{"name":"Isaac Z. Schlueter","email":"i@izs.me"},"main":"abbrev.js","scripts":{"test":"tap test.js --cov"},"repository":{"type":"git","url":"git+ssh://git@github.com/isaacs/abbrev-js.git"},"license":"ISC","devDependencies":{"tap":"^5.7.2"},"files":["abbrev.js"],"gitHead":"c386cd9dbb1d8d7581718c54d4ba944cc9298d6f","bugs":{"url":"https://github.com/isaacs/abbrev-js/issues"},"homepage":"https://github.com/isaacs/abbrev-js#readme","_id":"abbrev@1.0.9","_shasum":"91b4792588a7738c25f35dd6f63752a2f8776135","_from":".","_npmVersion":"3.9.1","_nodeVersion":"4.4.4","_npmUser":{"name":"isaacs","email":"i@izs.me"},"dist":{"shasum":"91b4792588a7738c25f35dd6f63752a2f8776135","size":1800,"noattachment":false,"tarball":"http://registry.npm.taobao.org/abbrev/download/abbrev-1.0.9.tgz"},"maintainers":[{"name":"isaacs","email":"i@izs.me"}],"_npmOperationalInternal":{"host":"packages-16-east.internal.npmjs.com","tmp":"tmp/abbrev-1.0.9.tgz_1466016055839_0.7825860097073019"},"directories":{},"publish_time":1466016061215,"_cnpm_publish_time":1466016061215,"_hasShrinkwrap":false},"1.0.7":{"name":"abbrev","version":"1.0.7","description":"Like ruby's abbrev module, but in js","author":{"name":"Isaac Z. Schlueter","email":"i@izs.me"},"main":"abbrev.js","scripts":{"test":"tap test.js --cov"},"repository":{"type":"git","url":"git+ssh://git@github.com/isaacs/abbrev-js.git"},"license":"ISC","devDependencies":{"tap":"^1.2.0"},"gitHead":"821d09ce7da33627f91bbd8ed631497ed6f760c2","bugs":{"url":"https://github.com/isaacs/abbrev-js/issues"},"homepage":"https://github.com/isaacs/abbrev-js#readme","_id":"abbrev@1.0.7","_shasum":"5b6035b2ee9d4fb5cf859f08a9be81b208491843","_from":".","_npmVersion":"2.10.1","_nodeVersion":"2.0.1","_npmUser":{"name":"isaacs","email":"isaacs@npmjs.com"},"dist":{"shasum":"5b6035b2ee9d4fb5cf859f08a9be81b208491843","size":2425,"noattachment":false,"tarball":"http://registry.npm.taobao.org/abbrev/download/abbrev-1.0.7.tgz"},"maintainers":[{"name":"isaacs","email":"i@izs.me"}],"directories":{},"publish_time":1433026674685,"_cnpm_publish_time":1433026674685,"_hasShrinkwrap":false},"1.0.6":{"name":"abbrev","version":"1.0.6","description":"Like ruby's abbrev module, but in js","author":{"name":"Isaac Z. Schlueter","email":"i@izs.me"},"main":"abbrev.js","scripts":{"test":"node test.js"},"repository":{"type":"git","url":"git+ssh://git@github.com/isaacs/abbrev-js.git"},"license":"ISC","gitHead":"648a6735d9c5a7a04885e3ada49eed4db36181c2","bugs":{"url":"https://github.com/isaacs/abbrev-js/issues"},"homepage":"https://github.com/isaacs/abbrev-js#readme","_id":"abbrev@1.0.6","_shasum":"b6d632b859b3fa2d6f7e4b195472461b9e32dc30","_from":".","_npmVersion":"2.10.0","_nodeVersion":"2.0.1","_npmUser":{"name":"isaacs","email":"isaacs@npmjs.com"},"dist":{"shasum":"b6d632b859b3fa2d6f7e4b195472461b9e32dc30","size":2256,"noattachment":false,"tarball":"http://registry.npm.taobao.org/abbrev/download/abbrev-1.0.6.tgz"},"maintainers":[{"name":"isaacs","email":"i@izs.me"}],"directories":{},"publish_time":1432169896778,"_cnpm_publish_time":1432169896778,"_hasShrinkwrap":false},"1.0.5":{"name":"abbrev","version":"1.0.5","description":"Like ruby's abbrev module, but in js","author":{"name":"Isaac Z. Schlueter","email":"i@izs.me"},"main":"abbrev.js","scripts":{"test":"node test.js"},"repository":{"type":"git","url":"http://github.com/isaacs/abbrev-js"},"license":{"type":"MIT","url":"https://github.com/isaacs/abbrev-js/raw/master/LICENSE"},"bugs":{"url":"https://github.com/isaacs/abbrev-js/issues"},"homepage":"https://github.com/isaacs/abbrev-js","_id":"abbrev@1.0.5","_shasum":"5d8257bd9ebe435e698b2fa431afde4fe7b10b03","_from":".","_npmVersion":"1.4.7","_npmUser":{"name":"isaacs","email":"i@izs.me"},"maintainers":[{"name":"isaacs","email":"i@izs.me"}],"dist":{"shasum":"5d8257bd9ebe435e698b2fa431afde4fe7b10b03","size":2465,"noattachment":false,"tarball":"http://registry.npm.taobao.org/abbrev/download/abbrev-1.0.5.tgz"},"directories":{},"publish_time":1397765352523,"_cnpm_publish_time":1397765352523,"_hasShrinkwrap":false},"1.0.4":{"name":"abbrev","version":"1.0.4","description":"Like ruby's abbrev module, but in js","author":{"name":"Isaac Z. Schlueter","email":"i@izs.me"},"main":"./lib/abbrev.js","scripts":{"test":"node lib/abbrev.js"},"repository":{"type":"git","url":"http://github.com/isaacs/abbrev-js"},"license":{"type":"MIT","url":"https://github.com/isaacs/abbrev-js/raw/master/LICENSE"},"_id":"abbrev@1.0.4","dist":{"shasum":"bd55ae5e413ba1722ee4caba1f6ea10414a59ecd","size":2295,"noattachment":false,"tarball":"http://registry.npm.taobao.org/abbrev/download/abbrev-1.0.4.tgz"},"_npmVersion":"1.1.70","_npmUser":{"name":"isaacs","email":"i@izs.me"},"maintainers":[{"name":"isaacs","email":"i@izs.me"}],"directories":{},"publish_time":1357689684135,"_hasShrinkwrap":false,"_cnpm_publish_time":1357689684135},"1.0.3":{"name":"abbrev","version":"1.0.3","description":"Like ruby's abbrev module, but in js","author":{"name":"Isaac Z. Schlueter","email":"i@izs.me"},"main":"./lib/abbrev.js","scripts":{"test":"node lib/abbrev.js"},"repository":{"type":"git","url":"git://github.com/isaacs/abbrev-js.git"},"_id":"abbrev@1.0.3","engines":{"node":"*"},"_engineSupported":true,"_npmVersion":"1.0.0rc7","_nodeVersion":"v0.5.0-pre","_defaultsLoaded":true,"dist":{"shasum":"aa049c967f999222aa42e14434f0c562ef468241","size":1526,"noattachment":false,"tarball":"http://registry.npm.taobao.org/abbrev/download/abbrev-1.0.3.tgz"},"directories":{},"publish_time":1300746071183,"maintainers":[{"name":"isaacs","email":"i@izs.me"}],"_hasShrinkwrap":false,"_cnpm_publish_time":1300746071183}},"readme":"# abbrev-js\n\nJust like [ruby's Abbrev](http://apidock.com/ruby/Abbrev).\n\nUsage:\n\n    var abbrev = require(\"abbrev\");\n    abbrev(\"foo\", \"fool\", \"folding\", \"flop\");\n    \n    // returns:\n    { fl: 'flop'\n    , flo: 'flop'\n    , flop: 'flop'\n    , fol: 'folding'\n    , fold: 'folding'\n    , foldi: 'folding'\n    , foldin: 'folding'\n    , folding: 'folding'\n    , foo: 'foo'\n    , fool: 'fool'\n    }\n\nThis is handy for command-line scripts, or other cases where you want to be able to accept shorthands.\n","_attachments":{},"homepage":"https://github.com/isaacs/abbrev-js#readme","bugs":{"url":"https://github.com/isaacs/abbrev-js/issues"},"license":"ISC","_etag":"\"21a8-qoghO+MZRPj2L/QhnurkYZI8noU\""}