{"_id":"tar","_rev":"166-28a3e1ab78f7de777d880b651bcc5036","name":"tar","dist-tags":{"latest":"3.1.5"},"versions":{"0.0.1":{"name":"tar","version":"0.0.1","author":{"name":"Alan Gutierrez"},"directories":{"lib":"./lib"},"main":"./lib/tar","_id":"tar@0.0.1","engines":{"node":"*"},"_nodeSupported":true,"_npmVersion":"0.2.7-2","_nodeVersion":"v0.3.1-pre","dist":{"tarball":"https://registry.npmjs.org/tar/-/tar-0.0.1.tgz","shasum":"2f94ccd48020df33ade32241ccb21ea109b11f56"}},"0.1.0":{"author":{"name":"Isaac Z. Schlueter","email":"i@izs.me","url":"http://blog.izs.me/"},"name":"tar","description":"tar for node","version":"0.1.0","repository":{"type":"git","url":"git://github.com/isaacs/node-tar.git"},"main":"tar.js","scripts":{"test":"rm -rf test/tmp; tap test/*.js"},"engines":{"node":"~0.5.9 || 0.6 || 0.7 || 0.8"},"dependencies":{"inherits":"1.x","block-stream":"*","fstream":"~0.1"},"devDependencies":{"tap":"0.x","rimraf":"1.x"},"_npmUser":{"name":"isaacs","email":"i@izs.me"},"_id":"tar@0.1.0","_engineSupported":true,"_npmVersion":"1.1.0-alpha","_nodeVersion":"v0.6.2-pre","_defaultsLoaded":true,"dist":{"shasum":"10fcd1d940ba7330f89c2a35ad5d16f0107a5d67","tarball":"https://registry.npmjs.org/tar/-/tar-0.1.0.tgz"},"maintainers":[{"name":"isaacs","email":"i@izs.me"}],"directories":{}},"0.1.2":{"author":{"name":"Isaac Z. Schlueter","email":"i@izs.me","url":"http://blog.izs.me/"},"name":"tar","description":"tar for node","version":"0.1.2","repository":{"type":"git","url":"git://github.com/isaacs/node-tar.git"},"main":"tar.js","scripts":{"test":"rm -rf test/tmp; tap test/*.js"},"engines":{"node":"~0.5.9 || 0.6 || 0.7 || 0.8"},"dependencies":{"inherits":"1.x","block-stream":"*","fstream":"~0.1"},"devDependencies":{"tap":"0.x","rimraf":"1.x"},"_npmUser":{"name":"isaacs","email":"i@izs.me"},"_id":"tar@0.1.2","_engineSupported":true,"_npmVersion":"1.1.0-alpha","_nodeVersion":"v0.6.2-pre","_defaultsLoaded":true,"dist":{"shasum":"52cebd0abc1456c9c405d37838d4201d5d186ebe","tarball":"https://registry.npmjs.org/tar/-/tar-0.1.2.tgz"},"maintainers":[{"name":"isaacs","email":"i@izs.me"}],"directories":{}},"0.1.3":{"author":{"name":"Isaac Z. Schlueter","email":"i@izs.me","url":"http://blog.izs.me/"},"name":"tar","description":"tar for node","version":"0.1.3","repository":{"type":"git","url":"git://github.com/isaacs/node-tar.git"},"main":"tar.js","scripts":{"test":"rm -rf test/tmp; tap test/*.js"},"engines":{"node":"~0.5.9 || 0.6 || 0.7 || 0.8"},"dependencies":{"inherits":"1.x","block-stream":"*","fstream":"0.1"},"devDependencies":{"tap":"0.x","rimraf":"1.x"},"_npmUser":{"name":"isaacs","email":"i@izs.me"},"_id":"tar@0.1.3","_engineSupported":true,"_npmVersion":"1.1.0-alpha-2","_nodeVersion":"v0.6.2-pre","_defaultsLoaded":true,"dist":{"shasum":"b40685c0727a74af56df9e03bae44621cbde206f","tarball":"https://registry.npmjs.org/tar/-/tar-0.1.3.tgz"},"maintainers":[{"name":"isaacs","email":"i@izs.me"}],"directories":{}},"0.1.4":{"author":{"name":"Isaac Z. Schlueter","email":"i@izs.me","url":"http://blog.izs.me/"},"name":"tar","description":"tar for node","version":"0.1.4","repository":{"type":"git","url":"git://github.com/isaacs/node-tar.git"},"main":"tar.js","scripts":{"test":"rm -rf test/tmp; tap test/*.js"},"engines":{"node":"~0.5.9 || 0.6 || 0.7 || 0.8"},"dependencies":{"inherits":"1.x","block-stream":"*","fstream":"~0.1.3"},"devDependencies":{"tap":"0.x","rimraf":"1.x"},"_npmUser":{"name":"isaacs","email":"i@izs.me"},"_id":"tar@0.1.4","_engineSupported":true,"_npmVersion":"1.1.0-alpha-2","_nodeVersion":"v0.6.4-pre","_defaultsLoaded":true,"dist":{"shasum":"6af6319b23c830c787bad1b4b2ea2189a776074d","tarball":"https://registry.npmjs.org/tar/-/tar-0.1.4.tgz"},"maintainers":[{"name":"isaacs","email":"i@izs.me"}],"directories":{}},"0.1.5":{"author":{"name":"Isaac Z. Schlueter","email":"i@izs.me","url":"http://blog.izs.me/"},"name":"tar","description":"tar for node","version":"0.1.5","repository":{"type":"git","url":"git://github.com/isaacs/node-tar.git"},"main":"tar.js","scripts":{"test":"rm -rf test/tmp; tap test/*.js"},"engines":{"node":"~0.5.9 || 0.6 || 0.7 || 0.8"},"dependencies":{"inherits":"1.x","block-stream":"*","fstream":"~0.1.5"},"devDependencies":{"tap":"0.x","rimraf":"1.x"},"_npmUser":{"name":"isaacs","email":"i@izs.me"},"_id":"tar@0.1.5","_engineSupported":true,"_npmVersion":"1.1.0-alpha-2","_nodeVersion":"v0.6.4-pre","_defaultsLoaded":true,"dist":{"shasum":"190ad20031b539c26268f7d96a079acc1a189b8b","tarball":"https://registry.npmjs.org/tar/-/tar-0.1.5.tgz"},"maintainers":[{"name":"isaacs","email":"i@izs.me"}],"directories":{}},"0.1.6":{"author":{"name":"Isaac Z. Schlueter","email":"i@izs.me","url":"http://blog.izs.me/"},"name":"tar","description":"tar for node","version":"0.1.6","repository":{"type":"git","url":"git://github.com/isaacs/node-tar.git"},"main":"tar.js","scripts":{"test":"rm -rf test/tmp; tap test/*.js"},"engines":{"node":"~0.5.9 || 0.6 || 0.7 || 0.8"},"dependencies":{"inherits":"1.x","block-stream":"*","fstream":"~0.1.5"},"devDependencies":{"tap":"0.x","rimraf":"1.x"},"_npmUser":{"name":"isaacs","email":"i@izs.me"},"_id":"tar@0.1.6","_engineSupported":true,"_npmVersion":"1.1.0-alpha-2","_nodeVersion":"v0.6.4-pre","_defaultsLoaded":true,"dist":{"shasum":"ac70abbfac3ab0b1f18775e54fe74d6114b028f8","tarball":"https://registry.npmjs.org/tar/-/tar-0.1.6.tgz"},"maintainers":[{"name":"isaacs","email":"i@izs.me"}],"directories":{}},"0.1.7":{"author":{"name":"Isaac Z. Schlueter","email":"i@izs.me","url":"http://blog.izs.me/"},"name":"tar","description":"tar for node","version":"0.1.7","repository":{"type":"git","url":"git://github.com/isaacs/node-tar.git"},"main":"tar.js","scripts":{"test":"rm -rf test/tmp; tap test/*.js"},"engines":{"node":"~0.5.9 || 0.6 || 0.7 || 0.8"},"dependencies":{"inherits":"1.x","block-stream":"*","fstream":"~0.1.5"},"devDependencies":{"tap":"0.x","rimraf":"1.x"},"_npmUser":{"name":"isaacs","email":"i@izs.me"},"_id":"tar@0.1.7","_engineSupported":true,"_npmVersion":"1.1.0-alpha-3","_nodeVersion":"v0.6.4-pre","_defaultsLoaded":true,"dist":{"shasum":"33d288cfa1fc62a3b95a265a475a960b0a5721fe","tarball":"https://registry.npmjs.org/tar/-/tar-0.1.7.tgz"},"maintainers":[{"name":"isaacs","email":"i@izs.me"}],"directories":{}},"0.1.8":{"author":{"name":"Isaac Z. Schlueter","email":"i@izs.me","url":"http://blog.izs.me/"},"name":"tar","description":"tar for node","version":"0.1.8","repository":{"type":"git","url":"git://github.com/isaacs/node-tar.git"},"main":"tar.js","scripts":{"test":"rm -rf test/tmp; tap test/*.js"},"engines":{"node":"~0.5.9 || 0.6 || 0.7 || 0.8"},"dependencies":{"inherits":"1.x","block-stream":"*","fstream":"~0.1.6"},"devDependencies":{"tap":"0.x","rimraf":"1.x"},"_npmUser":{"name":"isaacs","email":"i@izs.me"},"_id":"tar@0.1.8","_engineSupported":true,"_npmVersion":"1.1.0-alpha-6","_nodeVersion":"v0.6.4","_defaultsLoaded":true,"dist":{"shasum":"39316070df0332271186688061a002c973f6e928","tarball":"https://registry.npmjs.org/tar/-/tar-0.1.8.tgz"},"maintainers":[{"name":"isaacs","email":"i@izs.me"}],"directories":{}},"0.1.9":{"author":{"name":"Isaac Z. Schlueter","email":"i@izs.me","url":"http://blog.izs.me/"},"name":"tar","description":"tar for node","version":"0.1.9","repository":{"type":"git","url":"git://github.com/isaacs/node-tar.git"},"main":"tar.js","scripts":{"test":"rm -rf test/tmp; tap test/*.js"},"engines":{"node":"~0.5.9 || 0.6 || 0.7 || 0.8"},"dependencies":{"inherits":"1.x","block-stream":"*","fstream":"~0.1.8"},"devDependencies":{"tap":"0.x","rimraf":"1.x"},"_npmUser":{"name":"isaacs","email":"i@izs.me"},"_id":"tar@0.1.9","_engineSupported":true,"_npmVersion":"1.1.0-alpha-6","_nodeVersion":"v0.6.6-pre","_defaultsLoaded":true,"dist":{"shasum":"e68653171937dd505c2b2e57bbcb9e0c780de1fa","tarball":"https://registry.npmjs.org/tar/-/tar-0.1.9.tgz"},"maintainers":[{"name":"isaacs","email":"i@izs.me"}],"directories":{}},"0.1.10":{"author":{"name":"Isaac Z. Schlueter","email":"i@izs.me","url":"http://blog.izs.me/"},"name":"tar","description":"tar for node","version":"0.1.10","repository":{"type":"git","url":"git://github.com/isaacs/node-tar.git"},"main":"tar.js","scripts":{"test":"rm -rf test/tmp; tap test/*.js"},"engines":{"node":"~0.5.9 || 0.6 || 0.7 || 0.8"},"dependencies":{"inherits":"1.x","block-stream":"*","fstream":"~0.1.8"},"devDependencies":{"tap":"0.x","rimraf":"1.x"},"_npmUser":{"name":"isaacs","email":"i@izs.me"},"_id":"tar@0.1.10","_engineSupported":true,"_npmVersion":"1.1.0-beta-8","_nodeVersion":"v0.6.7-pre","_defaultsLoaded":true,"dist":{"shasum":"4bd1ad67043152899df0836c2fc8fe69d8521a55","tarball":"https://registry.npmjs.org/tar/-/tar-0.1.10.tgz"},"maintainers":[{"name":"isaacs","email":"i@izs.me"}],"directories":{}},"0.1.11":{"author":{"name":"Isaac Z. Schlueter","email":"i@izs.me","url":"http://blog.izs.me/"},"name":"tar","description":"tar for node","version":"0.1.11","repository":{"type":"git","url":"git://github.com/isaacs/node-tar.git"},"main":"tar.js","scripts":{"test":"rm -rf test/tmp; tap test/*.js"},"engines":{"node":"~0.5.9 || 0.6 || 0.7 || 0.8"},"dependencies":{"inherits":"1.x","block-stream":"*","fstream":"~0.1.8"},"devDependencies":{"tap":"0.x","rimraf":"1.x"},"_npmUser":{"name":"isaacs","email":"i@izs.me"},"_id":"tar@0.1.11","_engineSupported":true,"_npmVersion":"1.1.0-beta-10","_nodeVersion":"v0.6.7-pre","_defaultsLoaded":true,"dist":{"shasum":"621119ee024da5c5daf4dad6255ce858763a9718","tarball":"https://registry.npmjs.org/tar/-/tar-0.1.11.tgz"},"maintainers":[{"name":"isaacs","email":"i@izs.me"}],"directories":{}},"0.1.12":{"author":{"name":"Isaac Z. Schlueter","email":"i@izs.me","url":"http://blog.izs.me/"},"name":"tar","description":"tar for node","version":"0.1.12","repository":{"type":"git","url":"git://github.com/isaacs/node-tar.git"},"main":"tar.js","scripts":{"test":"tap test/*.js"},"engines":{"node":"~0.5.9 || 0.6 || 0.7 || 0.8"},"dependencies":{"inherits":"1.x","block-stream":"*","fstream":"~0.1.8"},"devDependencies":{"tap":"0.x","rimraf":"1.x"},"_npmUser":{"name":"isaacs","email":"i@izs.me"},"_id":"tar@0.1.12","optionalDependencies":{},"_engineSupported":true,"_npmVersion":"1.1.0","_nodeVersion":"v0.6.8-pre","_defaultsLoaded":true,"dist":{"shasum":"43893a50eeb87e4e604c437ae6a650095506605c","tarball":"https://registry.npmjs.org/tar/-/tar-0.1.12.tgz"},"maintainers":[{"name":"isaacs","email":"i@izs.me"}],"directories":{}},"0.1.13":{"author":{"name":"Isaac Z. Schlueter","email":"i@izs.me","url":"http://blog.izs.me/"},"name":"tar","description":"tar for node","version":"0.1.13","repository":{"type":"git","url":"git://github.com/isaacs/node-tar.git"},"main":"tar.js","scripts":{"test":"tap test/*.js"},"engines":{"node":"~0.5.9 || 0.6 || 0.7 || 0.8"},"dependencies":{"inherits":"1.x","block-stream":"*","fstream":"~0.1.8"},"devDependencies":{"tap":"0.x","rimraf":"1.x"},"_npmUser":{"name":"isaacs","email":"i@izs.me"},"_id":"tar@0.1.13","optionalDependencies":{},"_engineSupported":true,"_npmVersion":"1.1.4","_nodeVersion":"v0.7.6-pre","_defaultsLoaded":true,"dist":{"shasum":"5e467fcfb4b911ca8881e36eb5c1eb4ab06d9ae5","tarball":"https://registry.npmjs.org/tar/-/tar-0.1.13.tgz"},"maintainers":[{"name":"isaacs","email":"i@izs.me"}],"directories":{}},"0.1.14":{"author":{"name":"Isaac Z. Schlueter","email":"i@izs.me","url":"http://blog.izs.me/"},"name":"tar","description":"tar for node","version":"0.1.14","repository":{"type":"git","url":"git://github.com/isaacs/node-tar.git"},"main":"tar.js","scripts":{"test":"tap test/*.js"},"engines":{"node":"~0.5.9 || 0.6 || 0.7 || 0.8"},"dependencies":{"inherits":"1.x","block-stream":"*","fstream":"~0.1.8"},"devDependencies":{"tap":"0.x","rimraf":"1.x"},"license":"BSD","_id":"tar@0.1.14","dist":{"shasum":"20fc8516337e9371c82adb143309911e49d78044","tarball":"https://registry.npmjs.org/tar/-/tar-0.1.14.tgz"},"_npmVersion":"1.1.68","_npmUser":{"name":"isaacs","email":"i@izs.me"},"maintainers":[{"name":"isaacs","email":"i@izs.me"}],"directories":{}},"0.1.15":{"author":{"name":"Isaac Z. Schlueter","email":"i@izs.me","url":"http://blog.izs.me/"},"name":"tar","description":"tar for node","version":"0.1.15","repository":{"type":"git","url":"git://github.com/isaacs/node-tar.git"},"main":"tar.js","scripts":{"test":"tap test/*.js"},"engines":{"node":"~0.5.9 || 0.6 || 0.7 || 0.8"},"dependencies":{"inherits":"1.x","block-stream":"*","fstream":"~0.1.8"},"devDependencies":{"tap":"0.x","rimraf":"1.x"},"license":"BSD","_id":"tar@0.1.15","dist":{"shasum":"5c8f42e0c8a4392625274f132df6286a6e62c408","tarball":"https://registry.npmjs.org/tar/-/tar-0.1.15.tgz"},"_from":".","_npmVersion":"1.2.4","_npmUser":{"name":"isaacs","email":"i@izs.me"},"maintainers":[{"name":"isaacs","email":"i@izs.me"}],"directories":{}},"0.1.16":{"author":{"name":"Isaac Z. Schlueter","email":"i@izs.me","url":"http://blog.izs.me/"},"name":"tar","description":"tar for node","version":"0.1.16","repository":{"type":"git","url":"git://github.com/isaacs/node-tar.git"},"main":"tar.js","scripts":{"test":"tap test/*.js"},"engines":{"node":"~0.5.9 || 0.6 || 0.7 || 0.8"},"dependencies":{"inherits":"1.x","block-stream":"*","fstream":"~0.1.8"},"devDependencies":{"tap":"0.x","rimraf":"1.x"},"license":"BSD","_id":"tar@0.1.16","dist":{"shasum":"4e0d9cd1fe08c9cfd1e6edb497153d1636617fee","tarball":"https://registry.npmjs.org/tar/-/tar-0.1.16.tgz"},"_from":".","_npmVersion":"1.2.4","_npmUser":{"name":"isaacs","email":"i@izs.me"},"maintainers":[{"name":"isaacs","email":"i@izs.me"}],"directories":{}},"0.1.17":{"author":{"name":"Isaac Z. Schlueter","email":"i@izs.me","url":"http://blog.izs.me/"},"name":"tar","description":"tar for node","version":"0.1.17","repository":{"type":"git","url":"git://github.com/isaacs/node-tar.git"},"main":"tar.js","scripts":{"test":"tap test/*.js"},"dependencies":{"inherits":"1.x","block-stream":"*","fstream":"~0.1.8"},"devDependencies":{"tap":"0.x","rimraf":"1.x"},"license":"BSD","_id":"tar@0.1.17","dist":{"shasum":"408c8a95deb8e78a65b59b1a51a333183a32badc","tarball":"https://registry.npmjs.org/tar/-/tar-0.1.17.tgz"},"_from":".","_npmVersion":"1.2.14","_npmUser":{"name":"isaacs","email":"i@izs.me"},"maintainers":[{"name":"isaacs","email":"i@izs.me"}],"directories":{}},"0.1.18":{"author":{"name":"Isaac Z. Schlueter","email":"i@izs.me","url":"http://blog.izs.me/"},"name":"tar","description":"tar for node","version":"0.1.18","repository":{"type":"git","url":"git://github.com/isaacs/node-tar.git"},"main":"tar.js","scripts":{"test":"tap test/*.js"},"dependencies":{"inherits":"2","block-stream":"*","fstream":"~0.1.8"},"devDependencies":{"tap":"0.x","rimraf":"1.x"},"license":"BSD","bugs":{"url":"https://github.com/isaacs/node-tar/issues"},"_id":"tar@0.1.18","dist":{"shasum":"b76c3b23c5e90f9e3e344462f537047c695ba635","tarball":"https://registry.npmjs.org/tar/-/tar-0.1.18.tgz"},"_from":".","_npmVersion":"1.3.4","_npmUser":{"name":"isaacs","email":"i@izs.me"},"maintainers":[{"name":"isaacs","email":"i@izs.me"}],"directories":{}},"0.1.19":{"author":{"name":"Isaac Z. Schlueter","email":"i@izs.me","url":"http://blog.izs.me/"},"name":"tar","description":"tar for node","version":"0.1.19","repository":{"type":"git","url":"git://github.com/isaacs/node-tar.git"},"main":"tar.js","scripts":{"test":"tap test/*.js"},"dependencies":{"inherits":"2","block-stream":"*","fstream":"~0.1.8"},"devDependencies":{"tap":"0.x","rimraf":"1.x"},"license":"BSD","bugs":{"url":"https://github.com/isaacs/node-tar/issues"},"homepage":"https://github.com/isaacs/node-tar","_id":"tar@0.1.19","dist":{"shasum":"fe45941799e660ce1ea52d875d37481b4bf13eac","tarball":"https://registry.npmjs.org/tar/-/tar-0.1.19.tgz"},"_from":".","_npmVersion":"1.3.15","_npmUser":{"name":"isaacs","email":"i@izs.me"},"maintainers":[{"name":"isaacs","email":"i@izs.me"}],"directories":{}},"0.1.20":{"author":{"name":"Isaac Z. Schlueter","email":"i@izs.me","url":"http://blog.izs.me/"},"name":"tar","description":"tar for node","version":"0.1.20","repository":{"type":"git","url":"git://github.com/isaacs/node-tar.git"},"main":"tar.js","scripts":{"test":"tap test/*.js"},"dependencies":{"block-stream":"*","fstream":"~0.1.28","inherits":"2"},"devDependencies":{"tap":"0.x","rimraf":"1.x"},"license":"BSD","gitHead":"b5931010907cd1ef5a186bc947954391050cbcce","bugs":{"url":"https://github.com/isaacs/node-tar/issues"},"homepage":"https://github.com/isaacs/node-tar","_id":"tar@0.1.20","_shasum":"42940bae5b5f22c74483699126f9f3f27449cb13","_from":".","_npmVersion":"1.4.16","_npmUser":{"name":"isaacs","email":"i@izs.me"},"maintainers":[{"name":"isaacs","email":"i@izs.me"}],"dist":{"shasum":"42940bae5b5f22c74483699126f9f3f27449cb13","tarball":"https://registry.npmjs.org/tar/-/tar-0.1.20.tgz"},"directories":{}},"1.0.0":{"author":{"name":"Isaac Z. Schlueter","email":"i@izs.me","url":"http://blog.izs.me/"},"name":"tar","description":"tar for node","version":"1.0.0","repository":{"type":"git","url":"git://github.com/isaacs/node-tar.git"},"main":"tar.js","scripts":{"test":"tap test/*.js"},"dependencies":{"block-stream":"*","fstream":"^1.0.0","inherits":"2"},"devDependencies":{"tap":"0.x","rimraf":"1.x"},"license":"BSD","gitHead":"49979621a55c73c3f668d8e01830eba1ea9df862","bugs":{"url":"https://github.com/isaacs/node-tar/issues"},"homepage":"https://github.com/isaacs/node-tar","_id":"tar@1.0.0","_shasum":"36636d76e8ae12b4bc11a940ac606b5ca8a5fe1f","_from":".","_npmVersion":"1.4.22","_npmUser":{"name":"isaacs","email":"i@izs.me"},"maintainers":[{"name":"isaacs","email":"i@izs.me"}],"dist":{"shasum":"36636d76e8ae12b4bc11a940ac606b5ca8a5fe1f","tarball":"https://registry.npmjs.org/tar/-/tar-1.0.0.tgz"},"directories":{}},"1.0.1":{"author":{"name":"Isaac Z. Schlueter","email":"i@izs.me","url":"http://blog.izs.me/"},"name":"tar","description":"tar for node","version":"1.0.1","repository":{"type":"git","url":"git://github.com/isaacs/node-tar.git"},"main":"tar.js","scripts":{"test":"tap test/*.js"},"dependencies":{"block-stream":"*","fstream":"^1.0.2","inherits":"2"},"devDependencies":{"graceful-fs":"^3.0.2","rimraf":"1.x","tap":"0.x"},"license":"BSD","gitHead":"476bf6f5882b9c33d1cbf66f175d0f25e3981044","bugs":{"url":"https://github.com/isaacs/node-tar/issues"},"homepage":"https://github.com/isaacs/node-tar","_id":"tar@1.0.1","_shasum":"6075b5a1f236defe0c7e3756d3d9b3ebdad0f19a","_from":".","_npmVersion":"1.4.23","_npmUser":{"name":"isaacs","email":"i@izs.me"},"maintainers":[{"name":"isaacs","email":"i@izs.me"}],"dist":{"shasum":"6075b5a1f236defe0c7e3756d3d9b3ebdad0f19a","tarball":"https://registry.npmjs.org/tar/-/tar-1.0.1.tgz"},"directories":{}},"1.0.2":{"author":{"name":"Isaac Z. Schlueter","email":"i@izs.me","url":"http://blog.izs.me/"},"name":"tar","description":"tar for node","version":"1.0.2","repository":{"type":"git","url":"git://github.com/isaacs/node-tar.git"},"main":"tar.js","scripts":{"test":"tap test/*.js"},"dependencies":{"block-stream":"*","fstream":"^1.0.2","inherits":"2"},"devDependencies":{"graceful-fs":"^3.0.2","rimraf":"1.x","tap":"0.x","mkdirp":"^0.5.0"},"license":"BSD","gitHead":"f31811bfa4ed1d1a89c380c65595ac92474dd84d","bugs":{"url":"https://github.com/isaacs/node-tar/issues"},"homepage":"https://github.com/isaacs/node-tar","_id":"tar@1.0.2","_shasum":"8b0f6740f9946259de26a3ed9c9a22890dff023f","_from":".","_npmVersion":"2.1.3","_nodeVersion":"0.10.31","_npmUser":{"name":"isaacs","email":"i@izs.me"},"maintainers":[{"name":"isaacs","email":"i@izs.me"}],"dist":{"shasum":"8b0f6740f9946259de26a3ed9c9a22890dff023f","tarball":"https://registry.npmjs.org/tar/-/tar-1.0.2.tgz"},"directories":{}},"1.0.3":{"author":{"name":"Isaac Z. Schlueter","email":"i@izs.me","url":"http://blog.izs.me/"},"name":"tar","description":"tar for node","version":"1.0.3","repository":{"type":"git","url":"git://github.com/isaacs/node-tar.git"},"main":"tar.js","scripts":{"test":"tap test/*.js"},"dependencies":{"block-stream":"*","fstream":"^1.0.2","inherits":"2"},"devDependencies":{"graceful-fs":"^3.0.2","rimraf":"1.x","tap":"0.x","mkdirp":"^0.5.0"},"license":"BSD","gitHead":"f4151128c585da236c6b1e278b762ecaedc20c15","bugs":{"url":"https://github.com/isaacs/node-tar/issues"},"homepage":"https://github.com/isaacs/node-tar","_id":"tar@1.0.3","_shasum":"15bcdab244fa4add44e4244a0176edb8aa9a2b44","_from":".","_npmVersion":"2.1.10","_nodeVersion":"0.10.33","_npmUser":{"name":"othiym23","email":"ogd@aoaioxxysz.net"},"maintainers":[{"name":"isaacs","email":"i@izs.me"},{"name":"othiym23","email":"ogd@aoaioxxysz.net"}],"dist":{"shasum":"15bcdab244fa4add44e4244a0176edb8aa9a2b44","tarball":"https://registry.npmjs.org/tar/-/tar-1.0.3.tgz"},"directories":{}},"2.0.0":{"author":{"name":"Isaac Z. Schlueter","email":"i@izs.me","url":"http://blog.izs.me/"},"name":"tar","description":"tar for node","version":"2.0.0","repository":{"type":"git","url":"git://github.com/isaacs/node-tar.git"},"main":"tar.js","scripts":{"test":"tap test/*.js"},"dependencies":{"block-stream":"*","fstream":"^1.0.2","inherits":"2"},"devDependencies":{"graceful-fs":"^3.0.2","rimraf":"1.x","tap":"0.x","mkdirp":"^0.5.0"},"license":"BSD","gitHead":"9bde260b9ebe6808837a85bedf9c6f7bb04e004f","bugs":{"url":"https://github.com/isaacs/node-tar/issues"},"homepage":"https://github.com/isaacs/node-tar","_id":"tar@2.0.0","_shasum":"7cf627bc632167766ce2a5a1f23e4ecb8e3f28bc","_from":".","_npmVersion":"2.7.4","_nodeVersion":"1.6.2","_npmUser":{"name":"othiym23","email":"ogd@aoaioxxysz.net"},"maintainers":[{"name":"isaacs","email":"i@izs.me"},{"name":"othiym23","email":"ogd@aoaioxxysz.net"}],"dist":{"shasum":"7cf627bc632167766ce2a5a1f23e4ecb8e3f28bc","tarball":"https://registry.npmjs.org/tar/-/tar-2.0.0.tgz"},"directories":{}},"2.0.1":{"author":{"name":"Isaac Z. Schlueter","email":"i@izs.me","url":"http://blog.izs.me/"},"name":"tar","description":"tar for node","version":"2.0.1","repository":{"type":"git","url":"git://github.com/isaacs/node-tar.git"},"main":"tar.js","scripts":{"test":"tap test/*.js"},"dependencies":{"block-stream":"*","fstream":"^1.0.2","inherits":"2"},"devDependencies":{"graceful-fs":"^3.0.2","rimraf":"1.x","tap":"0.x","mkdirp":"^0.5.0"},"license":"BSD","gitHead":"ce405d0b96f0fe186dd4cc68d666fabb0c59818d","bugs":{"url":"https://github.com/isaacs/node-tar/issues"},"homepage":"https://github.com/isaacs/node-tar","_id":"tar@2.0.1","_shasum":"a1537ab0d1ce61462ce87b4eed1cd263fba5fc17","_from":".","_npmVersion":"2.7.6","_nodeVersion":"1.4.2","_npmUser":{"name":"isaacs","email":"i@izs.me"},"maintainers":[{"name":"isaacs","email":"i@izs.me"},{"name":"othiym23","email":"ogd@aoaioxxysz.net"}],"dist":{"shasum":"a1537ab0d1ce61462ce87b4eed1cd263fba5fc17","tarball":"https://registry.npmjs.org/tar/-/tar-2.0.1.tgz"},"directories":{}},"2.1.0":{"author":{"name":"Isaac Z. Schlueter","email":"i@izs.me","url":"http://blog.izs.me/"},"name":"tar","description":"tar for node","version":"2.1.0","repository":{"type":"git","url":"git://github.com/isaacs/node-tar.git"},"main":"tar.js","scripts":{"test":"tap test/*.js"},"dependencies":{"block-stream":"*","fstream":"^1.0.2","inherits":"2"},"devDependencies":{"graceful-fs":"^3.0.2","rimraf":"1.x","tap":"0.x","mkdirp":"^0.5.0"},"license":"BSD","gitHead":"b4c03a8e922fa522a3ddadaf2764bc1ab38d484e","bugs":{"url":"https://github.com/isaacs/node-tar/issues"},"homepage":"https://github.com/isaacs/node-tar#readme","_id":"tar@2.1.0","_shasum":"d287aad12e947c766e319ac364f3c234900f65ec","_from":".","_npmVersion":"2.8.3","_nodeVersion":"1.7.1","_npmUser":{"name":"othiym23","email":"ogd@aoaioxxysz.net"},"dist":{"shasum":"d287aad12e947c766e319ac364f3c234900f65ec","tarball":"https://registry.npmjs.org/tar/-/tar-2.1.0.tgz"},"maintainers":[{"name":"isaacs","email":"i@izs.me"},{"name":"othiym23","email":"ogd@aoaioxxysz.net"}],"directories":{}},"2.1.1":{"author":{"name":"Isaac Z. Schlueter","email":"i@izs.me","url":"http://blog.izs.me/"},"name":"tar","description":"tar for node","version":"2.1.1","repository":{"type":"git","url":"git://github.com/isaacs/node-tar.git"},"main":"tar.js","scripts":{"test":"tap test/*.js"},"dependencies":{"block-stream":"*","fstream":"^1.0.2","inherits":"2"},"devDependencies":{"graceful-fs":"^3.0.2","rimraf":"1.x","tap":"0.x","mkdirp":"^0.5.0"},"license":"ISC","gitHead":"2cbe6c805fc5d87ce099183ed13c43faba962224","bugs":{"url":"https://github.com/isaacs/node-tar/issues"},"homepage":"https://github.com/isaacs/node-tar#readme","_id":"tar@2.1.1","_shasum":"ac0649e135fa4546e430c7698514e1da2e8a7cc4","_from":".","_npmVersion":"2.9.1","_nodeVersion":"1.8.1","_npmUser":{"name":"othiym23","email":"ogd@aoaioxxysz.net"},"dist":{"shasum":"ac0649e135fa4546e430c7698514e1da2e8a7cc4","tarball":"https://registry.npmjs.org/tar/-/tar-2.1.1.tgz"},"maintainers":[{"name":"isaacs","email":"i@izs.me"},{"name":"othiym23","email":"ogd@aoaioxxysz.net"}],"directories":{}},"2.2.0":{"author":{"name":"Isaac Z. Schlueter","email":"i@izs.me","url":"http://blog.izs.me/"},"name":"tar","description":"tar for node","version":"2.2.0","repository":{"type":"git","url":"git://github.com/isaacs/node-tar.git"},"main":"tar.js","scripts":{"test":"tap test/*.js"},"dependencies":{"block-stream":"*","fstream":"^1.0.2","inherits":"2"},"devDependencies":{"graceful-fs":"^3.0.2","rimraf":"1.x","tap":"0.x","mkdirp":"^0.5.0"},"license":"ISC","gitHead":"3cab63959c51451a84cc8d1f8ef02d45b8b4f836","bugs":{"url":"https://github.com/isaacs/node-tar/issues"},"homepage":"https://github.com/isaacs/node-tar#readme","_id":"tar@2.2.0","_shasum":"527c595940b9673f386c7237759982ab2f274d08","_from":".","_npmVersion":"2.13.4","_nodeVersion":"0.12.4","_npmUser":{"name":"soldair","email":"soldair@gmail.com"},"dist":{"shasum":"527c595940b9673f386c7237759982ab2f274d08","tarball":"https://registry.npmjs.org/tar/-/tar-2.2.0.tgz"},"maintainers":[{"name":"isaacs","email":"isaacs@npmjs.com"},{"name":"othiym23","email":"ogd@aoaioxxysz.net"},{"name":"soldair","email":"soldair@gmail.com"}],"directories":{}},"2.2.1":{"author":{"name":"Isaac Z. Schlueter","email":"i@izs.me","url":"http://blog.izs.me/"},"name":"tar","description":"tar for node","version":"2.2.1","repository":{"type":"git","url":"git://github.com/isaacs/node-tar.git"},"main":"tar.js","scripts":{"test":"tap test/*.js"},"dependencies":{"block-stream":"*","fstream":"^1.0.2","inherits":"2"},"devDependencies":{"graceful-fs":"^4.1.2","rimraf":"1.x","tap":"0.x","mkdirp":"^0.5.0"},"license":"ISC","gitHead":"52237e39d2eb68d22a32d9a98f1d762189fe6a3d","bugs":{"url":"https://github.com/isaacs/node-tar/issues"},"homepage":"https://github.com/isaacs/node-tar#readme","_id":"tar@2.2.1","_shasum":"8e4d2a256c0e2185c6b18ad694aec968b83cb1d1","_from":".","_npmVersion":"2.14.3","_nodeVersion":"2.2.2","_npmUser":{"name":"zkat","email":"kat@sykosomatic.org"},"dist":{"shasum":"8e4d2a256c0e2185c6b18ad694aec968b83cb1d1","tarball":"https://registry.npmjs.org/tar/-/tar-2.2.1.tgz"},"maintainers":[{"name":"isaacs","email":"isaacs@npmjs.com"},{"name":"othiym23","email":"ogd@aoaioxxysz.net"},{"name":"soldair","email":"soldair@gmail.com"},{"name":"zkat","email":"kat@sykosomatic.org"}],"directories":{}},"3.0.0":{"author":{"name":"Isaac Z. Schlueter","email":"i@izs.me","url":"http://blog.izs.me/"},"name":"tar","description":"tar for node","version":"3.0.0","repository":{"type":"git","url":"git+https://github.com/npm/node-tar.git"},"main":"tar.js","scripts":{"test":"tap test/*.js --100 -J --coverage-report=text","preversion":"npm test","postversion":"npm publish","postpublish":"git push origin --all; git push origin --tags","genparse":"node scripts/generate-parse-fixtures.js","bench":"for i in benchmarks/*/*.js; do echo $i; for j in {1..5}; do node $i || break; done; done"},"dependencies":{"minipass":"^2.0.1","minizlib":"^1.0.3","mkdirp":"^0.5.0","yallist":"^3.0.2"},"devDependencies":{"chmodr":"^1.0.2","events-to-array":"^1.1.2","mutate-fs":"^1.1.0","rimraf":"1.x","tap":"^10.3.1","tar-fs":"^1.15.2","tar-stream":"^1.5.2"},"license":"ISC","files":["tar.js","lib/"],"gitHead":"1098f4b91d2f51aab7301279fdfa104b12eb45e8","bugs":{"url":"https://github.com/npm/node-tar/issues"},"homepage":"https://github.com/npm/node-tar#readme","_id":"tar@3.0.0","_npmVersion":"5.0.0-beta.44","_nodeVersion":"8.0.0-pre","_npmUser":{"name":"isaacs","email":"i@izs.me"},"dist":{"integrity":"sha512-Dkr/uUoaelHrifTp4BkVY/jldqgD+Sxo8NOdyT6dkby9R3U9G4gH6Sw4buKgPrGYQgFqs5UK2j0vB4W6nqTpXQ==","shasum":"cb7b29da4edfcffd06849a1be3d4aeade23daf48","tarball":"https://registry.npmjs.org/tar/-/tar-3.0.0.tgz"},"maintainers":[{"name":"isaacs","email":"isaacs@npmjs.com"},{"name":"othiym23","email":"ogd@aoaioxxysz.net"},{"name":"soldair","email":"soldair@gmail.com"},{"name":"zkat","email":"kat@sykosomatic.org"}],"_npmOperationalInternal":{"host":"packages-18-east.internal.npmjs.com","tmp":"tmp/tar-3.0.0.tgz_1494379464880_0.09705448755994439"},"directories":{}},"3.0.1":{"author":{"name":"Isaac Z. Schlueter","email":"i@izs.me","url":"http://blog.izs.me/"},"name":"tar","description":"tar for node","version":"3.0.1","repository":{"type":"git","url":"git+https://github.com/npm/node-tar.git"},"main":"tar.js","scripts":{"test":"tap test/*.js --100 -J --coverage-report=text","preversion":"npm test","postversion":"npm publish","postpublish":"git push origin --all; git push origin --tags","genparse":"node scripts/generate-parse-fixtures.js","bench":"for i in benchmarks/*/*.js; do echo $i; for j in {1..5}; do node $i || break; done; done"},"dependencies":{"minipass":"^2.0.2","minizlib":"^1.0.3","mkdirp":"^0.5.0","yallist":"^3.0.2"},"devDependencies":{"chmodr":"^1.0.2","events-to-array":"^1.1.2","mutate-fs":"^1.1.0","rimraf":"1.x","tap":"^10.3.1","tar-fs":"^1.15.2","tar-stream":"^1.5.2"},"license":"ISC","files":["tar.js","lib/"],"gitHead":"c3251a725663d014ed84f3a820d5e9e3167996b7","bugs":{"url":"https://github.com/npm/node-tar/issues"},"homepage":"https://github.com/npm/node-tar#readme","_id":"tar@3.0.1","_npmVersion":"5.0.0-beta.44","_nodeVersion":"8.0.0-pre","_npmUser":{"name":"isaacs","email":"i@izs.me"},"dist":{"integrity":"sha512-IqHpYSK33G55aw9qWHIS/0+kO5ZJUBX5hKS5xxAdoUj8nbjO+txqKjwXCXUzJcbIjZKbSqXO9lYBBmorRRaDQA==","shasum":"b677a7963caf00fb1cd5ac4d17c5cd22aa46b33a","tarball":"https://registry.npmjs.org/tar/-/tar-3.0.1.tgz"},"maintainers":[{"name":"isaacs","email":"isaacs@npmjs.com"},{"name":"othiym23","email":"ogd@aoaioxxysz.net"},{"name":"soldair","email":"soldair@gmail.com"},{"name":"zkat","email":"kat@sykosomatic.org"}],"_npmOperationalInternal":{"host":"packages-18-east.internal.npmjs.com","tmp":"tmp/tar-3.0.1.tgz_1494438955537_0.8215328669175506"},"directories":{}},"3.1.0":{"author":{"name":"Isaac Z. Schlueter","email":"i@izs.me","url":"http://blog.izs.me/"},"name":"tar","description":"tar for node","version":"3.1.0","repository":{"type":"git","url":"git+https://github.com/npm/node-tar.git"},"main":"tar.js","scripts":{"test":"tap test/*.js --100 -J --coverage-report=text","preversion":"npm test","postversion":"npm publish","postpublish":"git push origin --all; git push origin --tags","genparse":"node scripts/generate-parse-fixtures.js","bench":"for i in benchmarks/*/*.js; do echo $i; for j in {1..5}; do node $i || break; done; done"},"dependencies":{"minipass":"^2.0.2","minizlib":"^1.0.3","mkdirp":"^0.5.0","yallist":"^3.0.2"},"devDependencies":{"chmodr":"^1.0.2","events-to-array":"^1.1.2","mutate-fs":"^1.1.0","rimraf":"1.x","tap":"^10.3.1","tar-fs":"^1.15.2","tar-stream":"^1.5.2"},"license":"ISC","files":["tar.js","lib/"],"gitHead":"2ba07e56f7f712cd90c20db9a7d1a99b1fc7aeed","bugs":{"url":"https://github.com/npm/node-tar/issues"},"homepage":"https://github.com/npm/node-tar#readme","_id":"tar@3.1.0","_npmVersion":"5.0.0-beta.44","_nodeVersion":"8.0.0-pre","_npmUser":{"name":"isaacs","email":"i@izs.me"},"dist":{"integrity":"sha512-idZ4x9VQS7gLoxxnS1QCjtl6Xu1GaPnHY6o1d5o9aN1Hk8A/Hk9yNfTprV12Y/8BuSEsSbhe6G4O0GQz5wyYPg==","shasum":"9d3cc4dafcb96d6786ac802b564ec01de6eec2b0","tarball":"https://registry.npmjs.org/tar/-/tar-3.1.0.tgz"},"maintainers":[{"name":"isaacs","email":"isaacs@npmjs.com"},{"name":"othiym23","email":"ogd@aoaioxxysz.net"},{"name":"soldair","email":"soldair@gmail.com"},{"name":"zkat","email":"kat@sykosomatic.org"}],"_npmOperationalInternal":{"host":"packages-18-east.internal.npmjs.com","tmp":"tmp/tar-3.1.0.tgz_1494607398991_0.9328433778136969"},"directories":{}},"3.1.1":{"author":{"name":"Isaac Z. Schlueter","email":"i@izs.me","url":"http://blog.izs.me/"},"name":"tar","description":"tar for node","version":"3.1.1","repository":{"type":"git","url":"git+https://github.com/npm/node-tar.git"},"main":"tar.js","scripts":{"test":"tap test/*.js --100 -J --coverage-report=text","preversion":"npm test","postversion":"npm publish","postpublish":"git push origin --all; git push origin --tags","genparse":"node scripts/generate-parse-fixtures.js","bench":"for i in benchmarks/*/*.js; do echo $i; for j in {1..5}; do node $i || break; done; done"},"dependencies":{"minipass":"^2.0.2","minizlib":"^1.0.3","mkdirp":"^0.5.0","yallist":"^3.0.2"},"devDependencies":{"chmodr":"^1.0.2","events-to-array":"^1.1.2","mutate-fs":"^1.1.0","rimraf":"1.x","tap":"^10.3.1","tar-fs":"^1.15.2","tar-stream":"^1.5.2"},"license":"ISC","files":["tar.js","lib/"],"gitHead":"51f0d2ea7162c2e9f02c0e6845b82cfa94c71cbd","bugs":{"url":"https://github.com/npm/node-tar/issues"},"homepage":"https://github.com/npm/node-tar#readme","_id":"tar@3.1.1","_npmVersion":"5.0.0-beta.44","_nodeVersion":"8.0.0-pre","_npmUser":{"name":"isaacs","email":"i@izs.me"},"dist":{"integrity":"sha512-UrbClqQLaiYVzR8mMmYDzbgyiexM+zX/KlYktBMu9V6yOvYvShxlbdb00xjJYmdi91sapqnq7EqAtXIKqI+Ktg==","shasum":"3e6fa6949ae903f34d3b30131f825b6f0258d2e1","tarball":"https://registry.npmjs.org/tar/-/tar-3.1.1.tgz"},"maintainers":[{"name":"isaacs","email":"isaacs@npmjs.com"},{"name":"othiym23","email":"ogd@aoaioxxysz.net"},{"name":"soldair","email":"soldair@gmail.com"},{"name":"zkat","email":"kat@sykosomatic.org"}],"_npmOperationalInternal":{"host":"packages-12-west.internal.npmjs.com","tmp":"tmp/tar-3.1.1.tgz_1494608536218_0.847736562602222"},"directories":{}},"3.1.2":{"author":{"name":"Isaac Z. Schlueter","email":"i@izs.me","url":"http://blog.izs.me/"},"name":"tar","description":"tar for node","version":"3.1.2","repository":{"type":"git","url":"git+https://github.com/npm/node-tar.git"},"main":"tar.js","scripts":{"test":"tap test/*.js --100 -J --coverage-report=text","preversion":"npm test","postversion":"npm publish","postpublish":"git push origin --all; git push origin --tags","genparse":"node scripts/generate-parse-fixtures.js","bench":"for i in benchmarks/*/*.js; do echo $i; for j in {1..5}; do node $i || break; done; done"},"dependencies":{"minipass":"^2.0.2","minizlib":"^1.0.3","mkdirp":"^0.5.0","yallist":"^3.0.2"},"devDependencies":{"chmodr":"^1.0.2","events-to-array":"^1.1.2","mutate-fs":"^1.1.0","rimraf":"1.x","tap":"^10.3.1","tar-fs":"^1.15.2","tar-stream":"^1.5.2"},"license":"ISC","files":["tar.js","lib/"],"gitHead":"0525639c2d512791752ae9c4bf0f23eccd7e6833","bugs":{"url":"https://github.com/npm/node-tar/issues"},"homepage":"https://github.com/npm/node-tar#readme","_id":"tar@3.1.2","_npmVersion":"5.0.0-beta.44","_nodeVersion":"8.0.0-pre","_npmUser":{"name":"isaacs","email":"i@izs.me"},"dist":{"integrity":"sha512-hBYJ51xunos1Ar3aCsT+ApNvT9GBEG31hwwM4CryTToHcc7gl6cAt9lHW7YCbOz3FFMtVX7c49FqRQYmGrIqSg==","shasum":"b4f3c86dd177822eb51922f8418cd91d4a41b19e","tarball":"https://registry.npmjs.org/tar/-/tar-3.1.2.tgz"},"maintainers":[{"name":"isaacs","email":"isaacs@npmjs.com"},{"name":"othiym23","email":"ogd@aoaioxxysz.net"},{"name":"soldair","email":"soldair@gmail.com"},{"name":"zkat","email":"kat@sykosomatic.org"}],"_npmOperationalInternal":{"host":"packages-12-west.internal.npmjs.com","tmp":"tmp/tar-3.1.2.tgz_1494629671784_0.9335505347698927"},"directories":{}},"3.1.3":{"author":{"name":"Isaac Z. Schlueter","email":"i@izs.me","url":"http://blog.izs.me/"},"name":"tar","description":"tar for node","version":"3.1.3","repository":{"type":"git","url":"git+https://github.com/npm/node-tar.git"},"scripts":{"test":"tap test/*.js --100 -J --coverage-report=text","preversion":"npm test","postversion":"npm publish","postpublish":"git push origin --all; git push origin --tags","genparse":"node scripts/generate-parse-fixtures.js","bench":"for i in benchmarks/*/*.js; do echo $i; for j in {1..5}; do node $i || break; done; done"},"dependencies":{"minipass":"^2.0.2","minizlib":"^1.0.3","mkdirp":"^0.5.0","yallist":"^3.0.2"},"devDependencies":{"chmodr":"^1.0.2","events-to-array":"^1.1.2","mutate-fs":"^1.1.0","rimraf":"1.x","tap":"^10.3.1","tar-fs":"^1.15.2","tar-stream":"^1.5.2"},"license":"ISC","files":["index.js","lib/"],"gitHead":"a570fadc432ad91f3627ca09cc69c7e38ae39bed","bugs":{"url":"https://github.com/npm/node-tar/issues"},"homepage":"https://github.com/npm/node-tar#readme","_id":"tar@3.1.3","_npmVersion":"5.0.0-beta.49","_nodeVersion":"8.0.0-pre","_npmUser":{"name":"isaacs","email":"i@izs.me"},"dist":{"integrity":"sha512-C7Ets2EikonCWW+JzLJsGxoy5CpYpR4N80EwTRaFw3aMXa9IKmsg2ItcjPT/dTaKTuROmdc/Ki/VBh5v7wNH9Q==","shasum":"b4a04aafb5375a969a9fb7cc08e48a8ac3514277","tarball":"https://registry.npmjs.org/tar/-/tar-3.1.3.tgz"},"maintainers":[{"name":"isaacs","email":"isaacs@npmjs.com"},{"name":"othiym23","email":"ogd@aoaioxxysz.net"},{"name":"soldair","email":"soldair@gmail.com"},{"name":"zkat","email":"kat@sykosomatic.org"}],"_npmOperationalInternal":{"host":"packages-12-west.internal.npmjs.com","tmp":"tmp/tar-3.1.3.tgz_1494896164709_0.45167989330366254"},"directories":{}},"3.1.4":{"author":{"name":"Isaac Z. Schlueter","email":"i@izs.me","url":"http://blog.izs.me/"},"name":"tar","description":"tar for node","version":"3.1.4","repository":{"type":"git","url":"git+https://github.com/npm/node-tar.git"},"scripts":{"test":"tap test/*.js --100 -J --coverage-report=text","preversion":"npm test","postversion":"npm publish","postpublish":"git push origin --all; git push origin --tags","genparse":"node scripts/generate-parse-fixtures.js","bench":"for i in benchmarks/*/*.js; do echo $i; for j in {1..5}; do node $i || break; done; done"},"dependencies":{"minipass":"^2.0.2","minizlib":"^1.0.3","mkdirp":"^0.5.0","yallist":"^3.0.2"},"devDependencies":{"chmodr":"^1.0.2","events-to-array":"^1.1.2","mutate-fs":"^1.1.0","rimraf":"1.x","tap":"^10.3.1","tar-fs":"^1.15.2","tar-stream":"^1.5.2"},"license":"ISC","engines":{"node":">=4"},"files":["index.js","lib/"],"gitHead":"0baac1f2274db222d7615c98bec9317947ee69e8","bugs":{"url":"https://github.com/npm/node-tar/issues"},"homepage":"https://github.com/npm/node-tar#readme","_id":"tar@3.1.4","_npmVersion":"5.0.1","_nodeVersion":"8.0.0","_npmUser":{"name":"isaacs","email":"i@izs.me"},"dist":{"integrity":"sha512-Y8sSCIdq+mxBbYaEMSjHRnUPGSfTAp45Mb8+QvbJ0/6f6f5qToRW+N7Q+d1+Y/26WleexXiQbTQ8RwjprIuddA==","shasum":"53afbcdb7140bbe0dc2ada0a1b14e14b3ef541b6","tarball":"https://registry.npmjs.org/tar/-/tar-3.1.4.tgz"},"maintainers":[{"name":"isaacs","email":"isaacs@npmjs.com"},{"name":"othiym23","email":"ogd@aoaioxxysz.net"},{"name":"soldair","email":"soldair@gmail.com"},{"name":"zkat","email":"kat@sykosomatic.org"}],"_npmOperationalInternal":{"host":"s3://npm-registry-packages","tmp":"tmp/tar-3.1.4.tgz_1496446872587_0.1321567993145436"},"directories":{}},"3.1.5":{"author":{"name":"Isaac Z. Schlueter","email":"i@izs.me","url":"http://blog.izs.me/"},"name":"tar","description":"tar for node","version":"3.1.5","repository":{"type":"git","url":"git+https://github.com/npm/node-tar.git"},"scripts":{"test":"tap test/*.js --100 -J --coverage-report=text","preversion":"npm test","postversion":"npm publish","postpublish":"git push origin --all; git push origin --tags","genparse":"node scripts/generate-parse-fixtures.js","bench":"for i in benchmarks/*/*.js; do echo $i; for j in {1..5}; do node $i || break; done; done"},"dependencies":{"minipass":"^2.0.2","minizlib":"^1.0.3","mkdirp":"^0.5.0","yallist":"^3.0.2"},"devDependencies":{"chmodr":"^1.0.2","events-to-array":"^1.1.2","mutate-fs":"^1.1.0","rimraf":"1.x","tap":"^10.3.3","tar-fs":"^1.15.2","tar-stream":"^1.5.2"},"license":"ISC","engines":{"node":">=4"},"files":["index.js","lib/"],"gitHead":"fce07b25fae8b42d0f8e594f7d4d52e7077a2596","bugs":{"url":"https://github.com/npm/node-tar/issues"},"homepage":"https://github.com/npm/node-tar#readme","_id":"tar@3.1.5","_npmVersion":"5.0.1","_nodeVersion":"8.0.0","_npmUser":{"name":"isaacs","email":"i@izs.me"},"dist":{"integrity":"sha512-TKJKz1fqBOZBaIQ/MGRKU0EnTGmKMLy4ReTRgP10AgtfOWBbj9PBg4MgY80GFpqGbs2EzcIctW5gbwbP4woDYg==","shasum":"4981e97ab7bad4cb1d5da9232047c9047a681aef","tarball":"https://registry.npmjs.org/tar/-/tar-3.1.5.tgz"},"maintainers":[{"name":"isaacs","email":"isaacs@npmjs.com"},{"name":"othiym23","email":"ogd@aoaioxxysz.net"},{"name":"soldair","email":"soldair@gmail.com"},{"name":"zkat","email":"kat@sykosomatic.org"}],"_npmOperationalInternal":{"host":"s3://npm-registry-packages","tmp":"tmp/tar-3.1.5.tgz_1496449018542_0.8640544661320746"},"directories":{}}},"maintainers":[{"name":"isaacs","email":"isaacs@npmjs.com"},{"name":"othiym23","email":"ogd@aoaioxxysz.net"},{"name":"soldair","email":"soldair@gmail.com"},{"name":"zkat","email":"kat@sykosomatic.org"}],"author":{"name":"Isaac Z. Schlueter","email":"i@izs.me","url":"http://blog.izs.me/"},"time":{"modified":"2017-06-04T10:27:31.460Z","created":"2011-11-20T07:11:18.109Z","0.0.1":"2011-11-20T07:11:18.109Z","0.1.0":"2011-11-20T07:52:36.525Z","0.1.2":"2011-11-21T22:31:19.762Z","0.1.3":"2011-11-23T00:44:56.703Z","0.1.4":"2011-11-29T03:02:22.216Z","0.1.5":"2011-11-30T18:54:34.219Z","0.1.6":"2011-11-30T20:50:10.803Z","0.1.7":"2011-12-01T03:12:57.060Z","0.1.8":"2011-12-03T02:29:20.608Z","0.1.9":"2011-12-09T02:01:45.330Z","0.1.10":"2012-01-05T00:46:43.197Z","0.1.11":"2012-01-06T01:47:30.560Z","0.1.12":"2012-01-13T18:05:48.499Z","0.1.13":"2012-03-13T00:07:39.934Z","0.1.14":"2012-12-03T04:12:29.063Z","0.1.15":"2013-02-02T02:38:57.779Z","0.1.16":"2013-02-02T19:18:49.559Z","0.1.17":"2013-03-20T06:23:09.563Z","0.1.18":"2013-07-24T03:35:17.606Z","0.1.19":"2013-12-09T17:26:25.554Z","0.1.20":"2014-06-24T20:51:47.700Z","1.0.0":"2014-07-31T22:28:36.607Z","1.0.1":"2014-08-19T19:26:19.807Z","1.0.2":"2014-10-28T06:50:17.116Z","1.0.3":"2014-11-28T01:50:25.407Z","2.0.0":"2015-03-27T01:45:53.078Z","2.0.1":"2015-04-09T00:56:16.262Z","2.1.0":"2015-04-17T07:03:07.838Z","2.1.1":"2015-05-08T00:38:16.661Z","2.2.0":"2015-08-27T21:01:29.846Z","2.2.1":"2015-09-10T01:49:38.319Z","3.0.0":"2017-05-10T01:24:27.621Z","3.0.1":"2017-05-10T17:55:58.326Z","3.1.0":"2017-05-12T16:43:21.251Z","3.1.1":"2017-05-12T17:02:16.466Z","3.1.2":"2017-05-12T22:54:32.029Z","3.1.3":"2017-05-16T00:56:04.961Z","3.1.4":"2017-06-02T23:41:13.115Z","3.1.5":"2017-06-03T00:16:58.694Z"},"description":"tar for node","repository":{"type":"git","url":"git+https://github.com/npm/node-tar.git"},"users":{"326060588":true,"dodo":true,"mklabs":true,"fgribreau":true,"pid":true,"rhansson":true,"kastor":true,"pragmadash":true,"qinshulei":true,"tarcio":true,"shen-weizhong":true,"yi":true,"liveinjs":true,"haiyang5210":true,"shanewholloway":true,"itonyyo":true,"alexkval":true,"jswartwood":true,"rmarques":true,"mikepol":true,"tianyk":true,"evan2x":true,"wkaifang":true,"dofy":true,"potnox":true,"sirrah":true,"tobiasnickel":true,"evanyeung":true,"nickeltobias":true,"roman-io":true,"po":true,"yokubee":true,"akarem":true,"shakakira":true,"rochejul":true,"esenor":true,"arefm":true},"readme":"# node-tar\n\n[Fast](./benchmarks) and full-featured Tar for Node.js\n\nThe API is designed to mimic the behavior of `tar(1)` on unix systems.\nIf you are familiar with how tar works, most of this will hopefully be\nstraightforward for you.  If not, then hopefully this module can teach\nyou useful unix skills that may come in handy someday :)\n\n## Background\n\nA \"tar file\" or \"tarball\" is an archive of file system entries\n(directories, files, links, etc.)  The name comes from \"tape archive\".\nIf you run `man tar` on almost any Unix command line, you'll learn\nquite a bit about what it can do, and its history.\n\nTar has 5 main top-level commands:\n\n* `c` Create an archive\n* `r` Replace entries within an archive\n* `u` Update entries within an archive (ie, replace if they're newer)\n* `t` List out the contents of an archive\n* `x` Extract an archive to disk\n\nThe other flags and options modify how this top level function works.\n\n## High-Level API\n\nThese 5 functions are the high-level API.  All of them have a\nsingle-character name (for unix nerds familiar with `tar(1)`) as well\nas a long name (for everyone else).\n\nAll the high-level functions take the following arguments, all three\nof which are optional and may be omitted.\n\n1. `options` - An optional object specifying various options\n2. `paths` - An array of paths to add or extract\n3. `callback` - Called when the command is completed, if async.  (If\n   sync or no file specified, providing a callback throws a\n   `TypeError`.)\n\nIf the command is sync (ie, if `options.sync=true`), then the\ncallback is not allowed, since the action will be completed immediately.\n\nIf a `file` argument is specified, and the command is async, then a\n`Promise` is returned.  In this case, if async, a callback may be\nprovided which is called when the command is completed.\n\nIf a `file` option is not specified, then a stream is returned.  For\n`create`, this is a readable stream of the generated archive.  For\n`list` and `extract` this is a writable stream that an archive should\nbe written into.  If a file is not specified, then a callback is not\nallowed, because you're already getting a stream to work with.\n\n`replace` and `update` only work on existing archives, and so require\na `file` argument.\n\nSync commands without a file argument return a stream that acts on its\ninput immediately in the same tick.  For readable streams, this means\nthat all of the data is immediately available by calling\n`stream.read()`.  For writable streams, it will be acted upon as soon\nas it is provided, but this can be at any time.\n\n### Warnings\n\nSome things cause tar to emit a warning, but should usually not cause\nthe entire operation to fail.  There are three ways to handle\nwarnings:\n\n1. **Ignore them** (default) Invalid entries won't be put in the\n   archive, and invalid entries won't be unpacked.  This is usually\n   fine, but can hide failures that you might care about.\n2. **Notice them**  Add an `onwarn` function to the options, or listen\n   to the `'warn'` event on any tar stream.  The function will get\n   called as `onwarn(message, data)`.  Handle as appropriate.\n3. **Explode them.**  Set `strict: true` in the options object, and\n   `warn` messages will be emitted as `'error'` events instead.  If\n   there's no `error` handler, this causes the program to crash.  If\n   used with a promise-returning/callback-taking method, then it'll\n   send the error to the promise/callback.\n\n### Examples\n\nThe API mimics the `tar(1)` command line functionality, with aliases\nfor more human-readable option and function names.  The goal is that\nif you know how to use `tar(1)` in Unix, then you know how to use\n`require('tar')` in JavaScript.\n\nTo replicate `tar czf my-tarball.tgz files and folders`, you'd do:\n\n```js\ntar.c(\n  {\n    gzip: <true|gzip options>,\n    file: 'my-tarball.tgz'\n  },\n  ['some', 'files', 'and', 'folders']\n).then(_ => { .. tarball has been created .. })\n```\n\nTo replicate `tar cz files and folders > my-tarball.tgz`, you'd do:\n\n```js\ntar.c( // or tar.create\n  {\n    gzip: <true|gzip options>\n  },\n  ['some', 'files', 'and', 'folders']\n).pipe(fs.createWriteStream('my-tarball.tgz')\n```\n\nTo replicate `tar xf my-tarball.tgz` you'd do:\n\n```js\ntar.x(  // or tar.extract(\n  {\n    file: 'my-tarball.tgz'\n  }\n).then(_=> { .. tarball has been dumped in cwd .. })\n```\n\nTo replicate `cat my-tarball.tgz | tar x -C some-dir --strip=1`:\n\n```js\nfs.createReadStream('my-tarball.tgz').pipe(\n  tar.x({\n    strip: 1,\n    C: 'some-dir' // alias for cwd:'some-dir', also ok\n  })\n)\n```\n\nTo replicate `tar tf my-tarball.tgz`, do this:\n\n```js\ntar.t({\n  file: 'my-tarball.tgz',\n  onentry: entry => { .. do whatever with it .. }\n})\n```\n\nTo replicate `cat my-tarball.tgz | tar t` do:\n\n```js\nfs.createReadStream('my-tarball.tgz')\n  .pipe(tar.t())\n  .on('entry', entry => { .. do whatever with it .. })\n```\n\nTo do anything synchronous, add `sync: true` to the options.  Note\nthat sync functions don't take a callback and don't return a promise.\nWhen the function returns, it's already done.  Sync methods without a\nfile argument return a sync stream, which flushes immediately.  But,\nof course, it still won't be done until you `.end()` it.\n\nTo filter entries, add `filter: <function>` to the options.\nTar-creating methods call the filter with `filter(path, stat)`.\nTar-reading methods (including extraction) call the filter with\n`filter(path, entry)`.  The filter is called in the `this`-context of\nthe `Pack` or `Unpack` stream object.\n\nThe arguments list to `tar t` and `tar x` specify a list of filenames\nto extract or list, so they're equivalent to a filter that tests if\nthe file is in the list.\n\nFor those who _aren't_ fans of tar's single-character command names:\n\n```\ntar.c === tar.create\ntar.r === tar.replace (appends to archive, file is required)\ntar.u === tar.update (appends if newer, file is required)\ntar.x === tar.extract\ntar.t === tar.list\n```\n\nKeep reading for all the command descriptions and options, as well as\nthe low-level API that they are built on.\n\n### tar.c(options, fileList, callback) [alias: tar.create]\n\nCreate a tarball archive.\n\nThe `fileList` is an array of paths to add to the tarball.  Adding a\ndirectory also adds its children recursively.\n\nAn entry in `fileList` that starts with an `@` symbol is a tar archive\nwhose entries will be added.  To add a file that starts with `@`,\nprepend it with `./`.\n\nThe following options are supported:\n\n- `file` Write the tarball archive to the specified filename.  If this\n  is specified, then the callback will be fired when the file has been\n  written, and a promise will be returned that resolves when the file\n  is written.  If a filename is not specified, then a Readable Stream\n  will be returned which will emit the file data. [Alias: `f`]\n- `sync` Act synchronously.  If this is set, then any provided file\n  will be fully written after the call to `tar.c`.  If this is set,\n  and a file is not provided, then the resulting stream will already\n  have the data ready to `read` or `emit('data')` as soon as you\n  request it.\n- `onwarn` A function that will get called with `(message, data)` for\n  any warnings encountered.\n- `strict` Treat warnings as crash-worthy errors.  Default false.\n- `cwd` The current working directory for creating the archive.\n  Defaults to `process.cwd()`.  [Alias: `C`]\n- `prefix` A path portion to prefix onto the entries in the archive.\n- `gzip` Set to any truthy value to create a gzipped archive, or an\n  object with settings for `zlib.Gzip()` [Alias: `z`]\n- `filter` A function that gets called with `(path, stat)` for each\n  entry being added.  Return `true` to add the entry to the archive,\n  or `false` to omit it.\n- `portable` Omit metadata that is system-specific: `ctime`, `atime`,\n  `uid`, `gid`, `uname`, `gname`, `dev`, `ino`, and `nlink`.  Note\n  that `mtime` is still included, because this is necessary other\n  time-based operations.\n- `preservePaths` Allow absolute paths.  By default, `/` is stripped\n  from absolute paths. [Alias: `P`]\n- `mode` The mode to set on the created file archive\n- `noDirRecurse` Do not recursively archive the contents of\n  directories. [Alias: `n`]\n- `follow` Set to true to pack the targets of symbolic links.  Without\n  this option, symbolic links are archived as such. [Alias: `L`, `h`]\n- `noPax` Suppress pax extended headers.  Note that this means that\n  long paths and linkpaths will be truncated, and large or negative\n  numeric values may be interpreted incorrectly.\n\nThe following options are mostly internal, but can be modified in some\nadvanced use cases, such as re-using caches between runs.\n\n- `linkCache` A Map object containing the device and inode value for\n  any file whose nlink is > 1, to identify hard links.\n- `statCache` A Map object that caches calls `lstat`.\n- `readdirCache` A Map object that caches calls to `readdir`.\n- `jobs` A number specifying how many concurrent jobs to run.\n  Defaults to 4.\n- `maxReadSize` The maximum buffer size for `fs.read()` operations.\n  Defaults to 16 MB.\n\n### tar.x(options, fileList, callback) [alias: tar.extract]\n\nExtract a tarball archive.\n\nThe `fileList` is an array of paths to extract from the tarball.  If\nno paths are provided, then all the entries are extracted.\n\nIf the archive is gzipped, then tar will detect this and unzip it.\n\nNote that all directories that are created will be forced to be\nwritable, readable, and listable by their owner, to avoid cases where\na directory prevents extraction of child entries by virtue of its\nmode.\n\nThe following options are supported:\n\n- `cwd` Extract files relative to the specified directory.  Defaults\n  to `process.cwd()`. [Alias: `C`]\n- `file` The archive file to extract.  If not specified, then a\n  Writable stream is returned where the archive data should be\n  written. [Alias: `f`]\n- `sync` Create files and directories synchronously.\n- `strict` Treat warnings as crash-worthy errors.  Default false.\n- `filter` A function that gets called with `(path, entry)` for each\n  entry being unpacked.  Return `true` to unpack the entry from the\n  archive, or `false` to skip it.\n- `newer` Set to true to keep the existing file on disk if it's newer\n  than the file in the archive. [Alias: `keep-newer`,\n  `keep-newer-files`]\n- `keep` Do not overwrite existing files.  In particular, if a file\n  appears more than once in an archive, later copies will not\n  overwrite earlier copies. [Alias: `k`, `keep-existing`]\n- `preservePaths` Allow absolute paths, paths containing `..`, and\n  extracting through symbolic links.  By default, `/` is stripped from\n  absolute paths, `..` paths are not extracted, and any file whose\n  location would be modified by a symbolic link is not extracted.\n  [Alias: `P`]\n- `unlink` Unlink files before creating them.  Without this option,\n  tar overwrites existing files, which preserves existing hardlinks.\n  With this option, existing hardlinks will be broken, as will any\n  symlink that would affect the location of an extracted file. [Alias:\n  `U`]\n- `strip` Remove the specified number of leading path elements.\n  Pathnames with fewer elements will be silently skipped.  Note that\n  the pathname is edited after applying the filter, but before\n  security checks. [Alias: `strip-components`, `stripComponents`]\n- `onwarn` A function that will get called with `(message, data)` for\n  any warnings encountered.\n- `preserveOwner` If true, tar will set the `uid` and `gid` of\n  extracted entries to the `uid` and `gid` fields in the archive.\n  This defaults to true when run as root, and false otherwise.  If\n  false, then files and directories will be set with the owner and\n  group of the user running the process.  This is similar to `-p` in\n  `tar(1)`, but ACLs and other system-specific data is never unpacked\n  in this implementation, and modes are set by default already.\n  [Alias: `p`]\n\nThe following options are mostly internal, but can be modified in some\nadvanced use cases, such as re-using caches between runs.\n\n- `maxReadSize` The maximum buffer size for `fs.read()` operations.\n  Defaults to 16 MB.\n- `umask` Filter the modes of entries like `process.umask()`.\n- `dmode` Default mode for directories\n- `fmode` Default mode for files\n- `dirCache` A Map object of which directories exist.\n- `maxMetaEntrySize` The maximum size of meta entries that is\n  supported.  Defaults to 1 MB.\n\n### tar.t(options, fileList, callback) [alias: tar.list]\n\nList the contents of a tarball archive.\n\nThe `fileList` is an array of paths to list from the tarball.  If\nno paths are provided, then all the entries are listed.\n\nIf the archive is gzipped, then tar will detect this and unzip it.\n\nReturns an event emitter that emits `entry` events with\n`tar.ReadEntry` objects.  However, they don't emit `'data'` or `'end'`\nevents.  (If you want to get actual readable entries, use the\n`tar.Parse` class instead.)\n\nThe following options are supported:\n\n- `cwd` Extract files relative to the specified directory.  Defaults\n  to `process.cwd()`. [Alias: `C`]\n- `file` The archive file to list.  If not specified, then a\n  Writable stream is returned where the archive data should be\n  written. [Alias: `f`]\n- `sync` Read the specified file synchronously.  (This has no effect\n  when a file option isn't specified, because entries are emitted as\n  fast as they are parsed from the stream anyway.)\n- `strict` Treat warnings as crash-worthy errors.  Default false.\n- `filter` A function that gets called with `(path, entry)` for each\n  entry being listed.  Return `true` to emit the entry from the\n  archive, or `false` to skip it.\n- `onentry` A function that gets called with `(entry)` for each entry\n  that passes the filter.  This is important for when both `file` and\n  `sync` are set, because it will be called synchronously.\n- `maxReadSize` The maximum buffer size for `fs.read()` operations.\n  Defaults to 16 MB.\n- `noResume` By default, `entry` streams are resumed immediately after\n  the call to `onentry`.  Set `noResume: true` to suppress this\n  behavior.  Note that by opting into this, the stream will never\n  complete until the entry data is consumed.\n\n### tar.u(options, fileList, callback) [alias: tar.update]\n\nAdd files to an archive if they are newer than the entry already in\nthe tarball archive.\n\nThe `fileList` is an array of paths to add to the tarball.  Adding a\ndirectory also adds its children recursively.\n\nAn entry in `fileList` that starts with an `@` symbol is a tar archive\nwhose entries will be added.  To add a file that starts with `@`,\nprepend it with `./`.\n\nThe following options are supported:\n\n- `file` Required. Write the tarball archive to the specified\n  filename. [Alias: `f`]\n- `sync` Act synchronously.  If this is set, then any provided file\n  will be fully written after the call to `tar.c`.\n- `onwarn` A function that will get called with `(message, data)` for\n  any warnings encountered.\n- `strict` Treat warnings as crash-worthy errors.  Default false.\n- `cwd` The current working directory for adding entries to the\n  archive.  Defaults to `process.cwd()`.  [Alias: `C`]\n- `prefix` A path portion to prefix onto the entries in the archive.\n- `gzip` Set to any truthy value to create a gzipped archive, or an\n  object with settings for `zlib.Gzip()` [Alias: `z`]\n- `filter` A function that gets called with `(path, stat)` for each\n  entry being added.  Return `true` to add the entry to the archive,\n  or `false` to omit it.\n- `portable` Omit metadata that is system-specific: `ctime`, `atime`,\n  `uid`, `gid`, `uname`, `gname`, `dev`, `ino`, and `nlink`.  Note\n  that `mtime` is still included, because this is necessary other\n  time-based operations.\n- `preservePaths` Allow absolute paths.  By default, `/` is stripped\n  from absolute paths. [Alias: `P`]\n- `maxReadSize` The maximum buffer size for `fs.read()` operations.\n  Defaults to 16 MB.\n- `noDirRecurse` Do not recursively archive the contents of\n  directories. [Alias: `n`]\n- `follow` Set to true to pack the targets of symbolic links.  Without\n  this option, symbolic links are archived as such. [Alias: `L`, `h`]\n- `noPax` Suppress pax extended headers.  Note that this means that\n  long paths and linkpaths will be truncated, and large or negative\n  numeric values may be interpreted incorrectly.\n\n### tar.r(options, fileList, callback) [alias: tar.replace]\n\nAdd files to an existing archive.  Because later entries override\nearlier entries, this effectively replaces any existing entries.\n\nThe `fileList` is an array of paths to add to the tarball.  Adding a\ndirectory also adds its children recursively.\n\nAn entry in `fileList` that starts with an `@` symbol is a tar archive\nwhose entries will be added.  To add a file that starts with `@`,\nprepend it with `./`.\n\nThe following options are supported:\n\n- `file` Required. Write the tarball archive to the specified\n  filename. [Alias: `f`]\n- `sync` Act synchronously.  If this is set, then any provided file\n  will be fully written after the call to `tar.c`.\n- `onwarn` A function that will get called with `(message, data)` for\n  any warnings encountered.\n- `strict` Treat warnings as crash-worthy errors.  Default false.\n- `cwd` The current working directory for adding entries to the\n  archive.  Defaults to `process.cwd()`.  [Alias: `C`]\n- `prefix` A path portion to prefix onto the entries in the archive.\n- `gzip` Set to any truthy value to create a gzipped archive, or an\n  object with settings for `zlib.Gzip()` [Alias: `z`]\n- `filter` A function that gets called with `(path, stat)` for each\n  entry being added.  Return `true` to add the entry to the archive,\n  or `false` to omit it.\n- `portable` Omit metadata that is system-specific: `ctime`, `atime`,\n  `uid`, `gid`, `uname`, `gname`, `dev`, `ino`, and `nlink`.  Note\n  that `mtime` is still included, because this is necessary other\n  time-based operations.\n- `preservePaths` Allow absolute paths.  By default, `/` is stripped\n  from absolute paths. [Alias: `P`]\n- `maxReadSize` The maximum buffer size for `fs.read()` operations.\n  Defaults to 16 MB.\n- `noDirRecurse` Do not recursively archive the contents of\n  directories. [Alias: `n`]\n- `follow` Set to true to pack the targets of symbolic links.  Without\n  this option, symbolic links are archived as such. [Alias: `L`, `h`]\n- `noPax` Suppress pax extended headers.  Note that this means that\n  long paths and linkpaths will be truncated, and large or negative\n  numeric values may be interpreted incorrectly.\n\n## Low-Level API\n\n### class tar.Pack\n\nA readable tar stream.\n\nHas all the standard readable stream interface stuff.  `'data'` and\n`'end'` events, `read()` method, `pause()` and `resume()`, etc.\n\n#### constructor(options)\n\nThe following options are supported:\n\n- `onwarn` A function that will get called with `(message, data)` for\n  any warnings encountered.\n- `strict` Treat warnings as crash-worthy errors.  Default false.\n- `cwd` The current working directory for creating the archive.\n  Defaults to `process.cwd()`.\n- `prefix` A path portion to prefix onto the entries in the archive.\n- `gzip` Set to any truthy value to create a gzipped archive, or an\n  object with settings for `zlib.Gzip()`\n- `filter` A function that gets called with `(path, stat)` for each\n  entry being added.  Return `true` to add the entry to the archive,\n  or `false` to omit it.\n- `portable` Omit metadata that is system-specific: `ctime`, `atime`,\n  `uid`, `gid`, `uname`, `gname`, `dev`, `ino`, and `nlink`.  Note\n  that `mtime` is still included, because this is necessary other\n  time-based operations.\n- `preservePaths` Allow absolute paths.  By default, `/` is stripped\n  from absolute paths.\n- `linkCache` A Map object containing the device and inode value for\n  any file whose nlink is > 1, to identify hard links.\n- `statCache` A Map object that caches calls `lstat`.\n- `readdirCache` A Map object that caches calls to `readdir`.\n- `jobs` A number specifying how many concurrent jobs to run.\n  Defaults to 4.\n- `maxReadSize` The maximum buffer size for `fs.read()` operations.\n  Defaults to 16 MB.\n- `noDirRecurse` Do not recursively archive the contents of\n  directories.\n- `follow` Set to true to pack the targets of symbolic links.  Without\n  this option, symbolic links are archived as such.\n- `noPax` Suppress pax extended headers.  Note that this means that\n  long paths and linkpaths will be truncated, and large or negative\n  numeric values may be interpreted incorrectly.\n\n#### add(path)\n\nAdds an entry to the archive.  Returns the Pack stream.\n\n#### write(path)\n\nAdds an entry to the archive.  Returns true if flushed.\n\n#### end()\n\nFinishes the archive.\n\n### class tar.Pack.Sync\n\nSynchronous version of `tar.Pack`.\n\n### class tar.Unpack\n\nA writable stream that unpacks a tar archive onto the file system.\n\nAll the normal writable stream stuff is supported.  `write()` and\n`end()` methods, `'drain'` events, etc.\n\nNote that all directories that are created will be forced to be\nwritable, readable, and listable by their owner, to avoid cases where\na directory prevents extraction of child entries by virtue of its\nmode.\n\n`'close'` is emitted when it's done writing stuff to the file system.\n\n#### constructor(options)\n\n- `cwd` Extract files relative to the specified directory.  Defaults\n  to `process.cwd()`.\n- `filter` A function that gets called with `(path, entry)` for each\n  entry being unpacked.  Return `true` to unpack the entry from the\n  archive, or `false` to skip it.\n- `newer` Set to true to keep the existing file on disk if it's newer\n  than the file in the archive.\n- `keep` Do not overwrite existing files.  In particular, if a file\n  appears more than once in an archive, later copies will not\n  overwrite earlier copies.\n- `preservePaths` Allow absolute paths, paths containing `..`, and\n  extracting through symbolic links.  By default, `/` is stripped from\n  absolute paths, `..` paths are not extracted, and any file whose\n  location would be modified by a symbolic link is not extracted.\n- `unlink` Unlink files before creating them.  Without this option,\n  tar overwrites existing files, which preserves existing hardlinks.\n  With this option, existing hardlinks will be broken, as will any\n  symlink that would affect the location of an extracted file.\n- `strip` Remove the specified number of leading path elements.\n  Pathnames with fewer elements will be silently skipped.  Note that\n  the pathname is edited after applying the filter, but before\n  security checks.\n- `onwarn` A function that will get called with `(message, data)` for\n  any warnings encountered.\n- `umask` Filter the modes of entries like `process.umask()`.\n- `dmode` Default mode for directories\n- `fmode` Default mode for files\n- `dirCache` A Map object of which directories exist.\n- `maxMetaEntrySize` The maximum size of meta entries that is\n  supported.  Defaults to 1 MB.\n- `preserveOwner` If true, tar will set the `uid` and `gid` of\n  extracted entries to the `uid` and `gid` fields in the archive.\n  This defaults to true when run as root, and false otherwise.  If\n  false, then files and directories will be set with the owner and\n  group of the user running the process.  This is similar to `-p` in\n  `tar(1)`, but ACLs and other system-specific data is never unpacked\n  in this implementation, and modes are set by default already.\n- `win32` True if on a windows platform.  Causes behavior where\n  filenames containing `<|>?` chars are converted to\n  windows-compatible values while being unpacked.\n\n### class tar.Unpack.Sync\n\nSynchronous version of `tar.Unpack`.\n\n### class tar.Parse\n\nA writable stream that parses a tar archive stream.  All the standard\nwritable stream stuff is supported.\n\nIf the archive is gzipped, then tar will detect this and unzip it.\n\nEmits `'entry'` events with `tar.ReadEntry` objects, which are\nthemselves readable streams that you can pipe wherever.\n\nEach `entry` will not emit until the one before it is flushed through,\nso make sure to either consume the data (with `on('data', ...)` or\n`.pipe(...)`) or throw it away with `.resume()` to keep the stream\nflowing.\n\n#### constructor(options)\n\nReturns an event emitter that emits `entry` events with\n`tar.ReadEntry` objects.\n\nThe following options are supported:\n\n- `strict` Treat warnings as crash-worthy errors.  Default false.\n- `filter` A function that gets called with `(path, entry)` for each\n  entry being listed.  Return `true` to emit the entry from the\n  archive, or `false` to skip it.\n- `onentry` A function that gets called with `(entry)` for each entry\n  that passes the filter.\n- `onwarn` A function that will get called with `(message, data)` for\n  any warnings encountered.\n\n#### abort(message, error)\n\nStop all parsing activities.  This is called when there are zlib\nerrors.  It also emits a warning with the message and error provided.\n\n### class tar.ReadEntry extends [MiniPass](http://npm.im/minipass)\n\nA representation of an entry that is being read out of a tar archive.\n\nIt has the following fields:\n\n- `extended` The extended metadata object provided to the constructor.\n- `globalExtended` The global extended metadata object provided to the\n  constructor.\n- `remain` The number of bytes remaining to be written into the\n  stream.\n- `blockRemain` The number of 512-byte blocks remaining to be written\n  into the stream.\n- `ignore` Whether this entry should be ignored.\n- `meta` True if this represents metadata about the next entry, false\n  if it represents a filesystem object.\n- All the fields from the header, extended header, and global extended\n  header are added to the ReadEntry object.  So it has `path`, `type`,\n  `size, `mode`, and so on.\n\n#### constructor(header, extended, globalExtended)\n\nCreate a new ReadEntry object with the specified header, extended\nheader, and global extended header values.\n\n### class tar.WriteEntry extends [MiniPass](http://npm.im/minipass)\n\nA representation of an entry that is being written from the file\nsystem into a tar archive.\n\nEmits data for the Header, and for the Pax Extended Header if one is\nrequired, as well as any body data.\n\nCreating a WriteEntry for a directory does not also create\nWriteEntry objects for all of the directory contents.\n\nIt has the following fields:\n\n- `path` The path field that will be written to the archive.  By\n  default, this is also the path from the cwd to the file system\n  object.\n- `portable` Omit metadata that is system-specific: `ctime`, `atime`,\n  `uid`, `gid`, `uname`, `gname`, `dev`, `ino`, and `nlink`.  Note\n  that `mtime` is still included, because this is necessary other\n  time-based operations.\n- `myuid` If supported, the uid of the user running the current\n  process.\n- `myuser` The `env.USER` string if set, or `''`.  Set as the entry\n  `uname` field if the file's `uid` matches `this.myuid`.\n- `maxReadSize` The maximum buffer size for `fs.read()` operations.\n  Defaults to 1 MB.\n- `linkCache` A Map object containing the device and inode value for\n  any file whose nlink is > 1, to identify hard links.\n- `statCache` A Map object that caches calls `lstat`.\n- `preservePaths` Allow absolute paths.  By default, `/` is stripped\n  from absolute paths.\n- `cwd` The current working directory for creating the archive.\n  Defaults to `process.cwd()`.\n- `absolute` The absolute path to the entry on the filesystem.  By\n  default, this is `path.resolve(this.cwd, this.path)`, but it can be\n  overridden explicitly.\n- `strict` Treat warnings as crash-worthy errors.  Default false.\n- `win32` True if on a windows platform.  Causes behavior where paths\n  replace `\\` with `/` and filenames containing the windows-compatible\n  forms of `<|>?:` characters are converted to actual `<|>?:` characters\n  in the archive.\n- `noPax` Suppress pax extended headers.  Note that this means that\n  long paths and linkpaths will be truncated, and large or negative\n  numeric values may be interpreted incorrectly.\n\n#### constructor(path, options)\n\n`path` is the path of the entry as it is written in the archive.\n\nThe following options are supported:\n\n- `portable` Omit metadata that is system-specific: `ctime`, `atime`,\n  `uid`, `gid`, `uname`, `gname`, `dev`, `ino`, and `nlink`.  Note\n  that `mtime` is still included, because this is necessary other\n  time-based operations.\n- `maxReadSize` The maximum buffer size for `fs.read()` operations.\n  Defaults to 1 MB.\n- `linkCache` A Map object containing the device and inode value for\n  any file whose nlink is > 1, to identify hard links.\n- `statCache` A Map object that caches calls `lstat`.\n- `preservePaths` Allow absolute paths.  By default, `/` is stripped\n  from absolute paths.\n- `cwd` The current working directory for creating the archive.\n  Defaults to `process.cwd()`.\n- `absolute` The absolute path to the entry on the filesystem.  By\n  default, this is `path.resolve(this.cwd, this.path)`, but it can be\n  overridden explicitly.\n- `strict` Treat warnings as crash-worthy errors.  Default false.\n- `win32` True if on a windows platform.  Causes behavior where paths\n  replace `\\` with `/`.\n- `onwarn` A function that will get called with `(message, data)` for\n  any warnings encountered.\n\n#### warn(message, data)\n\nIf strict, emit an error with the provided message.\n\nOthewise, emit a `'warn'` event with the provided message and data.\n\n### class tar.WriteEntry.Sync\n\nSynchronous version of tar.WriteEntry\n\n### class tar.WriteEntry.Tar\n\nA version of tar.WriteEntry that gets its data from a tar.ReadEntry\ninstead of from the filesystem.\n\n#### constructor(readEntry, options)\n\n`readEntry` is the entry being read out of another archive.\n\nThe following options are supported:\n\n- `portable` Omit metadata that is system-specific: `ctime`, `atime`,\n  `uid`, `gid`, `uname`, `gname`, `dev`, `ino`, and `nlink`.  Note\n  that `mtime` is still included, because this is necessary other\n  time-based operations.\n- `preservePaths` Allow absolute paths.  By default, `/` is stripped\n  from absolute paths.\n- `strict` Treat warnings as crash-worthy errors.  Default false.\n- `onwarn` A function that will get called with `(message, data)` for\n  any warnings encountered.\n\n### class tar.Header\n\nA class for reading and writing header blocks.\n\nIt has the following fields:\n\n- `nullBlock` True if decoding a block which is entirely composed of\n  `0x00` null bytes.  (Useful because tar files are terminated by\n  at least 2 null blocks.)\n- `cksumValid` True if the checksum in the header is valid, false\n  otherwise.\n- `needPax` True if the values, as encoded, will require a Pax\n  extended header.\n- `path` The path of the entry.\n- `mode` The 4 lowest-order octal digits of the file mode.  That is,\n  read/write/execute permissions for world, group, and owner, and the\n  setuid, setgid, and sticky bits.\n- `uid` Numeric user id of the file owner\n- `gid` Numeric group id of the file owner\n- `size` Size of the file in bytes\n- `mtime` Modified time of the file\n- `cksum` The checksum of the header.  This is generated by adding all\n  the bytes of the header block, treating the checksum field itself as\n  all ascii space characters (that is, `0x20`).\n- `type` The human-readable name of the type of entry this represents,\n  or the alphanumeric key if unknown.\n- `typeKey` The alphanumeric key for the type of entry this header\n  represents.\n- `linkpath` The target of Link and SymbolicLink entries.\n- `uname` Human-readable user name of the file owner\n- `gname` Human-readable group name of the file owner\n- `devmaj` The major portion of the device number.  Always `0` for\n  files, directories, and links.\n- `devmin` The minor portion of the device number.  Always `0` for\n  files, directories, and links.\n- `atime` File access time.\n- `ctime` File change time.\n\n#### constructor(data, [offset=0])\n\n`data` is optional.  It is either a Buffer that should be interpreted\nas a tar Header starting at the specified offset and continuing for\n512 bytes, or a data object of keys and values to set on the header\nobject, and eventually encode as a tar Header.\n\n#### decode(block, offset)\n\nDecode the provided buffer starting at the specified offset.\n\nBuffer length must be greater than 512 bytes.\n\n#### set(data)\n\nSet the fields in the data object.\n\n#### encode(buffer, offset)\n\nEncode the header fields into the buffer at the specified offset.\n\nReturns `this.needPax` to indicate whether a Pax Extended Header is\nrequired to properly encode the specified data.\n\n### class tar.Pax\n\nAn object representing a set of key-value pairs in an Pax extended\nheader entry.\n\nIt has the following fields.  Where the same name is used, they have\nthe same semantics as the tar.Header field of the same name.\n\n- `global` True if this represents a global extended header, or false\n  if it is for a single entry.\n- `atime`\n- `charset`\n- `comment`\n- `ctime`\n- `gid`\n- `gname`\n- `linkpath`\n- `mtime`\n- `path`\n- `size`\n- `uid`\n- `uname`\n- `dev`\n- `ino`\n- `nlink`\n\n#### constructor(object, global)\n\nSet the fields set in the object.  `global` is a boolean that defaults\nto false.\n\n#### encode()\n\nReturn a Buffer containing the header and body for the Pax extended\nheader entry, or `null` if there is nothing to encode.\n\n#### encodeBody()\n\nReturn a string representing the body of the pax extended header\nentry.\n\n#### encodeField(fieldName)\n\nReturn a string representing the key/value encoding for the specified\nfieldName, or `''` if the field is unset.\n\n### tar.Pax.parse(string, extended, global)\n\nReturn a new Pax object created by parsing the contents of the string\nprovided.\n\nIf the `extended` object is set, then also add the fields from that\nobject.  (This is necessary because multiple metadata entries can\noccur in sequence.)\n\n### tar.types\n\nA translation table for the `type` field in tar headers.\n\n#### tar.types.name.get(code)\n\nGet the human-readable name for a given alphanumeric code.\n\n#### tar.types.code.get(name)\n\nGet the alphanumeric code for a given human-readable name.\n","homepage":"https://github.com/npm/node-tar#readme","bugs":{"url":"https://github.com/npm/node-tar/issues"},"license":"ISC","readmeFilename":"README.md","_attachments":{},"_etag":"W/\"5933e093-13154\"","_lastModified":"Sun, 04 Jun 2017 10:27:31 GMT","_cached":true}