{"_id":"npm-request","_rev":"1549051","name":"npm-request","description":"request with npmrc's auth","dist-tags":{"latest":"1.0.0"},"maintainers":[{"name":"dead_horse","email":"dead_horse@qq.com"}],"time":{"modified":"2017-03-31T01:27:12.000Z","created":"2014-01-15T08:56:02.577Z","1.0.0":"2016-03-07T02:32:05.854Z","0.0.4":"2014-03-18T02:43:05.605Z","0.0.3":"2014-01-15T09:46:04.956Z","0.0.1":"2014-01-15T08:56:02.577Z"},"users":{},"author":{"name":"dead_horse","email":"dead_horse@qq.com"},"repository":{"type":"git","url":"git+https://github.com/repo-utils/npm-request.git"},"versions":{"1.0.0":{"name":"npm-request","description":"request with npmrc's auth","repository":{"type":"git","url":"git+https://github.com/repo-utils/npm-request.git"},"version":"1.0.0","keywords":["npm","request","auth"],"author":{"name":"dead_horse","email":"dead_horse@qq.com"},"files":["index.js"],"dependencies":{"urllib":"^2.8.0"},"devDependencies":{"autod":"*","istanbul":"*","mocha":"*"},"scripts":{"test":"mocha -t 5000 test/*.test.js","test-cov":"istanbul cover node_modules/mocha/bin/_mocha -- -t 5000 test/*.test.js","autod":"autod -w --prefix '~'"},"engines":{"node":">=0.12.9"},"license":"MIT","gitHead":"0dbc9b6c61b43e9e79fcdf64d48795bd73d39a93","bugs":{"url":"https://github.com/repo-utils/npm-request/issues"},"homepage":"https://github.com/repo-utils/npm-request#readme","_id":"npm-request@1.0.0","_shasum":"3bca7a50ec6dbd390bf1465ad49d459e57d6f8bf","_from":".","_npmVersion":"2.12.0","_nodeVersion":"4.2.4","_npmUser":{"name":"dead_horse","email":"dead_horse@qq.com"},"dist":{"shasum":"3bca7a50ec6dbd390bf1465ad49d459e57d6f8bf","size":2394,"noattachment":false,"tarball":"http://registry.npm.taobao.org/npm-request/download/npm-request-1.0.0.tgz"},"maintainers":[{"name":"dead_horse","email":"dead_horse@qq.com"}],"_npmOperationalInternal":{"host":"packages-12-west.internal.npmjs.com","tmp":"tmp/npm-request-1.0.0.tgz_1457317922502_0.5489794691093266"},"directories":{},"publish_time":1457317925854,"_cnpm_publish_time":1457317925854,"_hasShrinkwrap":false},"0.0.4":{"name":"npm-request","description":"request with npmrc's auth","repository":{"type":"git","url":"git://github.com/dead-horse/npm-request"},"version":"0.0.4","keywords":["npm","request","auth"],"author":{"name":"dead_horse","email":"dead_horse@qq.com"},"files":["index.js"],"dependencies":{"urllib":"0.5.11"},"devDependencies":{"autod":"*"},"scripts":{"autod":"autod -w"},"license":"MIT","bugs":{"url":"https://github.com/dead-horse/npm-request/issues"},"homepage":"https://github.com/dead-horse/npm-request","_id":"npm-request@0.0.4","dist":{"shasum":"bd8734e1bac1ec943a86ed8ee0bba8a969c28965","size":1449,"noattachment":false,"tarball":"http://registry.npm.taobao.org/npm-request/download/npm-request-0.0.4.tgz"},"_from":".","_npmVersion":"1.4.3","_npmUser":{"name":"dead_horse","email":"dead_horse@qq.com"},"maintainers":[{"name":"dead_horse","email":"dead_horse@qq.com"}],"directories":{},"publish_time":1395110585605,"_hasShrinkwrap":false,"_cnpm_publish_time":1395110585605},"0.0.3":{"name":"npm-request","description":"request with npmrc's auth","repository":{"type":"git","url":"git://github.com/dead-horse/npm-request"},"version":"0.0.3","keywords":["npm","request","auth"],"author":{"name":"dead_horse","email":"dead_horse@qq.com"},"files":["index.js"],"dependencies":{"urllib":"0.5.5"},"devDependencies":{},"license":"MIT","bugs":{"url":"https://github.com/dead-horse/npm-request/issues"},"homepage":"https://github.com/dead-horse/npm-request","_id":"npm-request@0.0.3","dist":{"shasum":"7ce0d59f04a8669ffb26fd770935d6cfccbde4c6","size":1422,"noattachment":false,"tarball":"http://registry.npm.taobao.org/npm-request/download/npm-request-0.0.3.tgz"},"_from":".","_npmVersion":"1.3.22","_npmUser":{"name":"dead_horse","email":"dead_horse@qq.com"},"maintainers":[{"name":"dead_horse","email":"dead_horse@qq.com"}],"directories":{},"publish_time":1389779164956,"_hasShrinkwrap":false,"_cnpm_publish_time":1389779164956},"0.0.1":{"name":"npm-request","description":"request with npmrc's auth","repository":{"type":"git","url":"git://github.com/dead-horse/npm-request"},"version":"0.0.1","keywords":["npm","request","auth"],"author":{"name":"dead_horse","email":"dead_horse@qq.com"},"files":["index.js"],"dependencies":{"urllib":"0.5.5"},"devDependencies":{},"license":"MIT","bugs":{"url":"https://github.com/dead-horse/npm-request/issues"},"homepage":"https://github.com/dead-horse/npm-request","_id":"npm-request@0.0.1","dist":{"shasum":"db7f2f32f1a9cd81c592400f526bfe6d1de7916a","size":1395,"noattachment":false,"tarball":"http://registry.npm.taobao.org/npm-request/download/npm-request-0.0.1.tgz"},"_from":".","_npmVersion":"1.3.22","_npmUser":{"name":"dead_horse","email":"dead_horse@qq.com"},"maintainers":[{"name":"dead_horse","email":"dead_horse@qq.com"}],"directories":{},"publish_time":1389776162577,"_hasShrinkwrap":false,"_cnpm_publish_time":1389776162577}},"readme":"npm-request\n===========\n\nnpm request with .npmrc's auth\n","_attachments":{},"homepage":"https://github.com/repo-utils/npm-request#readme","bugs":{"url":"https://github.com/repo-utils/npm-request/issues"},"license":"MIT","_etag":"\"1438-xYupndJO8cQrkPBJh+acAJJGTH8\""}