{"_id":"auto-correct","_rev":"2-ed063a7636ed3a7c875038c403f04252","name":"auto-correct","description":"auto correct for command line tools ","dist-tags":{"latest":"1.0.0"},"versions":{"1.0.0":{"name":"auto-correct","version":"1.0.0","description":"auto correct for command line tools ","main":"index.js","scripts":{"test":"node test"},"repository":{"type":"git","url":"git://github.com/node-modules/auto-correct.git"},"keywords":["client","command","auto-correct","typo"],"author":{"name":"dead_horse","email":"dead_horse@qq.com"},"license":"MIT","bugs":{"url":"https://github.com/node-modules/auto-correct/issues"},"homepage":"https://github.com/node-modules/auto-correct","_id":"auto-correct@1.0.0","dist":{"shasum":"9865d9a2c1a7118421f5f0654f685fbeb41b034b","tarball":"https://registry.npmjs.org/auto-correct/-/auto-correct-1.0.0.tgz"},"_from":".","_npmVersion":"1.4.3","_npmUser":{"name":"dead_horse","email":"dead_horse@qq.com"},"maintainers":[{"name":"dead_horse","email":"dead_horse@qq.com"}],"directories":{}}},"readme":"auto-correct\n============\n[![Build Status](https://travis-ci.org/node-modules/auto-correct.svg?branch=0.4.3)](https://travis-ci.org/node-modules/auto-correct)\n\nauto correct for command line tools\n\nmake `install` match with:\n\n```\ninstall\nnstall\nnistall\nistall\nisntall\nintall\nintsall\ninsall\ninsatll\ninstll\ninstlal\ninstal\ninstall\n```\n\n## install\n\n```\nnpm install auto-correct\n```\n\n## Usage\n\n```\nvar match = require('auto-correct');\n\nmatch('insall', 'install'); // true\n```\n","maintainers":[{"name":"dead_horse","email":"dead_horse@qq.com"}],"time":{"modified":"2014-04-18T15:41:40.203Z","created":"2014-04-18T15:41:40.203Z","1.0.0":"2014-04-18T15:41:40.203Z"},"homepage":"https://github.com/node-modules/auto-correct","keywords":["client","command","auto-correct","typo"],"repository":{"type":"git","url":"git://github.com/node-modules/auto-correct.git"},"author":{"name":"dead_horse","email":"dead_horse@qq.com"},"bugs":{"url":"https://github.com/node-modules/auto-correct/issues"},"license":"MIT","readmeFilename":"README.md","_attachments":{},"_etag":"W/\"535147b4-83d\"","_lastModified":"Fri, 18 Apr 2014 15:41:40 GMT","_cached":true}