{"_id":"ecc-jsbn","_rev":"1280652","name":"ecc-jsbn","description":"ECC JS code based on JSBN","dist-tags":{"latest":"0.1.1"},"maintainers":[{"name":"quartzjer","email":"jeremie@jabber.org"},{"name":"rynomad","email":"nomad.ry@gmail.com"}],"time":{"modified":"2017-03-28T21:40:27.000Z","created":"2014-03-06T05:48:34.662Z","0.1.1":"2015-11-23T14:19:09.579Z","0.0.1":"2014-03-06T05:48:34.662Z"},"users":{"mojaray2k":true},"author":{"name":"Jeremie Miller","email":"jeremie@jabber.org","url":"http://jeremie.com/"},"repository":{"type":"git","url":"git+https://github.com/quartzjer/ecc-jsbn.git"},"versions":{"0.1.1":{"name":"ecc-jsbn","version":"0.1.1","description":"ECC JS code based on JSBN","main":"index.js","repository":{"type":"git","url":"git+https://github.com/quartzjer/ecc-jsbn.git"},"keywords":["jsbn","ecc","browserify"],"author":{"name":"Jeremie Miller","email":"jeremie@jabber.org","url":"http://jeremie.com/"},"maintainers":[{"name":"quartzjer","email":"jeremie@jabber.org"},{"name":"rynomad","email":"nomad.ry@gmail.com"}],"dependencies":{"jsbn":"~0.1.0"},"license":"MIT","bugs":{"url":"https://github.com/quartzjer/ecc-jsbn/issues"},"homepage":"https://github.com/quartzjer/ecc-jsbn","gitHead":"d35a360352496721030da645e8054f07efc22487","_id":"ecc-jsbn@0.1.1","scripts":{},"_shasum":"0fc73a9ed5f0d53c38193398523ef7e543777505","_from":".","_npmVersion":"2.11.2","_nodeVersion":"0.12.6","_npmUser":{"name":"quartzjer","email":"jeremie@jabber.org"},"dist":{"shasum":"0fc73a9ed5f0d53c38193398523ef7e543777505","size":8187,"noattachment":false,"tarball":"http://registry.npm.taobao.org/ecc-jsbn/download/ecc-jsbn-0.1.1.tgz"},"directories":{},"publish_time":1448288349579,"_cnpm_publish_time":1448288349579,"_hasShrinkwrap":false},"0.0.1":{"name":"ecc-jsbn","version":"0.0.1","description":"ECC JS code based on JSBN","main":"index.js","repository":{"type":"git","url":"https://github.com/quartzjer/ecc-jsbn.git"},"keywords":["jsbn","ecc","browserify"],"author":{"name":"Jeremie Miller","email":"jeremie@jabber.org","url":"http://jeremie.com/"},"maintainers":[{"name":"quartzjer","email":"jeremie@jabber.org"},{"name":"rynomad","email":"nomad.ry@gmail.com"}],"dependencies":{"jsbn":"git+https://github.com/rynomad/jsbn.git"},"license":"MIT","bugs":{"url":"https://github.com/quartzjer/ecc-jsbn/issues"},"homepage":"https://github.com/quartzjer/ecc-jsbn","_id":"ecc-jsbn@0.0.1","dist":{"shasum":"970577ba31b4976fb1889a298cb7451d896c466d","size":6885,"noattachment":false,"tarball":"http://registry.npm.taobao.org/ecc-jsbn/download/ecc-jsbn-0.0.1.tgz"},"_from":".","_npmVersion":"1.3.18","_npmUser":{"name":"quartzjer","email":"jeremie@jabber.org"},"directories":{},"publish_time":1394084914662,"_cnpm_publish_time":1394084914662,"_hasShrinkwrap":false}},"readme":"ecc-jsbn\n========\n\nECC package based on [jsbn](https://github.com/andyperlitch/jsbn) from [Tom Wu](http://www-cs-students.stanford.edu/~tjw/).\n\nThis is a subset of the same interface as the [node compiled module](https://github.com/quartzjer/ecc), but works in the browser too.\n\nAlso uses point compression now from [https://github.com/kaielvin](https://github.com/kaielvin/jsbn-ec-point-compression).\n","_attachments":{},"homepage":"https://github.com/quartzjer/ecc-jsbn","bugs":{"url":"https://github.com/quartzjer/ecc-jsbn/issues"},"license":"MIT","_etag":"\"d05-Md6i6OLqzPZTv5VpEmQbR9P0KZM\""}