{"_id":"aws4","_rev":"68-b690f6338ad99f933c1b92063011c0b7","name":"aws4","description":"Signs and prepares requests using AWS Signature Version 4","dist-tags":{"latest":"1.6.0"},"versions":{"0.0.1":{"name":"aws4","version":"0.0.1","description":"Signs and prepares requests using AWS Signature Version 4","author":{"name":"Michael Hart","email":"michael.hart.au@gmail.com","url":"http://github.com/mhart"},"main":"aws4.js","keywords":["amazon","aws","signature","cloudsearch","dynamodb","glacier","sqs","iam","sts"],"repository":{"type":"git","url":"https://github.com/mhart/aws4.git"},"license":"MIT","devDependencies":{"should":"~1.2.1","mocha":"~1.7.4"},"scripts":{"test":"mocha ./test/fast.js ./test/slow.js -b -t 100s -R list"},"_id":"aws4@0.0.1","dist":{"shasum":"244de4ce76d1fa82eefd7264b6511ca97b1b41cd","tarball":"https://registry.npmjs.org/aws4/-/aws4-0.0.1.tgz"},"_npmVersion":"1.1.66","_npmUser":{"name":"hichaelmart","email":"michael.hart.au@gmail.com"},"maintainers":[{"name":"hichaelmart","email":"michael.hart.au@gmail.com"}],"directories":{}},"0.1.0":{"name":"aws4","version":"0.1.0","description":"Signs and prepares requests using AWS Signature Version 4","author":{"name":"Michael Hart","email":"michael.hart.au@gmail.com","url":"http://github.com/mhart"},"main":"aws4.js","keywords":["amazon","aws","signature","cloudsearch","dynamodb","glacier","sqs","iam","sts"],"repository":{"type":"git","url":"https://github.com/mhart/aws4.git"},"license":"MIT","devDependencies":{"should":"~1.2.1","mocha":"~1.7.4"},"scripts":{"test":"mocha ./test/fast.js ./test/slow.js -b -t 100s -R list"},"_id":"aws4@0.1.0","dist":{"shasum":"a9fd70a58d2ea6bd2e4ad1e943f4e7bb5b9f0810","tarball":"https://registry.npmjs.org/aws4/-/aws4-0.1.0.tgz"},"_npmVersion":"1.1.66","_npmUser":{"name":"hichaelmart","email":"michael.hart.au@gmail.com"},"maintainers":[{"name":"hichaelmart","email":"michael.hart.au@gmail.com"}],"directories":{}},"0.1.1":{"name":"aws4","version":"0.1.1","description":"Signs and prepares requests using AWS Signature Version 4","author":{"name":"Michael Hart","email":"michael.hart.au@gmail.com","url":"http://github.com/mhart"},"main":"aws4.js","keywords":["amazon","aws","signature","cloudsearch","dynamodb","glacier","sqs","iam","sts"],"repository":{"type":"git","url":"https://github.com/mhart/aws4.git"},"license":"MIT","devDependencies":{"should":"~1.2.1","mocha":"~1.7.4"},"scripts":{"test":"mocha ./test/fast.js ./test/slow.js -b -t 100s -R list"},"_id":"aws4@0.1.1","dist":{"shasum":"73b9513a96277df45c3d24a2f93d21f0c1d0c51f","tarball":"https://registry.npmjs.org/aws4/-/aws4-0.1.1.tgz"},"_npmVersion":"1.1.66","_npmUser":{"name":"hichaelmart","email":"michael.hart.au@gmail.com"},"maintainers":[{"name":"hichaelmart","email":"michael.hart.au@gmail.com"}],"directories":{}},"0.1.2":{"name":"aws4","version":"0.1.2","description":"Signs and prepares requests using AWS Signature Version 4","author":{"name":"Michael Hart","email":"michael.hart.au@gmail.com","url":"http://github.com/mhart"},"main":"aws4.js","keywords":["amazon","aws","signature","cloudsearch","dynamodb","glacier","sqs","iam","sts"],"repository":{"type":"git","url":"https://github.com/mhart/aws4.git"},"license":"MIT","devDependencies":{"should":"~1.2.1","mocha":"~1.7.4"},"scripts":{"test":"mocha ./test/fast.js ./test/slow.js -b -t 100s -R list"},"_id":"aws4@0.1.2","dist":{"shasum":"a5dc963a397ee7fa0d1b709acda73d990a40cf28","tarball":"https://registry.npmjs.org/aws4/-/aws4-0.1.2.tgz"},"_npmVersion":"1.1.66","_npmUser":{"name":"hichaelmart","email":"michael.hart.au@gmail.com"},"maintainers":[{"name":"hichaelmart","email":"michael.hart.au@gmail.com"}],"directories":{}},"0.1.3":{"name":"aws4","version":"0.1.3","description":"Signs and prepares requests using AWS Signature Version 4","author":{"name":"Michael Hart","email":"michael.hart.au@gmail.com","url":"http://github.com/mhart"},"main":"aws4.js","keywords":["amazon","aws","signature","cloudsearch","dynamodb","glacier","sqs","iam","sts"],"repository":{"type":"git","url":"https://github.com/mhart/aws4.git"},"license":"MIT","devDependencies":{"should":"~1.2.1","mocha":"~1.7.4"},"scripts":{"test":"mocha ./test/fast.js ./test/slow.js -b -t 100s -R list"},"_id":"aws4@0.1.3","dist":{"shasum":"a791589a127f4f21097a73e345ad2ba800d289cb","tarball":"https://registry.npmjs.org/aws4/-/aws4-0.1.3.tgz"},"_npmVersion":"1.1.66","_npmUser":{"name":"hichaelmart","email":"michael.hart.au@gmail.com"},"maintainers":[{"name":"hichaelmart","email":"michael.hart.au@gmail.com"}],"directories":{}},"0.1.4":{"name":"aws4","version":"0.1.4","description":"Signs and prepares requests using AWS Signature Version 4","author":{"name":"Michael Hart","email":"michael.hart.au@gmail.com","url":"http://github.com/mhart"},"main":"aws4.js","keywords":["amazon","aws","signature","cloudsearch","dynamodb","glacier","sqs","iam","sts"],"repository":{"type":"git","url":"https://github.com/mhart/aws4.git"},"license":"MIT","devDependencies":{"should":"~1.2.1","mocha":"~1.7.4"},"scripts":{"test":"mocha ./test/fast.js ./test/slow.js -b -t 100s -R list"},"_id":"aws4@0.1.4","dist":{"shasum":"e1effd726de95cef76f172f670a962a2b9ebc0c0","tarball":"https://registry.npmjs.org/aws4/-/aws4-0.1.4.tgz"},"_npmVersion":"1.1.69","_npmUser":{"name":"hichaelmart","email":"michael.hart.au@gmail.com"},"maintainers":[{"name":"hichaelmart","email":"michael.hart.au@gmail.com"}],"directories":{}},"0.1.5":{"name":"aws4","version":"0.1.5","description":"Signs and prepares requests using AWS Signature Version 4","author":{"name":"Michael Hart","email":"michael.hart.au@gmail.com","url":"http://github.com/mhart"},"main":"aws4.js","keywords":["amazon","aws","signature","cloudsearch","dynamodb","glacier","sqs","iam","sts"],"repository":{"type":"git","url":"https://github.com/mhart/aws4.git"},"license":"MIT","devDependencies":{"should":"~1.2.1","mocha":"~1.7.4"},"scripts":{"test":"mocha ./test/fast.js ./test/slow.js -b -t 100s -R list"},"_id":"aws4@0.1.5","dist":{"shasum":"1bd035bf7d9fe7e04a7cb35c51383676715200d3","tarball":"https://registry.npmjs.org/aws4/-/aws4-0.1.5.tgz"},"_npmVersion":"1.1.69","_npmUser":{"name":"hichaelmart","email":"michael.hart.au@gmail.com"},"maintainers":[{"name":"hichaelmart","email":"michael.hart.au@gmail.com"}],"directories":{}},"0.1.6":{"name":"aws4","version":"0.1.6","description":"Signs and prepares requests using AWS Signature Version 4","author":{"name":"Michael Hart","email":"michael.hart.au@gmail.com","url":"http://github.com/mhart"},"main":"aws4.js","keywords":["amazon","aws","signature","autoscaling","cloudformation","elasticloadbalancing","elb","elasticbeanstalk","cloudsearch","dynamodb","glacier","sqs","iam","sts","ses","storagegateway","datapipeline","directconnect"],"repository":{"type":"git","url":"https://github.com/mhart/aws4.git"},"license":"MIT","devDependencies":{"should":"~1.2.1","mocha":"~1.7.4"},"scripts":{"test":"mocha ./test/fast.js ./test/slow.js -b -t 100s -R list"},"_id":"aws4@0.1.6","dist":{"shasum":"1df3c5d1b8de9084fbc445646e031d3f3697c547","tarball":"https://registry.npmjs.org/aws4/-/aws4-0.1.6.tgz"},"_npmVersion":"1.1.69","_npmUser":{"name":"hichaelmart","email":"michael.hart.au@gmail.com"},"maintainers":[{"name":"hichaelmart","email":"michael.hart.au@gmail.com"}],"directories":{}},"0.1.7":{"name":"aws4","version":"0.1.7","description":"Signs and prepares requests using AWS Signature Version 4","author":{"name":"Michael Hart","email":"michael.hart.au@gmail.com","url":"http://github.com/mhart"},"main":"aws4.js","keywords":["amazon","aws","signature","autoscaling","cloudformation","elasticloadbalancing","elb","elasticbeanstalk","cloudsearch","dynamodb","glacier","sqs","iam","sts","ses","storagegateway","datapipeline","directconnect"],"repository":{"type":"git","url":"https://github.com/mhart/aws4.git"},"license":"MIT","devDependencies":{"should":"~1.2.1","mocha":"~1.7.4"},"scripts":{"test":"mocha ./test/fast.js ./test/slow.js -b -t 100s -R list"},"_id":"aws4@0.1.7","dist":{"shasum":"e5600baa7f3756742cf3171964db73b2b583704d","tarball":"https://registry.npmjs.org/aws4/-/aws4-0.1.7.tgz"},"_npmVersion":"1.1.69","_npmUser":{"name":"hichaelmart","email":"michael.hart.au@gmail.com"},"maintainers":[{"name":"hichaelmart","email":"michael.hart.au@gmail.com"}],"directories":{}},"0.1.8":{"name":"aws4","version":"0.1.8","description":"Signs and prepares requests using AWS Signature Version 4","author":{"name":"Michael Hart","email":"michael.hart.au@gmail.com","url":"http://github.com/mhart"},"main":"aws4.js","keywords":["amazon","aws","signature","autoscaling","cloudformation","elasticloadbalancing","elb","elasticbeanstalk","cloudsearch","dynamodb","glacier","sqs","iam","sts","ses","storagegateway","datapipeline","directconnect"],"repository":{"type":"git","url":"https://github.com/mhart/aws4.git"},"license":"MIT","devDependencies":{"should":"~1.2.1","mocha":"~1.7.4"},"scripts":{"test":"mocha ./test/fast.js ./test/slow.js -b -t 100s -R list"},"_id":"aws4@0.1.8","dist":{"shasum":"e069d19410247712a2b3783dd566c6b09d740769","tarball":"https://registry.npmjs.org/aws4/-/aws4-0.1.8.tgz"},"_npmVersion":"1.1.69","_npmUser":{"name":"hichaelmart","email":"michael.hart.au@gmail.com"},"maintainers":[{"name":"hichaelmart","email":"michael.hart.au@gmail.com"}],"directories":{}},"0.1.9":{"name":"aws4","version":"0.1.9","description":"Signs and prepares requests using AWS Signature Version 4","author":{"name":"Michael Hart","email":"michael.hart.au@gmail.com","url":"http://github.com/mhart"},"main":"aws4.js","keywords":["amazon","aws","signature","autoscaling","cloudformation","elasticloadbalancing","elb","elasticbeanstalk","cloudsearch","dynamodb","glacier","sqs","iam","sts","ses","storagegateway","datapipeline","directconnect","redshift","opsworks"],"repository":{"type":"git","url":"https://github.com/mhart/aws4.git"},"license":"MIT","devDependencies":{"should":"~1.2.1","mocha":"~1.7.4"},"scripts":{"test":"mocha ./test/fast.js ./test/slow.js -b -t 100s -R list"},"_id":"aws4@0.1.9","dist":{"shasum":"1cd92abc232f83b1f29ccf5fef8f2f9f872421f6","tarball":"https://registry.npmjs.org/aws4/-/aws4-0.1.9.tgz"},"_from":".","_npmVersion":"1.2.11","_npmUser":{"name":"hichaelmart","email":"michael.hart.au@gmail.com"},"maintainers":[{"name":"hichaelmart","email":"michael.hart.au@gmail.com"}],"directories":{}},"0.1.10":{"name":"aws4","version":"0.1.10","description":"Signs and prepares requests using AWS Signature Version 4","author":{"name":"Michael Hart","email":"michael.hart.au@gmail.com","url":"http://github.com/mhart"},"main":"aws4.js","keywords":["amazon","aws","signature","autoscaling","cloudformation","elasticloadbalancing","elb","elasticbeanstalk","cloudsearch","dynamodb","glacier","sqs","iam","sts","ses","storagegateway","datapipeline","directconnect","redshift","opsworks","rds","monitoring","cloudwatch"],"repository":{"type":"git","url":"https://github.com/mhart/aws4.git"},"license":"MIT","devDependencies":{"should":"~1.2.1","mocha":"~1.7.4"},"scripts":{"test":"mocha ./test/fast.js ./test/slow.js -b -t 100s -R list"},"_id":"aws4@0.1.10","dist":{"shasum":"5aec181b78dd5230bc22604fa87a38a12d6f8c0f","tarball":"https://registry.npmjs.org/aws4/-/aws4-0.1.10.tgz"},"_from":".","_npmVersion":"1.2.11","_npmUser":{"name":"hichaelmart","email":"michael.hart.au@gmail.com"},"maintainers":[{"name":"hichaelmart","email":"michael.hart.au@gmail.com"}],"directories":{}},"0.1.12":{"name":"aws4","version":"0.1.12","description":"Signs and prepares requests using AWS Signature Version 4","author":{"name":"Michael Hart","email":"michael.hart.au@gmail.com","url":"http://github.com/mhart"},"main":"aws4.js","keywords":["amazon","aws","signature","autoscaling","cloudformation","elasticloadbalancing","elb","elasticbeanstalk","cloudsearch","dynamodb","glacier","sqs","sns","iam","sts","ses","storagegateway","datapipeline","directconnect","redshift","opsworks","rds","monitoring","cloudwatch"],"repository":{"type":"git","url":"https://github.com/mhart/aws4.git"},"license":"MIT","devDependencies":{"should":"~1.2.1","mocha":"~1.7.4"},"scripts":{"test":"mocha ./test/fast.js ./test/slow.js -b -t 100s -R list"},"bugs":{"url":"https://github.com/mhart/aws4/issues"},"_id":"aws4@0.1.12","dist":{"shasum":"e9c9223084a41b62eed44842700b0b564ab0763c","tarball":"https://registry.npmjs.org/aws4/-/aws4-0.1.12.tgz"},"_from":".","_npmVersion":"1.2.30","_npmUser":{"name":"hichaelmart","email":"michael.hart.au@gmail.com"},"maintainers":[{"name":"hichaelmart","email":"michael.hart.au@gmail.com"}],"directories":{}},"0.2.0":{"name":"aws4","version":"0.2.0","description":"Signs and prepares requests using AWS Signature Version 4","author":{"name":"Michael Hart","email":"michael.hart.au@gmail.com","url":"http://github.com/mhart"},"main":"aws4.js","keywords":["amazon","aws","signature","autoscaling","cloudformation","elasticloadbalancing","elb","elasticbeanstalk","cloudsearch","dynamodb","glacier","sqs","sns","iam","sts","ses","storagegateway","datapipeline","directconnect","redshift","opsworks","rds","monitoring","cloudwatch"],"repository":{"type":"git","url":"https://github.com/mhart/aws4.git"},"license":"MIT","dependencies":{"lru-cache":"~2.3.1"},"devDependencies":{"should":"~1.2.1","mocha":"~1.7.4"},"scripts":{"test":"mocha ./test/fast.js ./test/slow.js -b -t 100s -R list"},"bugs":{"url":"https://github.com/mhart/aws4/issues"},"_id":"aws4@0.2.0","dist":{"shasum":"1679617aa2c2b05801bbd7affb81d8006f3b6be3","tarball":"https://registry.npmjs.org/aws4/-/aws4-0.2.0.tgz"},"_from":".","_npmVersion":"1.3.11","_npmUser":{"name":"hichaelmart","email":"michael.hart.au@gmail.com"},"maintainers":[{"name":"hichaelmart","email":"michael.hart.au@gmail.com"}],"directories":{}},"0.2.1":{"name":"aws4","version":"0.2.1","description":"Signs and prepares requests using AWS Signature Version 4","author":{"name":"Michael Hart","email":"michael.hart.au@gmail.com","url":"http://github.com/mhart"},"main":"aws4.js","keywords":["amazon","aws","signature","autoscaling","cloudformation","elasticloadbalancing","elb","elasticbeanstalk","cloudsearch","dynamodb","glacier","sqs","sns","iam","sts","ses","storagegateway","datapipeline","directconnect","redshift","opsworks","rds","monitoring","cloudwatch"],"repository":{"type":"git","url":"https://github.com/mhart/aws4.git"},"license":"MIT","dependencies":{"lru-cache":"~2.3.1"},"devDependencies":{"should":"~1.2.1","mocha":"~1.7.4"},"scripts":{"test":"mocha ./test/fast.js ./test/slow.js -b -t 100s -R list"},"bugs":{"url":"https://github.com/mhart/aws4/issues"},"homepage":"https://github.com/mhart/aws4","_id":"aws4@0.2.1","dist":{"shasum":"5980b645c950df357208fa6ef5f05de661e93c9f","tarball":"https://registry.npmjs.org/aws4/-/aws4-0.2.1.tgz"},"_from":".","_npmVersion":"1.3.13","_npmUser":{"name":"hichaelmart","email":"michael.hart.au@gmail.com"},"maintainers":[{"name":"hichaelmart","email":"michael.hart.au@gmail.com"}],"directories":{}},"0.2.2":{"name":"aws4","version":"0.2.2","description":"Signs and prepares requests using AWS Signature Version 4","author":{"name":"Michael Hart","email":"michael.hart.au@gmail.com","url":"http://github.com/mhart"},"main":"aws4.js","keywords":["amazon","aws","signature","autoscaling","cloudformation","elasticloadbalancing","elb","elasticbeanstalk","cloudsearch","dynamodb","glacier","sqs","sns","iam","sts","ses","storagegateway","datapipeline","directconnect","redshift","opsworks","rds","monitoring","cloudwatch"],"repository":{"type":"git","url":"https://github.com/mhart/aws4.git"},"license":"MIT","dependencies":{"lru-cache":"~2.3.1"},"devDependencies":{"should":"~1.2.1","mocha":"~1.7.4"},"scripts":{"test":"mocha ./test/fast.js ./test/slow.js -b -t 100s -R list"},"gitHead":"41a4b43e1ad62ca6947eae49fbe11fd67c5ccf48","bugs":{"url":"https://github.com/mhart/aws4/issues"},"homepage":"https://github.com/mhart/aws4","_id":"aws4@0.2.2","_shasum":"5b39b87a51fbfa92127469ee35739f3a35cc1499","_from":".","_npmVersion":"2.0.0-beta.3","_npmUser":{"name":"hichaelmart","email":"michael.hart.au@gmail.com"},"maintainers":[{"name":"hichaelmart","email":"michael.hart.au@gmail.com"}],"dist":{"shasum":"5b39b87a51fbfa92127469ee35739f3a35cc1499","tarball":"https://registry.npmjs.org/aws4/-/aws4-0.2.2.tgz"},"directories":{}},"0.2.3":{"name":"aws4","version":"0.2.3","description":"Signs and prepares requests using AWS Signature Version 4","author":{"name":"Michael Hart","email":"michael.hart.au@gmail.com","url":"http://github.com/mhart"},"main":"aws4.js","keywords":["amazon","aws","signature","autoscaling","cloudformation","elasticloadbalancing","elb","elasticbeanstalk","cloudsearch","dynamodb","glacier","sqs","sns","iam","sts","ses","storagegateway","datapipeline","directconnect","redshift","opsworks","rds","monitoring","cloudwatch"],"repository":{"type":"git","url":"https://github.com/mhart/aws4.git"},"license":"MIT","dependencies":{"lru-cache":"~2.3.1"},"devDependencies":{"should":"~1.2.1","mocha":"~1.7.4"},"scripts":{"test":"mocha ./test/fast.js ./test/slow.js -b -t 100s -R list"},"gitHead":"9e0fd36f002e0267f18a65809315a36e1f5157d8","bugs":{"url":"https://github.com/mhart/aws4/issues"},"homepage":"https://github.com/mhart/aws4","_id":"aws4@0.2.3","_shasum":"db0921516606c7704ac556f5f9b026a155a23960","_from":".","_npmVersion":"2.0.0-beta.3","_npmUser":{"name":"hichaelmart","email":"michael.hart.au@gmail.com"},"maintainers":[{"name":"hichaelmart","email":"michael.hart.au@gmail.com"}],"dist":{"shasum":"db0921516606c7704ac556f5f9b026a155a23960","tarball":"https://registry.npmjs.org/aws4/-/aws4-0.2.3.tgz"},"directories":{}},"0.3.0":{"name":"aws4","version":"0.3.0","description":"Signs and prepares requests using AWS Signature Version 4","author":{"name":"Michael Hart","email":"michael.hart.au@gmail.com","url":"http://github.com/mhart"},"main":"aws4.js","keywords":["amazon","aws","signature","autoscaling","cloudformation","elasticloadbalancing","elb","elasticbeanstalk","cloudsearch","dynamodb","glacier","sqs","sns","iam","sts","ses","storagegateway","datapipeline","directconnect","redshift","opsworks","rds","monitoring","cloudwatch"],"repository":{"type":"git","url":"https://github.com/mhart/aws4.git"},"license":"MIT","dependencies":{"lru-cache":"~2.3.1"},"devDependencies":{"should":"~1.2.1","mocha":"~1.7.4"},"scripts":{"test":"mocha ./test/fast.js ./test/slow.js -b -t 100s -R list"},"gitHead":"ba832c846ba287bcf19f4297bdbc78c657775f88","bugs":{"url":"https://github.com/mhart/aws4/issues"},"homepage":"https://github.com/mhart/aws4","_id":"aws4@0.3.0","_shasum":"acb28678de00516779342ebf1876f31aaafc7fd4","_from":".","_npmVersion":"1.4.28","_npmUser":{"name":"hichaelmart","email":"michael.hart.au@gmail.com"},"maintainers":[{"name":"hichaelmart","email":"michael.hart.au@gmail.com"}],"dist":{"shasum":"acb28678de00516779342ebf1876f31aaafc7fd4","tarball":"https://registry.npmjs.org/aws4/-/aws4-0.3.0.tgz"},"directories":{}},"0.4.0":{"name":"aws4","version":"0.4.0","description":"Signs and prepares requests using AWS Signature Version 4","author":{"name":"Michael Hart","email":"michael.hart.au@gmail.com","url":"http://github.com/mhart"},"main":"aws4.js","keywords":["amazon","aws","signature","autoscaling","cloudformation","elasticloadbalancing","elb","elasticbeanstalk","cloudsearch","dynamodb","glacier","sqs","sns","iam","sts","ses","storagegateway","datapipeline","directconnect","redshift","opsworks","rds","monitoring","cloudwatch"],"repository":{"type":"git","url":"https://github.com/mhart/aws4.git"},"license":"MIT","dependencies":{"lru-cache":"~2.3.1"},"devDependencies":{"should":"~1.2.1","mocha":"~1.7.4"},"scripts":{"test":"mocha ./test/fast.js ./test/slow.js -b -t 100s -R list"},"gitHead":"4ee9dd44292fb4d1276cf5bf334dd5e032e688a4","bugs":{"url":"https://github.com/mhart/aws4/issues"},"homepage":"https://github.com/mhart/aws4","_id":"aws4@0.4.0","_shasum":"88fcf400ed9f184045b73b041f7c84577fd06d57","_from":".","_npmVersion":"2.1.16","_nodeVersion":"0.10.35","_npmUser":{"name":"hichaelmart","email":"michael.hart.au@gmail.com"},"maintainers":[{"name":"hichaelmart","email":"michael.hart.au@gmail.com"}],"dist":{"shasum":"88fcf400ed9f184045b73b041f7c84577fd06d57","tarball":"https://registry.npmjs.org/aws4/-/aws4-0.4.0.tgz"},"directories":{}},"0.4.1":{"name":"aws4","version":"0.4.1","description":"Signs and prepares requests using AWS Signature Version 4","author":{"name":"Michael Hart","email":"michael.hart.au@gmail.com","url":"http://github.com/mhart"},"main":"aws4.js","keywords":["amazon","aws","signature","autoscaling","cloudformation","elasticloadbalancing","elb","elasticbeanstalk","cloudsearch","dynamodb","glacier","sqs","sns","iam","sts","ses","storagegateway","datapipeline","directconnect","redshift","opsworks","rds","monitoring","cloudwatch"],"repository":{"type":"git","url":"https://github.com/mhart/aws4.git"},"license":"MIT","dependencies":{"lru-cache":"~2.3.1"},"devDependencies":{"should":"~1.2.1","mocha":"~1.7.4"},"scripts":{"test":"mocha ./test/fast.js ./test/slow.js -b -t 100s -R list"},"gitHead":"f3ecac42d229e2f265e7d1ca170db68b72c8d69a","bugs":{"url":"https://github.com/mhart/aws4/issues"},"homepage":"https://github.com/mhart/aws4","_id":"aws4@0.4.1","_shasum":"c7846bd6a8b94153b064d7a98b8f3970386834ac","_from":".","_npmVersion":"2.1.16","_nodeVersion":"0.10.35","_npmUser":{"name":"hichaelmart","email":"michael.hart.au@gmail.com"},"maintainers":[{"name":"hichaelmart","email":"michael.hart.au@gmail.com"}],"dist":{"shasum":"c7846bd6a8b94153b064d7a98b8f3970386834ac","tarball":"https://registry.npmjs.org/aws4/-/aws4-0.4.1.tgz"},"directories":{}},"0.4.2":{"name":"aws4","version":"0.4.2","description":"Signs and prepares requests using AWS Signature Version 4","author":{"name":"Michael Hart","email":"michael.hart.au@gmail.com","url":"http://github.com/mhart"},"main":"aws4.js","keywords":["amazon","aws","signature","s3","ec2","autoscaling","cloudformation","elasticloadbalancing","elb","elasticbeanstalk","cloudsearch","dynamodb","kinesis","lambda","glacier","sqs","sns","iam","sts","ses","swf","storagegateway","datapipeline","directconnect","redshift","opsworks","rds","monitoring","cloudtrail","cloudfront","codedeploy","elasticache","elasticmapreduce","elastictranscoder","emr","cloudwatch","mobileanalytics","cognitoidentity","cognitosync","cognito","containerservice","ecs","appstream","keymanagementservice","kms","config","cloudhsm","route53","route53domains","logs"],"repository":{"type":"git","url":"https://github.com/mhart/aws4.git"},"license":"MIT","dependencies":{"lru-cache":"~2.3.1"},"devDependencies":{"should":"~1.2.1","mocha":"~1.7.4"},"scripts":{"test":"mocha ./test/fast.js ./test/slow.js -b -t 100s -R list"},"gitHead":"0afee5f04f234c660c997795e6e6dc3441b2cc5c","bugs":{"url":"https://github.com/mhart/aws4/issues"},"homepage":"https://github.com/mhart/aws4","_id":"aws4@0.4.2","_shasum":"1fd42c37c38afbe6211a1823836c6d535a4f83d7","_from":".","_npmVersion":"2.1.16","_nodeVersion":"0.10.35","_npmUser":{"name":"hichaelmart","email":"michael.hart.au@gmail.com"},"maintainers":[{"name":"hichaelmart","email":"michael.hart.au@gmail.com"}],"dist":{"shasum":"1fd42c37c38afbe6211a1823836c6d535a4f83d7","tarball":"https://registry.npmjs.org/aws4/-/aws4-0.4.2.tgz"},"directories":{}},"0.5.0":{"name":"aws4","version":"0.5.0","description":"Signs and prepares requests using AWS Signature Version 4","author":{"name":"Michael Hart","email":"michael.hart.au@gmail.com","url":"http://github.com/mhart"},"main":"aws4.js","keywords":["amazon","aws","signature","s3","ec2","autoscaling","cloudformation","elasticloadbalancing","elb","elasticbeanstalk","cloudsearch","dynamodb","kinesis","lambda","glacier","sqs","sns","iam","sts","ses","swf","storagegateway","datapipeline","directconnect","redshift","opsworks","rds","monitoring","cloudtrail","cloudfront","codedeploy","elasticache","elasticmapreduce","elastictranscoder","emr","cloudwatch","mobileanalytics","cognitoidentity","cognitosync","cognito","containerservice","ecs","appstream","keymanagementservice","kms","config","cloudhsm","route53","route53domains","logs"],"repository":{"type":"git","url":"https://github.com/mhart/aws4.git"},"license":"MIT","dependencies":{"lru-cache":"^2.5.0"},"devDependencies":{"mocha":"^2.2.1","should":"^5.2.0"},"scripts":{"test":"mocha ./test/fast.js ./test/slow.js -b -t 100s -R list"},"gitHead":"f326a8aed70bd260f66ade4bd215264d5fc34481","bugs":{"url":"https://github.com/mhart/aws4/issues"},"homepage":"https://github.com/mhart/aws4","_id":"aws4@0.5.0","_shasum":"848a0dc6dd2fe7dd486ed1b7a981df60ab8ad94f","_from":".","_npmVersion":"2.7.1","_nodeVersion":"0.10.37","_npmUser":{"name":"hichaelmart","email":"michael.hart.au@gmail.com"},"maintainers":[{"name":"hichaelmart","email":"michael.hart.au@gmail.com"}],"dist":{"shasum":"848a0dc6dd2fe7dd486ed1b7a981df60ab8ad94f","tarball":"https://registry.npmjs.org/aws4/-/aws4-0.5.0.tgz"},"directories":{}},"0.5.1":{"name":"aws4","version":"0.5.1","description":"Signs and prepares requests using AWS Signature Version 4","author":{"name":"Michael Hart","email":"michael.hart.au@gmail.com","url":"http://github.com/mhart"},"main":"aws4.js","keywords":["amazon","aws","signature","s3","ec2","autoscaling","cloudformation","elasticloadbalancing","elb","elasticbeanstalk","cloudsearch","dynamodb","kinesis","lambda","glacier","sqs","sns","iam","sts","ses","swf","storagegateway","datapipeline","directconnect","redshift","opsworks","rds","monitoring","cloudtrail","cloudfront","codedeploy","elasticache","elasticmapreduce","elastictranscoder","emr","cloudwatch","mobileanalytics","cognitoidentity","cognitosync","cognito","containerservice","ecs","appstream","keymanagementservice","kms","config","cloudhsm","route53","route53domains","logs"],"repository":{"type":"git","url":"https://github.com/mhart/aws4.git"},"license":"MIT","dependencies":{"lru-cache":"^2.5.0"},"devDependencies":{"mocha":"^2.2.1","should":"^5.2.0"},"scripts":{"test":"mocha ./test/fast.js ./test/slow.js -b -t 100s -R list"},"gitHead":"02e24d44c9f9ce32796b94bf7db9c60e04716d55","bugs":{"url":"https://github.com/mhart/aws4/issues"},"homepage":"https://github.com/mhart/aws4","_id":"aws4@0.5.1","_shasum":"923737a1705fd01cd2fd55e1208067e11527cd3a","_from":".","_npmVersion":"2.7.1","_nodeVersion":"0.10.37","_npmUser":{"name":"hichaelmart","email":"michael.hart.au@gmail.com"},"maintainers":[{"name":"hichaelmart","email":"michael.hart.au@gmail.com"}],"dist":{"shasum":"923737a1705fd01cd2fd55e1208067e11527cd3a","tarball":"https://registry.npmjs.org/aws4/-/aws4-0.5.1.tgz"},"directories":{}},"1.0.0":{"name":"aws4","version":"1.0.0","description":"Signs and prepares requests using AWS Signature Version 4","author":{"name":"Michael Hart","email":"michael.hart.au@gmail.com","url":"http://github.com/mhart"},"main":"aws4.js","keywords":["amazon","aws","signature","s3","ec2","autoscaling","cloudformation","elasticloadbalancing","elb","elasticbeanstalk","cloudsearch","dynamodb","kinesis","lambda","glacier","sqs","sns","iam","sts","ses","swf","storagegateway","datapipeline","directconnect","redshift","opsworks","rds","monitoring","cloudtrail","cloudfront","codedeploy","elasticache","elasticmapreduce","elastictranscoder","emr","cloudwatch","mobileanalytics","cognitoidentity","cognitosync","cognito","containerservice","ecs","appstream","keymanagementservice","kms","config","cloudhsm","route53","route53domains","logs"],"repository":{"type":"git","url":"https://github.com/mhart/aws4.git"},"license":"MIT","dependencies":{"lru-cache":"^2.5.0"},"devDependencies":{"mocha":"^2.2.1","should":"^5.2.0"},"scripts":{"test":"mocha ./test/fast.js ./test/slow.js -b -t 100s -R list"},"gitHead":"5bfe09565359f3e9064cc57035ccceedcca270e6","bugs":{"url":"https://github.com/mhart/aws4/issues"},"homepage":"https://github.com/mhart/aws4","_id":"aws4@1.0.0","_shasum":"2df807f7ae5652497bcf7e9438bd3a2f0c47f96b","_from":".","_npmVersion":"2.7.1","_nodeVersion":"0.10.37","_npmUser":{"name":"hichaelmart","email":"michael.hart.au@gmail.com"},"maintainers":[{"name":"hichaelmart","email":"michael.hart.au@gmail.com"}],"dist":{"shasum":"2df807f7ae5652497bcf7e9438bd3a2f0c47f96b","tarball":"https://registry.npmjs.org/aws4/-/aws4-1.0.0.tgz"},"directories":{}},"1.0.1":{"name":"aws4","version":"1.0.1","description":"Signs and prepares requests using AWS Signature Version 4","author":{"name":"Michael Hart","email":"michael.hart.au@gmail.com","url":"http://github.com/mhart"},"main":"aws4.js","keywords":["amazon","aws","signature","s3","ec2","autoscaling","cloudformation","elasticloadbalancing","elb","elasticbeanstalk","cloudsearch","dynamodb","kinesis","lambda","glacier","sqs","sns","iam","sts","ses","swf","storagegateway","datapipeline","directconnect","redshift","opsworks","rds","monitoring","cloudtrail","cloudfront","codedeploy","elasticache","elasticmapreduce","elastictranscoder","emr","cloudwatch","mobileanalytics","cognitoidentity","cognitosync","cognito","containerservice","ecs","appstream","keymanagementservice","kms","config","cloudhsm","route53","route53domains","logs"],"repository":{"type":"git","url":"https://github.com/mhart/aws4.git"},"license":"MIT","dependencies":{"lru-cache":"^2.5.0"},"devDependencies":{"mocha":"^2.2.1","should":"^5.2.0"},"scripts":{"test":"mocha ./test/fast.js ./test/slow.js -b -t 100s -R list"},"gitHead":"9012819433e901378f9aa34657da0f981e0fc031","bugs":{"url":"https://github.com/mhart/aws4/issues"},"homepage":"https://github.com/mhart/aws4","_id":"aws4@1.0.1","_shasum":"c033efaee8d6a45ca1302db7c2bdc3f48c79e2ca","_from":".","_npmVersion":"2.7.3","_nodeVersion":"0.10.38","_npmUser":{"name":"hichaelmart","email":"michael.hart.au@gmail.com"},"maintainers":[{"name":"hichaelmart","email":"michael.hart.au@gmail.com"}],"dist":{"shasum":"c033efaee8d6a45ca1302db7c2bdc3f48c79e2ca","tarball":"https://registry.npmjs.org/aws4/-/aws4-1.0.1.tgz"},"directories":{}},"1.0.2":{"name":"aws4","version":"1.0.2","description":"Signs and prepares requests using AWS Signature Version 4","author":{"name":"Michael Hart","email":"michael.hart.au@gmail.com","url":"http://github.com/mhart"},"main":"aws4.js","keywords":["amazon","aws","signature","s3","ec2","autoscaling","cloudformation","elasticloadbalancing","elb","elasticbeanstalk","cloudsearch","dynamodb","kinesis","lambda","glacier","sqs","sns","iam","sts","ses","swf","storagegateway","datapipeline","directconnect","redshift","opsworks","rds","monitoring","cloudtrail","cloudfront","codedeploy","elasticache","elasticmapreduce","elastictranscoder","emr","cloudwatch","mobileanalytics","cognitoidentity","cognitosync","cognito","containerservice","ecs","appstream","keymanagementservice","kms","config","cloudhsm","route53","route53domains","logs"],"repository":{"type":"git","url":"git+https://github.com/mhart/aws4.git"},"license":"MIT","dependencies":{"lru-cache":"^2.6.5"},"devDependencies":{"mocha":"^2.2.5","should":"^7.0.1"},"scripts":{"test":"mocha ./test/fast.js ./test/slow.js -b -t 100s -R list"},"gitHead":"b48cfc6d1baf56c2a39131b7783ae5ea509d1bf9","bugs":{"url":"https://github.com/mhart/aws4/issues"},"homepage":"https://github.com/mhart/aws4#readme","_id":"aws4@1.0.2","_shasum":"888e5637625ec07bf2f0ebdc5f916e04d58470c9","_from":".","_npmVersion":"2.11.3","_nodeVersion":"0.10.39","_npmUser":{"name":"hichaelmart","email":"michael.hart.au@gmail.com"},"maintainers":[{"name":"hichaelmart","email":"michael.hart.au@gmail.com"}],"dist":{"shasum":"888e5637625ec07bf2f0ebdc5f916e04d58470c9","tarball":"https://registry.npmjs.org/aws4/-/aws4-1.0.2.tgz"},"directories":{}},"1.0.3":{"name":"aws4","version":"1.0.3","description":"Signs and prepares requests using AWS Signature Version 4","author":{"name":"Michael Hart","email":"michael.hart.au@gmail.com","url":"http://github.com/mhart"},"main":"aws4.js","keywords":["amazon","aws","signature","s3","ec2","autoscaling","cloudformation","elasticloadbalancing","elb","elasticbeanstalk","cloudsearch","dynamodb","kinesis","lambda","glacier","sqs","sns","iam","sts","ses","swf","storagegateway","datapipeline","directconnect","redshift","opsworks","rds","monitoring","cloudtrail","cloudfront","codedeploy","elasticache","elasticmapreduce","elastictranscoder","emr","cloudwatch","mobileanalytics","cognitoidentity","cognitosync","cognito","containerservice","ecs","appstream","keymanagementservice","kms","config","cloudhsm","route53","route53domains","logs"],"repository":{"type":"git","url":"git+https://github.com/mhart/aws4.git"},"license":"MIT","dependencies":{"lru-cache":"^2.6.5"},"devDependencies":{"mocha":"^2.2.5","should":"^7.0.1"},"scripts":{"test":"mocha ./test/fast.js ./test/slow.js -b -t 100s -R list"},"gitHead":"52f46074897fb74fa3eabfca184a72ca69ac5db1","bugs":{"url":"https://github.com/mhart/aws4/issues"},"homepage":"https://github.com/mhart/aws4#readme","_id":"aws4@1.0.3","_shasum":"ca8880d61a2c7ce40f0542c8f7fea3ca4405386b","_from":".","_npmVersion":"2.11.3","_nodeVersion":"0.10.39","_npmUser":{"name":"hichaelmart","email":"michael.hart.au@gmail.com"},"maintainers":[{"name":"hichaelmart","email":"michael.hart.au@gmail.com"}],"dist":{"shasum":"ca8880d61a2c7ce40f0542c8f7fea3ca4405386b","tarball":"https://registry.npmjs.org/aws4/-/aws4-1.0.3.tgz"},"directories":{}},"1.0.4":{"name":"aws4","version":"1.0.4","description":"Signs and prepares requests using AWS Signature Version 4","author":{"name":"Michael Hart","email":"michael.hart.au@gmail.com","url":"http://github.com/mhart"},"main":"aws4.js","keywords":["amazon","aws","signature","s3","ec2","autoscaling","cloudformation","elasticloadbalancing","elb","elasticbeanstalk","cloudsearch","dynamodb","kinesis","lambda","glacier","sqs","sns","iam","sts","ses","swf","storagegateway","datapipeline","directconnect","redshift","opsworks","rds","monitoring","cloudtrail","cloudfront","codedeploy","elasticache","elasticmapreduce","elastictranscoder","emr","cloudwatch","mobileanalytics","cognitoidentity","cognitosync","cognito","containerservice","ecs","appstream","keymanagementservice","kms","config","cloudhsm","route53","route53domains","logs"],"repository":{"type":"git","url":"git+https://github.com/mhart/aws4.git"},"license":"MIT","dependencies":{"lru-cache":"^2.6.5"},"devDependencies":{"mocha":"^2.2.5","should":"^7.0.1"},"scripts":{"test":"mocha ./test/fast.js ./test/slow.js -b -t 100s -R list"},"gitHead":"2f73f9f05100c52e8d175e327d86f1fa3ec76bde","bugs":{"url":"https://github.com/mhart/aws4/issues"},"homepage":"https://github.com/mhart/aws4#readme","_id":"aws4@1.0.4","_shasum":"2ae0134fe17af91d556e951b1ecc343a32169788","_from":".","_npmVersion":"2.11.3","_nodeVersion":"0.10.39","_npmUser":{"name":"hichaelmart","email":"michael.hart.au@gmail.com"},"maintainers":[{"name":"hichaelmart","email":"michael.hart.au@gmail.com"}],"dist":{"shasum":"2ae0134fe17af91d556e951b1ecc343a32169788","tarball":"https://registry.npmjs.org/aws4/-/aws4-1.0.4.tgz"},"directories":{}},"1.1.0":{"name":"aws4","version":"1.1.0","description":"Signs and prepares requests using AWS Signature Version 4","author":{"name":"Michael Hart","email":"michael.hart.au@gmail.com","url":"http://github.com/mhart"},"main":"aws4.js","keywords":["amazon","aws","signature","s3","ec2","autoscaling","cloudformation","elasticloadbalancing","elb","elasticbeanstalk","cloudsearch","dynamodb","kinesis","lambda","glacier","sqs","sns","iam","sts","ses","swf","storagegateway","datapipeline","directconnect","redshift","opsworks","rds","monitoring","cloudtrail","cloudfront","codedeploy","elasticache","elasticmapreduce","elastictranscoder","emr","cloudwatch","mobileanalytics","cognitoidentity","cognitosync","cognito","containerservice","ecs","appstream","keymanagementservice","kms","config","cloudhsm","route53","route53domains","logs"],"repository":{"type":"git","url":"git+https://github.com/mhart/aws4.git"},"license":"MIT","dependencies":{"lru-cache":"^2.6.5"},"devDependencies":{"mocha":"^2.2.5","should":"^7.0.1"},"scripts":{"test":"mocha ./test/fast.js ./test/slow.js -b -t 100s -R list"},"gitHead":"165f451fc25368684385c8ffdd11e77f9a657732","bugs":{"url":"https://github.com/mhart/aws4/issues"},"homepage":"https://github.com/mhart/aws4#readme","_id":"aws4@1.1.0","_shasum":"82291432db9aad5a7c9113b7bcdcb2bce856315a","_from":".","_npmVersion":"2.14.8","_nodeVersion":"4.2.0","_npmUser":{"name":"hichaelmart","email":"michael.hart.au@gmail.com"},"maintainers":[{"name":"hichaelmart","email":"michael.hart.au@gmail.com"}],"dist":{"shasum":"82291432db9aad5a7c9113b7bcdcb2bce856315a","tarball":"https://registry.npmjs.org/aws4/-/aws4-1.1.0.tgz"},"directories":{}},"1.2.0":{"name":"aws4","version":"1.2.0","description":"Signs and prepares requests using AWS Signature Version 4","author":{"name":"Michael Hart","email":"michael.hart.au@gmail.com","url":"http://github.com/mhart"},"main":"aws4.js","keywords":["amazon","aws","signature","s3","ec2","autoscaling","cloudformation","elasticloadbalancing","elb","elasticbeanstalk","cloudsearch","dynamodb","kinesis","lambda","glacier","sqs","sns","iam","sts","ses","swf","storagegateway","datapipeline","directconnect","redshift","opsworks","rds","monitoring","cloudtrail","cloudfront","codedeploy","elasticache","elasticmapreduce","elastictranscoder","emr","cloudwatch","mobileanalytics","cognitoidentity","cognitosync","cognito","containerservice","ecs","appstream","keymanagementservice","kms","config","cloudhsm","route53","route53domains","logs"],"repository":{"type":"git","url":"git+https://github.com/mhart/aws4.git"},"license":"MIT","dependencies":{"lru-cache":"^2.6.5"},"devDependencies":{"mocha":"^2.2.5","should":"^7.0.1"},"scripts":{"test":"mocha ./test/fast.js ./test/slow.js -b -t 100s -R list"},"gitHead":"151b93e6147b1854c8531a9b11ad4fda10067f62","bugs":{"url":"https://github.com/mhart/aws4/issues"},"homepage":"https://github.com/mhart/aws4#readme","_id":"aws4@1.2.0","_shasum":"1d78ffb8b93b6b62ade7aa526993a8295aa8b454","_from":".","_npmVersion":"2.14.15","_nodeVersion":"4.2.3","_npmUser":{"name":"hichaelmart","email":"michael.hart.au@gmail.com"},"maintainers":[{"name":"hichaelmart","email":"michael.hart.au@gmail.com"}],"dist":{"shasum":"1d78ffb8b93b6b62ade7aa526993a8295aa8b454","tarball":"https://registry.npmjs.org/aws4/-/aws4-1.2.0.tgz"},"directories":{}},"1.2.1":{"name":"aws4","version":"1.2.1","description":"Signs and prepares requests using AWS Signature Version 4","author":{"name":"Michael Hart","email":"michael.hart.au@gmail.com","url":"http://github.com/mhart"},"main":"aws4.js","keywords":["amazon","aws","signature","s3","ec2","autoscaling","cloudformation","elasticloadbalancing","elb","elasticbeanstalk","cloudsearch","dynamodb","kinesis","lambda","glacier","sqs","sns","iam","sts","ses","swf","storagegateway","datapipeline","directconnect","redshift","opsworks","rds","monitoring","cloudtrail","cloudfront","codedeploy","elasticache","elasticmapreduce","elastictranscoder","emr","cloudwatch","mobileanalytics","cognitoidentity","cognitosync","cognito","containerservice","ecs","appstream","keymanagementservice","kms","config","cloudhsm","route53","route53domains","logs"],"repository":{"type":"git","url":"git+https://github.com/mhart/aws4.git"},"license":"MIT","dependencies":{"lru-cache":"^2.6.5"},"devDependencies":{"mocha":"^2.2.5","should":"^7.0.1"},"scripts":{"test":"mocha ./test/fast.js ./test/slow.js -b -t 100s -R list"},"gitHead":"3d8a3a06a8415bd5255b4f60eb91576952e97f5c","bugs":{"url":"https://github.com/mhart/aws4/issues"},"homepage":"https://github.com/mhart/aws4#readme","_id":"aws4@1.2.1","_shasum":"52b5659a4d32583d405f65e1124ac436d07fe5ac","_from":".","_npmVersion":"2.14.15","_nodeVersion":"4.2.4","_npmUser":{"name":"hichaelmart","email":"michael.hart.au@gmail.com"},"maintainers":[{"name":"hichaelmart","email":"michael.hart.au@gmail.com"}],"dist":{"shasum":"52b5659a4d32583d405f65e1124ac436d07fe5ac","tarball":"https://registry.npmjs.org/aws4/-/aws4-1.2.1.tgz"},"directories":{}},"1.3.1":{"name":"aws4","version":"1.3.1","description":"Signs and prepares requests using AWS Signature Version 4","author":{"name":"Michael Hart","email":"michael.hart.au@gmail.com","url":"http://github.com/mhart"},"main":"aws4.js","keywords":["amazon","aws","signature","s3","ec2","autoscaling","cloudformation","elasticloadbalancing","elb","elasticbeanstalk","cloudsearch","dynamodb","kinesis","lambda","glacier","sqs","sns","iam","sts","ses","swf","storagegateway","datapipeline","directconnect","redshift","opsworks","rds","monitoring","cloudtrail","cloudfront","codedeploy","elasticache","elasticmapreduce","elastictranscoder","emr","cloudwatch","mobileanalytics","cognitoidentity","cognitosync","cognito","containerservice","ecs","appstream","keymanagementservice","kms","config","cloudhsm","route53","route53domains","logs"],"repository":{"type":"git","url":"git+https://github.com/mhart/aws4.git"},"license":"MIT","dependencies":{"lru-cache":"^4.0.0"},"devDependencies":{"mocha":"^2.4.5","should":"^8.2.2"},"scripts":{"test":"mocha ./test/fast.js ./test/slow.js -b -t 100s -R list"},"gitHead":"736a90cedd14721101a94f91c7aa066bc5bfcfc0","bugs":{"url":"https://github.com/mhart/aws4/issues"},"homepage":"https://github.com/mhart/aws4#readme","_id":"aws4@1.3.1","_shasum":"746e5456c0b8f731245581419c99e885321007b2","_from":".","_npmVersion":"2.14.21","_nodeVersion":"4.3.1","_npmUser":{"name":"hichaelmart","email":"michael.hart.au@gmail.com"},"maintainers":[{"name":"hichaelmart","email":"michael.hart.au@gmail.com"}],"dist":{"shasum":"746e5456c0b8f731245581419c99e885321007b2","tarball":"https://registry.npmjs.org/aws4/-/aws4-1.3.1.tgz"},"_npmOperationalInternal":{"host":"packages-6-west.internal.npmjs.com","tmp":"tmp/aws4-1.3.1.tgz_1456774939650_0.23266926012001932"},"directories":{}},"1.3.2":{"name":"aws4","version":"1.3.2","description":"Signs and prepares requests using AWS Signature Version 4","author":{"name":"Michael Hart","email":"michael.hart.au@gmail.com","url":"http://github.com/mhart"},"main":"aws4.js","keywords":["amazon","aws","signature","s3","ec2","autoscaling","cloudformation","elasticloadbalancing","elb","elasticbeanstalk","cloudsearch","dynamodb","kinesis","lambda","glacier","sqs","sns","iam","sts","ses","swf","storagegateway","datapipeline","directconnect","redshift","opsworks","rds","monitoring","cloudtrail","cloudfront","codedeploy","elasticache","elasticmapreduce","elastictranscoder","emr","cloudwatch","mobileanalytics","cognitoidentity","cognitosync","cognito","containerservice","ecs","appstream","keymanagementservice","kms","config","cloudhsm","route53","route53domains","logs"],"repository":{"type":"git","url":"git+https://github.com/mhart/aws4.git"},"license":"MIT","dependencies":{"lru-cache":"^4.0.0"},"devDependencies":{"mocha":"^2.4.5","should":"^8.2.2"},"scripts":{"test":"mocha ./test/fast.js ./test/slow.js -b -t 100s -R list"},"gitHead":"e899db3aacbf2a034398f7dd483345dc793e8d72","bugs":{"url":"https://github.com/mhart/aws4/issues"},"homepage":"https://github.com/mhart/aws4#readme","_id":"aws4@1.3.2","_shasum":"d39e0bee412ced0e8ed94a23e314f313a95b9fd1","_from":".","_npmVersion":"2.14.21","_nodeVersion":"4.3.1","_npmUser":{"name":"hichaelmart","email":"michael.hart.au@gmail.com"},"maintainers":[{"name":"hichaelmart","email":"michael.hart.au@gmail.com"}],"dist":{"shasum":"d39e0bee412ced0e8ed94a23e314f313a95b9fd1","tarball":"https://registry.npmjs.org/aws4/-/aws4-1.3.2.tgz"},"_npmOperationalInternal":{"host":"packages-12-west.internal.npmjs.com","tmp":"tmp/aws4-1.3.2.tgz_1456871543899_0.13955276948399842"},"directories":{}},"1.4.0":{"name":"aws4","version":"1.4.0","description":"Signs and prepares requests using AWS Signature Version 4","author":{"name":"Michael Hart","email":"michael.hart.au@gmail.com","url":"http://github.com/mhart"},"main":"aws4.js","keywords":["amazon","aws","signature","s3","ec2","autoscaling","cloudformation","elasticloadbalancing","elb","elasticbeanstalk","cloudsearch","dynamodb","kinesis","lambda","glacier","sqs","sns","iam","sts","ses","swf","storagegateway","datapipeline","directconnect","redshift","opsworks","rds","monitoring","cloudtrail","cloudfront","codedeploy","elasticache","elasticmapreduce","elastictranscoder","emr","cloudwatch","mobileanalytics","cognitoidentity","cognitosync","cognito","containerservice","ecs","appstream","keymanagementservice","kms","config","cloudhsm","route53","route53domains","logs"],"repository":{"type":"git","url":"git+https://github.com/mhart/aws4.git"},"license":"MIT","devDependencies":{"mocha":"^2.4.5","should":"^8.2.2"},"scripts":{"test":"mocha ./test/fast.js ./test/slow.js -b -t 100s -R list"},"gitHead":"905ee9189619d05c574cafa65fad9b9bef179f77","bugs":{"url":"https://github.com/mhart/aws4/issues"},"homepage":"https://github.com/mhart/aws4#readme","_id":"aws4@1.4.0","_shasum":"116711e87093c04fd756d49cdd7a66e244508752","_from":".","_npmVersion":"2.15.4","_nodeVersion":"4.4.3","_npmUser":{"name":"hichaelmart","email":"michael.hart.au@gmail.com"},"maintainers":[{"name":"hichaelmart","email":"michael.hart.au@gmail.com"}],"dist":{"shasum":"116711e87093c04fd756d49cdd7a66e244508752","tarball":"https://registry.npmjs.org/aws4/-/aws4-1.4.0.tgz"},"_npmOperationalInternal":{"host":"packages-12-west.internal.npmjs.com","tmp":"tmp/aws4-1.4.0.tgz_1462572395340_0.5036796217318624"},"directories":{}},"1.4.1":{"name":"aws4","version":"1.4.1","description":"Signs and prepares requests using AWS Signature Version 4","author":{"name":"Michael Hart","email":"michael.hart.au@gmail.com","url":"http://github.com/mhart"},"main":"aws4.js","keywords":["amazon","aws","signature","s3","ec2","autoscaling","cloudformation","elasticloadbalancing","elb","elasticbeanstalk","cloudsearch","dynamodb","kinesis","lambda","glacier","sqs","sns","iam","sts","ses","swf","storagegateway","datapipeline","directconnect","redshift","opsworks","rds","monitoring","cloudtrail","cloudfront","codedeploy","elasticache","elasticmapreduce","elastictranscoder","emr","cloudwatch","mobileanalytics","cognitoidentity","cognitosync","cognito","containerservice","ecs","appstream","keymanagementservice","kms","config","cloudhsm","route53","route53domains","logs"],"repository":{"type":"git","url":"git+https://github.com/mhart/aws4.git"},"license":"MIT","devDependencies":{"mocha":"^2.4.5","should":"^8.2.2"},"scripts":{"test":"mocha ./test/fast.js ./test/slow.js -b -t 100s -R list"},"gitHead":"f126d3ff80be1ddde0fc6b50bb51a7f199547e81","bugs":{"url":"https://github.com/mhart/aws4/issues"},"homepage":"https://github.com/mhart/aws4#readme","_id":"aws4@1.4.1","_shasum":"fde7d5292466d230e5ee0f4e038d9dfaab08fc61","_from":".","_npmVersion":"2.15.4","_nodeVersion":"4.4.3","_npmUser":{"name":"hichaelmart","email":"michael.hart.au@gmail.com"},"maintainers":[{"name":"hichaelmart","email":"michael.hart.au@gmail.com"}],"dist":{"shasum":"fde7d5292466d230e5ee0f4e038d9dfaab08fc61","tarball":"https://registry.npmjs.org/aws4/-/aws4-1.4.1.tgz"},"_npmOperationalInternal":{"host":"packages-12-west.internal.npmjs.com","tmp":"tmp/aws4-1.4.1.tgz_1462643218465_0.6527479749638587"},"directories":{}},"1.5.0":{"name":"aws4","version":"1.5.0","description":"Signs and prepares requests using AWS Signature Version 4","author":{"name":"Michael Hart","email":"michael.hart.au@gmail.com","url":"http://github.com/mhart"},"main":"aws4.js","keywords":["amazon","aws","signature","s3","ec2","autoscaling","cloudformation","elasticloadbalancing","elb","elasticbeanstalk","cloudsearch","dynamodb","kinesis","lambda","glacier","sqs","sns","iam","sts","ses","swf","storagegateway","datapipeline","directconnect","redshift","opsworks","rds","monitoring","cloudtrail","cloudfront","codedeploy","elasticache","elasticmapreduce","elastictranscoder","emr","cloudwatch","mobileanalytics","cognitoidentity","cognitosync","cognito","containerservice","ecs","appstream","keymanagementservice","kms","config","cloudhsm","route53","route53domains","logs"],"repository":{"type":"git","url":"git+https://github.com/mhart/aws4.git"},"license":"MIT","devDependencies":{"mocha":"^2.4.5","should":"^8.2.2"},"scripts":{"test":"mocha ./test/fast.js ./test/slow.js -b -t 100s -R list"},"gitHead":"ba136334ee08884c6042c8578a22e376233eef34","bugs":{"url":"https://github.com/mhart/aws4/issues"},"homepage":"https://github.com/mhart/aws4#readme","_id":"aws4@1.5.0","_shasum":"0a29ffb79c31c9e712eeb087e8e7a64b4a56d755","_from":".","_npmVersion":"2.15.11","_nodeVersion":"4.5.0","_npmUser":{"name":"hichaelmart","email":"michael.hart.au@gmail.com"},"maintainers":[{"name":"hichaelmart","email":"michael.hart.au@gmail.com"}],"dist":{"shasum":"0a29ffb79c31c9e712eeb087e8e7a64b4a56d755","tarball":"https://registry.npmjs.org/aws4/-/aws4-1.5.0.tgz"},"_npmOperationalInternal":{"host":"packages-16-east.internal.npmjs.com","tmp":"tmp/aws4-1.5.0.tgz_1476226259635_0.2796843808609992"},"directories":{}},"1.6.0":{"name":"aws4","version":"1.6.0","description":"Signs and prepares requests using AWS Signature Version 4","author":{"name":"Michael Hart","email":"michael.hart.au@gmail.com","url":"http://github.com/mhart"},"main":"aws4.js","keywords":["amazon","aws","signature","s3","ec2","autoscaling","cloudformation","elasticloadbalancing","elb","elasticbeanstalk","cloudsearch","dynamodb","kinesis","lambda","glacier","sqs","sns","iam","sts","ses","swf","storagegateway","datapipeline","directconnect","redshift","opsworks","rds","monitoring","cloudtrail","cloudfront","codedeploy","elasticache","elasticmapreduce","elastictranscoder","emr","cloudwatch","mobileanalytics","cognitoidentity","cognitosync","cognito","containerservice","ecs","appstream","keymanagementservice","kms","config","cloudhsm","route53","route53domains","logs"],"repository":{"type":"git","url":"git+https://github.com/mhart/aws4.git"},"license":"MIT","devDependencies":{"mocha":"^2.4.5","should":"^8.2.2"},"scripts":{"test":"mocha ./test/fast.js ./test/slow.js -b -t 100s -R list"},"gitHead":"74bf0b64d1e8cbcd184964999c7ef53f52d7ad32","bugs":{"url":"https://github.com/mhart/aws4/issues"},"homepage":"https://github.com/mhart/aws4#readme","_id":"aws4@1.6.0","_shasum":"83ef5ca860b2b32e4a0deedee8c771b9db57471e","_from":".","_npmVersion":"4.0.5","_nodeVersion":"4.5.0","_npmUser":{"name":"hichaelmart","email":"michael.hart.au@gmail.com"},"maintainers":[{"name":"hichaelmart","email":"michael.hart.au@gmail.com"}],"dist":{"shasum":"83ef5ca860b2b32e4a0deedee8c771b9db57471e","tarball":"https://registry.npmjs.org/aws4/-/aws4-1.6.0.tgz"},"_npmOperationalInternal":{"host":"packages-18-east.internal.npmjs.com","tmp":"tmp/aws4-1.6.0.tgz_1486481933920_0.6127187723759562"},"directories":{}}},"readme":"aws4\n----\n\n[![Build Status](https://secure.travis-ci.org/mhart/aws4.png?branch=master)](http://travis-ci.org/mhart/aws4)\n\nA small utility to sign vanilla node.js http(s) request options using Amazon's\n[AWS Signature Version 4](http://docs.amazonwebservices.com/general/latest/gr/signature-version-4.html).\n\nCan also be used [in the browser](./browser).\n\nThis signature is supported by nearly all Amazon services, including\n[S3](http://docs.aws.amazon.com/AmazonS3/latest/API/),\n[EC2](http://docs.aws.amazon.com/AWSEC2/latest/APIReference/),\n[DynamoDB](http://docs.aws.amazon.com/amazondynamodb/latest/developerguide/API.html),\n[Kinesis](http://docs.aws.amazon.com/kinesis/latest/APIReference/),\n[Lambda](http://docs.aws.amazon.com/lambda/latest/dg/API_Reference.html),\n[SQS](http://docs.aws.amazon.com/AWSSimpleQueueService/latest/APIReference/),\n[SNS](http://docs.aws.amazon.com/sns/latest/api/),\n[IAM](http://docs.aws.amazon.com/IAM/latest/APIReference/),\n[STS](http://docs.aws.amazon.com/STS/latest/APIReference/),\n[RDS](http://docs.aws.amazon.com/AmazonRDS/latest/APIReference/),\n[CloudWatch](http://docs.aws.amazon.com/AmazonCloudWatch/latest/APIReference/),\n[CloudWatch Logs](http://docs.aws.amazon.com/AmazonCloudWatchLogs/latest/APIReference/),\n[CodeDeploy](http://docs.aws.amazon.com/codedeploy/latest/APIReference/),\n[CloudFront](http://docs.aws.amazon.com/AmazonCloudFront/latest/APIReference/),\n[CloudTrail](http://docs.aws.amazon.com/awscloudtrail/latest/APIReference/),\n[ElastiCache](http://docs.aws.amazon.com/AmazonElastiCache/latest/APIReference/),\n[EMR](http://docs.aws.amazon.com/ElasticMapReduce/latest/API/),\n[Glacier](http://docs.aws.amazon.com/amazonglacier/latest/dev/amazon-glacier-api.html),\n[CloudSearch](http://docs.aws.amazon.com/cloudsearch/latest/developerguide/APIReq.html),\n[Elastic Load Balancing](http://docs.aws.amazon.com/ElasticLoadBalancing/latest/APIReference/),\n[Elastic Transcoder](http://docs.aws.amazon.com/elastictranscoder/latest/developerguide/api-reference.html),\n[CloudFormation](http://docs.aws.amazon.com/AWSCloudFormation/latest/APIReference/),\n[Elastic Beanstalk](http://docs.aws.amazon.com/elasticbeanstalk/latest/api/),\n[Storage Gateway](http://docs.aws.amazon.com/storagegateway/latest/userguide/AWSStorageGatewayAPI.html),\n[Data Pipeline](http://docs.aws.amazon.com/datapipeline/latest/APIReference/),\n[Direct Connect](http://docs.aws.amazon.com/directconnect/latest/APIReference/),\n[Redshift](http://docs.aws.amazon.com/redshift/latest/APIReference/),\n[OpsWorks](http://docs.aws.amazon.com/opsworks/latest/APIReference/),\n[SES](http://docs.aws.amazon.com/ses/latest/APIReference/),\n[SWF](http://docs.aws.amazon.com/amazonswf/latest/apireference/),\n[AutoScaling](http://docs.aws.amazon.com/AutoScaling/latest/APIReference/),\n[Mobile Analytics](http://docs.aws.amazon.com/mobileanalytics/latest/ug/server-reference.html),\n[Cognito Identity](http://docs.aws.amazon.com/cognitoidentity/latest/APIReference/),\n[Cognito Sync](http://docs.aws.amazon.com/cognitosync/latest/APIReference/),\n[Container Service](http://docs.aws.amazon.com/AmazonECS/latest/APIReference/),\n[AppStream](http://docs.aws.amazon.com/appstream/latest/developerguide/appstream-api-rest.html),\n[Key Management Service](http://docs.aws.amazon.com/kms/latest/APIReference/),\n[Config](http://docs.aws.amazon.com/config/latest/APIReference/),\n[CloudHSM](http://docs.aws.amazon.com/cloudhsm/latest/dg/api-ref.html),\n[Route53](http://docs.aws.amazon.com/Route53/latest/APIReference/requests-rest.html) and\n[Route53 Domains](http://docs.aws.amazon.com/Route53/latest/APIReference/requests-rpc.html).\n\nIndeed, the only AWS services that *don't* support v4 as of 2014-12-30 are\n[Import/Export](http://docs.aws.amazon.com/AWSImportExport/latest/DG/api-reference.html) and\n[SimpleDB](http://docs.aws.amazon.com/AmazonSimpleDB/latest/DeveloperGuide/SDB_API.html)\n(they only support [AWS Signature Version 2](https://github.com/mhart/aws2)).\n\nIt also provides defaults for a number of core AWS headers and\nrequest parameters, making it very easy to query AWS services, or\nbuild out a fully-featured AWS library.\n\nExample\n-------\n\n```javascript\nvar http  = require('http'),\n    https = require('https'),\n    aws4  = require('aws4')\n\n// given an options object you could pass to http.request\nvar opts = {host: 'sqs.us-east-1.amazonaws.com', path: '/?Action=ListQueues'}\n\n// alternatively (as aws4 can infer the host):\nopts = {service: 'sqs', region: 'us-east-1', path: '/?Action=ListQueues'}\n\n// alternatively (as us-east-1 is default):\nopts = {service: 'sqs', path: '/?Action=ListQueues'}\n\naws4.sign(opts) // assumes AWS credentials are available in process.env\n\nconsole.log(opts)\n/*\n{\n  host: 'sqs.us-east-1.amazonaws.com',\n  path: '/?Action=ListQueues',\n  headers: {\n    Host: 'sqs.us-east-1.amazonaws.com',\n    'X-Amz-Date': '20121226T061030Z',\n    Authorization: 'AWS4-HMAC-SHA256 Credential=ABCDEF/20121226/us-east-1/sqs/aws4_request, ...'\n  }\n}\n*/\n\n// we can now use this to query AWS using the standard node.js http API\nhttp.request(opts, function(res) { res.pipe(process.stdout) }).end()\n/*\n<?xml version=\"1.0\"?>\n<ListQueuesResponse xmlns=\"http://queue.amazonaws.com/doc/2012-11-05/\">\n...\n*/\n```\n\nMore options\n------------\n\n```javascript\n// you can also pass AWS credentials in explicitly (otherwise taken from process.env)\naws4.sign(opts, {accessKeyId: '', secretAccessKey: ''})\n\n// can also add the signature to query strings\naws4.sign({service: 's3', path: '/my-bucket?X-Amz-Expires=12345', signQuery: true})\n\n// create a utility function to pipe to stdout (with https this time)\nfunction request(o) { https.request(o, function(res) { res.pipe(process.stdout) }).end(o.body || '') }\n\n// aws4 can infer the HTTP method if a body is passed in\n// method will be POST and Content-Type: 'application/x-www-form-urlencoded; charset=utf-8'\nrequest(aws4.sign({service: 'iam', body: 'Action=ListGroups&Version=2010-05-08'}))\n/*\n<ListGroupsResponse xmlns=\"https://iam.amazonaws.com/doc/2010-05-08/\">\n...\n*/\n\n// can specify any custom option or header as per usual\nrequest(aws4.sign({\n  service: 'dynamodb',\n  region: 'ap-southeast-2',\n  method: 'POST',\n  path: '/',\n  headers: {\n    'Content-Type': 'application/x-amz-json-1.0',\n    'X-Amz-Target': 'DynamoDB_20120810.ListTables'\n  },\n  body: '{}'\n}))\n/*\n{\"TableNames\":[]}\n...\n*/\n\n// works with all other services that support Signature Version 4\n\nrequest(aws4.sign({service: 's3', path: '/', signQuery: true}))\n/*\n<ListAllMyBucketsResult xmlns=\"http://s3.amazonaws.com/doc/2006-03-01/\">\n...\n*/\n\nrequest(aws4.sign({service: 'ec2', path: '/?Action=DescribeRegions&Version=2014-06-15'}))\n/*\n<DescribeRegionsResponse xmlns=\"http://ec2.amazonaws.com/doc/2014-06-15/\">\n...\n*/\n\nrequest(aws4.sign({service: 'sns', path: '/?Action=ListTopics&Version=2010-03-31'}))\n/*\n<ListTopicsResponse xmlns=\"http://sns.amazonaws.com/doc/2010-03-31/\">\n...\n*/\n\nrequest(aws4.sign({service: 'sts', path: '/?Action=GetSessionToken&Version=2011-06-15'}))\n/*\n<GetSessionTokenResponse xmlns=\"https://sts.amazonaws.com/doc/2011-06-15/\">\n...\n*/\n\nrequest(aws4.sign({service: 'cloudsearch', path: '/?Action=ListDomainNames&Version=2013-01-01'}))\n/*\n<ListDomainNamesResponse xmlns=\"http://cloudsearch.amazonaws.com/doc/2013-01-01/\">\n...\n*/\n\nrequest(aws4.sign({service: 'ses', path: '/?Action=ListIdentities&Version=2010-12-01'}))\n/*\n<ListIdentitiesResponse xmlns=\"http://ses.amazonaws.com/doc/2010-12-01/\">\n...\n*/\n\nrequest(aws4.sign({service: 'autoscaling', path: '/?Action=DescribeAutoScalingInstances&Version=2011-01-01'}))\n/*\n<DescribeAutoScalingInstancesResponse xmlns=\"http://autoscaling.amazonaws.com/doc/2011-01-01/\">\n...\n*/\n\nrequest(aws4.sign({service: 'elasticloadbalancing', path: '/?Action=DescribeLoadBalancers&Version=2012-06-01'}))\n/*\n<DescribeLoadBalancersResponse xmlns=\"http://elasticloadbalancing.amazonaws.com/doc/2012-06-01/\">\n...\n*/\n\nrequest(aws4.sign({service: 'cloudformation', path: '/?Action=ListStacks&Version=2010-05-15'}))\n/*\n<ListStacksResponse xmlns=\"http://cloudformation.amazonaws.com/doc/2010-05-15/\">\n...\n*/\n\nrequest(aws4.sign({service: 'elasticbeanstalk', path: '/?Action=ListAvailableSolutionStacks&Version=2010-12-01'}))\n/*\n<ListAvailableSolutionStacksResponse xmlns=\"http://elasticbeanstalk.amazonaws.com/docs/2010-12-01/\">\n...\n*/\n\nrequest(aws4.sign({service: 'rds', path: '/?Action=DescribeDBInstances&Version=2012-09-17'}))\n/*\n<DescribeDBInstancesResponse xmlns=\"http://rds.amazonaws.com/doc/2012-09-17/\">\n...\n*/\n\nrequest(aws4.sign({service: 'monitoring', path: '/?Action=ListMetrics&Version=2010-08-01'}))\n/*\n<ListMetricsResponse xmlns=\"http://monitoring.amazonaws.com/doc/2010-08-01/\">\n...\n*/\n\nrequest(aws4.sign({service: 'redshift', path: '/?Action=DescribeClusters&Version=2012-12-01'}))\n/*\n<DescribeClustersResponse xmlns=\"http://redshift.amazonaws.com/doc/2012-12-01/\">\n...\n*/\n\nrequest(aws4.sign({service: 'cloudfront', path: '/2014-05-31/distribution'}))\n/*\n<DistributionList xmlns=\"http://cloudfront.amazonaws.com/doc/2014-05-31/\">\n...\n*/\n\nrequest(aws4.sign({service: 'elasticache', path: '/?Action=DescribeCacheClusters&Version=2014-07-15'}))\n/*\n<DescribeCacheClustersResponse xmlns=\"http://elasticache.amazonaws.com/doc/2014-07-15/\">\n...\n*/\n\nrequest(aws4.sign({service: 'elasticmapreduce', path: '/?Action=DescribeJobFlows&Version=2009-03-31'}))\n/*\n<DescribeJobFlowsResponse xmlns=\"http://elasticmapreduce.amazonaws.com/doc/2009-03-31\">\n...\n*/\n\nrequest(aws4.sign({service: 'route53', path: '/2013-04-01/hostedzone'}))\n/*\n<ListHostedZonesResponse xmlns=\"https://route53.amazonaws.com/doc/2013-04-01/\">\n...\n*/\n\nrequest(aws4.sign({service: 'appstream', path: '/applications'}))\n/*\n{\"_links\":{\"curie\":[{\"href\":\"http://docs.aws.amazon.com/appstream/latest/...\n...\n*/\n\nrequest(aws4.sign({service: 'cognito-sync', path: '/identitypools'}))\n/*\n{\"Count\":0,\"IdentityPoolUsages\":[],\"MaxResults\":16,\"NextToken\":null}\n...\n*/\n\nrequest(aws4.sign({service: 'elastictranscoder', path: '/2012-09-25/pipelines'}))\n/*\n{\"NextPageToken\":null,\"Pipelines\":[]}\n...\n*/\n\nrequest(aws4.sign({service: 'lambda', path: '/2014-11-13/functions/'}))\n/*\n{\"Functions\":[],\"NextMarker\":null}\n...\n*/\n\nrequest(aws4.sign({service: 'ecs', path: '/?Action=ListClusters&Version=2014-11-13'}))\n/*\n<ListClustersResponse xmlns=\"http://ecs.amazonaws.com/doc/2014-11-13/\">\n...\n*/\n\nrequest(aws4.sign({service: 'glacier', path: '/-/vaults', headers: {'X-Amz-Glacier-Version': '2012-06-01'}}))\n/*\n{\"Marker\":null,\"VaultList\":[]}\n...\n*/\n\nrequest(aws4.sign({service: 'storagegateway', body: '{}', headers: {\n  'Content-Type': 'application/x-amz-json-1.1',\n  'X-Amz-Target': 'StorageGateway_20120630.ListGateways'\n}}))\n/*\n{\"Gateways\":[]}\n...\n*/\n\nrequest(aws4.sign({service: 'datapipeline', body: '{}', headers: {\n  'Content-Type': 'application/x-amz-json-1.1',\n  'X-Amz-Target': 'DataPipeline.ListPipelines'\n}}))\n/*\n{\"hasMoreResults\":false,\"pipelineIdList\":[]}\n...\n*/\n\nrequest(aws4.sign({service: 'opsworks', body: '{}', headers: {\n  'Content-Type': 'application/x-amz-json-1.1',\n  'X-Amz-Target': 'OpsWorks_20130218.DescribeStacks'\n}}))\n/*\n{\"Stacks\":[]}\n...\n*/\n\nrequest(aws4.sign({service: 'route53domains', body: '{}', headers: {\n  'Content-Type': 'application/x-amz-json-1.1',\n  'X-Amz-Target': 'Route53Domains_v20140515.ListDomains'\n}}))\n/*\n{\"Domains\":[]}\n...\n*/\n\nrequest(aws4.sign({service: 'kinesis', body: '{}', headers: {\n  'Content-Type': 'application/x-amz-json-1.1',\n  'X-Amz-Target': 'Kinesis_20131202.ListStreams'\n}}))\n/*\n{\"HasMoreStreams\":false,\"StreamNames\":[]}\n...\n*/\n\nrequest(aws4.sign({service: 'cloudtrail', body: '{}', headers: {\n  'Content-Type': 'application/x-amz-json-1.1',\n  'X-Amz-Target': 'CloudTrail_20131101.DescribeTrails'\n}}))\n/*\n{\"trailList\":[]}\n...\n*/\n\nrequest(aws4.sign({service: 'logs', body: '{}', headers: {\n  'Content-Type': 'application/x-amz-json-1.1',\n  'X-Amz-Target': 'Logs_20140328.DescribeLogGroups'\n}}))\n/*\n{\"logGroups\":[]}\n...\n*/\n\nrequest(aws4.sign({service: 'codedeploy', body: '{}', headers: {\n  'Content-Type': 'application/x-amz-json-1.1',\n  'X-Amz-Target': 'CodeDeploy_20141006.ListApplications'\n}}))\n/*\n{\"applications\":[]}\n...\n*/\n\nrequest(aws4.sign({service: 'directconnect', body: '{}', headers: {\n  'Content-Type': 'application/x-amz-json-1.1',\n  'X-Amz-Target': 'OvertureService.DescribeConnections'\n}}))\n/*\n{\"connections\":[]}\n...\n*/\n\nrequest(aws4.sign({service: 'kms', body: '{}', headers: {\n  'Content-Type': 'application/x-amz-json-1.1',\n  'X-Amz-Target': 'TrentService.ListKeys'\n}}))\n/*\n{\"Keys\":[],\"Truncated\":false}\n...\n*/\n\nrequest(aws4.sign({service: 'config', body: '{}', headers: {\n  'Content-Type': 'application/x-amz-json-1.1',\n  'X-Amz-Target': 'StarlingDoveService.DescribeDeliveryChannels'\n}}))\n/*\n{\"DeliveryChannels\":[]}\n...\n*/\n\nrequest(aws4.sign({service: 'cloudhsm', body: '{}', headers: {\n  'Content-Type': 'application/x-amz-json-1.1',\n  'X-Amz-Target': 'CloudHsmFrontendService.ListAvailableZones'\n}}))\n/*\n{\"AZList\":[\"us-east-1a\",\"us-east-1b\",\"us-east-1c\"]}\n...\n*/\n\nrequest(aws4.sign({\n  service: 'swf',\n  body: '{\"registrationStatus\":\"REGISTERED\"}',\n  headers: {\n    'Content-Type': 'application/x-amz-json-1.0',\n    'X-Amz-Target': 'SimpleWorkflowService.ListDomains'\n  }\n}))\n/*\n{\"domainInfos\":[]}\n...\n*/\n\nrequest(aws4.sign({\n  service: 'cognito-identity',\n  body: '{\"MaxResults\": 1}',\n  headers: {\n    'Content-Type': 'application/x-amz-json-1.1',\n    'X-Amz-Target': 'AWSCognitoIdentityService.ListIdentityPools'\n  }\n}))\n/*\n{\"IdentityPools\":[]}\n...\n*/\n\nrequest(aws4.sign({\n  service: 'mobileanalytics',\n  path: '/2014-06-05/events',\n  body: JSON.stringify({events:[{\n    eventType: 'a',\n    timestamp: new Date().toISOString(),\n    session: {},\n  }]}),\n  headers: {\n    'Content-Type': 'application/json',\n    'X-Amz-Client-Context': JSON.stringify({\n      client: {client_id: 'a', app_title: 'a'},\n      custom: {},\n      env: {platform: 'a'},\n      services: {},\n    }),\n  }\n}))\n/*\n(HTTP 202, empty response)\n*/\n\n// Generate CodeCommit Git access password\nvar signer = new aws4.RequestSigner({\n  service: 'codecommit',\n  host: 'git-codecommit.us-east-1.amazonaws.com',\n  method: 'GIT',\n  path: '/v1/repos/MyAwesomeRepo',\n})\nvar password = signer.getDateTime() + 'Z' + signer.signature()\n```\n\nAPI\n---\n\n### aws4.sign(requestOptions, [credentials])\n\nThis calculates and populates the `Authorization` header of\n`requestOptions`, and any other necessary AWS headers and/or request\noptions. Returns `requestOptions` as a convenience for chaining.\n\n`requestOptions` is an object holding the same options that the node.js\n[http.request](http://nodejs.org/docs/latest/api/http.html#http_http_request_options_callback)\nfunction takes.\n\nThe following properties of `requestOptions` are used in the signing or\npopulated if they don't already exist:\n\n- `hostname` or `host` (will be determined from `service` and `region` if not given)\n- `method` (will use `'GET'` if not given or `'POST'` if there is a `body`)\n- `path` (will use `'/'` if not given)\n- `body` (will use `''` if not given)\n- `service` (will be calculated from `hostname` or `host` if not given)\n- `region` (will be calculated from `hostname` or `host` or use `'us-east-1'` if not given)\n- `headers['Host']` (will use `hostname` or `host` or be calculated if not given)\n- `headers['Content-Type']` (will use `'application/x-www-form-urlencoded; charset=utf-8'`\n  if not given and there is a `body`)\n- `headers['Date']` (used to calculate the signature date if given, otherwise `new Date` is used)\n\nYour AWS credentials (which can be found in your\n[AWS console](https://portal.aws.amazon.com/gp/aws/securityCredentials))\ncan be specified in one of two ways:\n\n- As the second argument, like this:\n\n```javascript\naws4.sign(requestOptions, {\n  secretAccessKey: \"<your-secret-access-key>\",\n  accessKeyId: \"<your-access-key-id>\",\n  sessionToken: \"<your-session-token>\"\n})\n```\n\n- From `process.env`, such as this:\n\n```\nexport AWS_SECRET_ACCESS_KEY=\"<your-secret-access-key>\"\nexport AWS_ACCESS_KEY_ID=\"<your-access-key-id>\"\nexport AWS_SESSION_TOKEN=\"<your-session-token>\"\n```\n\n(will also use `AWS_ACCESS_KEY` and `AWS_SECRET_KEY` if available)\n\nThe `sessionToken` property and `AWS_SESSION_TOKEN` environment variable are optional for signing\nwith [IAM STS temporary credentials](http://docs.aws.amazon.com/STS/latest/UsingSTS/using-temp-creds.html).\n\nInstallation\n------------\n\nWith [npm](http://npmjs.org/) do:\n\n```\nnpm install aws4\n```\n\nCan also be used [in the browser](./browser).\n\nThanks\n------\n\nThanks to [@jed](https://github.com/jed) for his\n[dynamo-client](https://github.com/jed/dynamo-client) lib where I first\ncommitted and subsequently extracted this code.\n\nAlso thanks to the\n[official node.js AWS SDK](https://github.com/aws/aws-sdk-js) for giving\nme a start on implementing the v4 signature.\n\n","maintainers":[{"name":"hichaelmart","email":"michael.hart.au@gmail.com"}],"time":{"modified":"2017-03-24T21:26:51.867Z","created":"2012-12-26T04:43:37.518Z","0.0.1":"2012-12-26T04:43:41.495Z","0.1.0":"2012-12-26T05:36:58.627Z","0.1.1":"2012-12-26T06:53:28.885Z","0.1.2":"2012-12-26T08:28:22.376Z","0.1.3":"2012-12-26T08:46:07.150Z","0.1.4":"2013-01-11T05:14:48.712Z","0.1.5":"2013-01-11T11:22:48.897Z","0.1.6":"2013-01-12T06:42:59.595Z","0.1.7":"2013-01-12T07:13:53.650Z","0.1.8":"2013-01-13T11:35:43.284Z","0.1.9":"2013-02-20T04:31:18.685Z","0.1.10":"2013-02-20T05:21:29.413Z","0.1.12":"2013-06-19T02:09:54.455Z","0.2.0":"2013-10-06T04:14:54.000Z","0.2.1":"2013-11-12T09:50:11.173Z","0.2.2":"2014-09-09T20:33:37.707Z","0.2.3":"2014-09-09T20:34:55.791Z","0.3.0":"2014-10-02T03:45:24.482Z","0.4.0":"2014-12-31T02:48:22.493Z","0.4.1":"2014-12-31T03:23:46.527Z","0.4.2":"2015-01-08T23:27:59.859Z","0.5.0":"2015-03-16T16:38:42.925Z","0.5.1":"2015-03-16T16:56:23.217Z","1.0.0":"2015-03-17T00:12:50.344Z","1.0.1":"2015-04-03T14:08:02.613Z","1.0.2":"2015-06-30T19:13:29.751Z","1.0.3":"2015-06-30T20:18:08.420Z","1.0.4":"2015-07-01T15:22:43.662Z","1.1.0":"2015-10-12T22:24:06.868Z","1.2.0":"2015-12-29T21:59:42.644Z","1.2.1":"2015-12-29T22:10:42.693Z","1.3.1":"2016-02-29T19:42:23.040Z","1.3.2":"2016-03-01T22:32:26.246Z","1.4.0":"2016-05-06T22:06:38.080Z","1.4.1":"2016-05-07T17:47:00.756Z","1.5.0":"2016-10-11T22:51:00.450Z","1.6.0":"2017-02-07T15:38:54.676Z"},"author":{"name":"Michael Hart","email":"michael.hart.au@gmail.com","url":"http://github.com/mhart"},"repository":{"type":"git","url":"git+https://github.com/mhart/aws4.git"},"homepage":"https://github.com/mhart/aws4#readme","keywords":["amazon","aws","signature","s3","ec2","autoscaling","cloudformation","elasticloadbalancing","elb","elasticbeanstalk","cloudsearch","dynamodb","kinesis","lambda","glacier","sqs","sns","iam","sts","ses","swf","storagegateway","datapipeline","directconnect","redshift","opsworks","rds","monitoring","cloudtrail","cloudfront","codedeploy","elasticache","elasticmapreduce","elastictranscoder","emr","cloudwatch","mobileanalytics","cognitoidentity","cognitosync","cognito","containerservice","ecs","appstream","keymanagementservice","kms","config","cloudhsm","route53","route53domains","logs"],"bugs":{"url":"https://github.com/mhart/aws4/issues"},"license":"MIT","readmeFilename":"README.md","users":{"goliatone":true,"basicsharp":true,"esperluette":true,"kkuehl":true,"gjwiley":true,"bigmountainideas":true},"_attachments":{},"_etag":"W/\"58d58f1b-112ee\"","_lastModified":"Fri, 24 Mar 2017 21:26:51 GMT","_cached":true}