{"_id":"extend","_rev":"77-0a2307d8154a8e2a10fb40d881d67dc9","name":"extend","description":"Port of jQuery.extend for node.js and the browser","dist-tags":{"latest":"3.0.1"},"versions":{"1.0.0":{"name":"extend","version":"1.0.0","description":"Port of jQuery.extend for Node.js","main":"./index","keywords":["extend","clone","merge"],"author":{"name":"Stefan Thomas","email":"justmoon@members.fsf.org","url":"http://www.justmoon.net"},"repository":{"type":"git","url":"git://github.com/justmoon/node-extend.git"},"dependencies":{},"devDependencies":{},"_id":"extend@1.0.0","engines":{"node":"*"},"_engineSupported":true,"_npmVersion":"1.0.6","_nodeVersion":"v0.5.0-pre","_defaultsLoaded":true,"dist":{"shasum":"126c072b00c6053271a0bf4cf1777c33be023f40","tarball":"https://registry.npmjs.org/extend/-/extend-1.0.0.tgz"},"scripts":{},"directories":{},"deprecated":"Please update to the latest version."},"1.1.0":{"name":"extend","version":"1.1.0","description":"Port of jQuery.extend for Node.js","main":"./index","keywords":["extend","clone","merge"],"author":{"name":"Stefan Thomas","email":"justmoon@members.fsf.org","url":"http://www.justmoon.net"},"repository":{"type":"git","url":"https://github.com/justmoon/node-extend.git"},"_id":"extend@1.1.0","dist":{"shasum":"278ce9efe504035f6913edfad2008f6522c0a1b5","tarball":"https://registry.npmjs.org/extend/-/extend-1.1.0.tgz"},"_npmVersion":"1.1.65","_npmUser":{"name":"justmoon","email":"justmoon@members.fsf.org"},"maintainers":[{"name":"justmoon","email":"justmoon@members.fsf.org"}],"directories":{},"deprecated":"Please update to the latest version."},"1.1.1":{"name":"extend","version":"1.1.1","description":"Port of jQuery.extend for Node.js","main":"./index","keywords":["extend","clone","merge"],"author":{"name":"Stefan Thomas","email":"justmoon@members.fsf.org","url":"http://www.justmoon.net"},"repository":{"type":"git","url":"https://github.com/justmoon/node-extend.git"},"_id":"extend@1.1.1","dist":{"shasum":"feef6f0efa6f8e34062da79b5a46f8b1b5cf748e","tarball":"https://registry.npmjs.org/extend/-/extend-1.1.1.tgz"},"_npmVersion":"1.1.65","_npmUser":{"name":"justmoon","email":"justmoon@members.fsf.org"},"maintainers":[{"name":"justmoon","email":"justmoon@members.fsf.org"}],"directories":{},"deprecated":"Please update to the latest version."},"1.1.3":{"name":"extend","version":"1.1.3","description":"Port of jQuery.extend for Node.js","main":"./index","keywords":["extend","clone","merge"],"author":{"name":"Stefan Thomas","email":"justmoon@members.fsf.org","url":"http://www.justmoon.net"},"repository":{"type":"git","url":"https://github.com/justmoon/node-extend.git"},"devDependencies":{"buster":"*"},"_id":"extend@1.1.3","dist":{"shasum":"5ae3d12e33009879dfb574e911a2da1e3da29ef4","tarball":"https://registry.npmjs.org/extend/-/extend-1.1.3.tgz"},"_npmVersion":"1.1.65","_npmUser":{"name":"justmoon","email":"justmoon@members.fsf.org"},"maintainers":[{"name":"justmoon","email":"justmoon@members.fsf.org"}],"directories":{},"deprecated":"Please update to the latest version."},"1.2.0":{"name":"extend","author":{"name":"Stefan Thomas","email":"justmoon@members.fsf.org","url":"http://www.justmoon.net"},"version":"1.2.0","description":"Port of jQuery.extend for Node.js","main":"index","scripts":{"test":"node test/index.js"},"contributors":[{"name":"Jordan Harband","url":"https://github.com/ljharb"}],"keywords":["extend","clone","merge"],"repository":{"type":"git","url":"https://github.com/justmoon/node-extend.git"},"dependencies":{},"devDependencies":{"tape":"~1.0.4"},"bugs":{"url":"https://github.com/justmoon/node-extend/issues"},"_id":"extend@1.2.0","dist":{"shasum":"da1a81af472a5a3e7fd607f85cdeaf69c169294d","tarball":"https://registry.npmjs.org/extend/-/extend-1.2.0.tgz"},"_from":".","_npmVersion":"1.3.8","_npmUser":{"name":"ljharb","email":"ljharb@gmail.com"},"maintainers":[{"name":"justmoon","email":"justmoon@members.fsf.org"},{"name":"ljharb","email":"ljharb@gmail.com"}],"directories":{}},"1.2.1":{"name":"extend","author":{"name":"Stefan Thomas","email":"justmoon@members.fsf.org","url":"http://www.justmoon.net"},"version":"1.2.1","description":"Port of jQuery.extend for Node.js","main":"index","scripts":{"test":"node test/index.js"},"contributors":[{"name":"Jordan Harband","url":"https://github.com/ljharb"}],"keywords":["extend","clone","merge"],"repository":{"type":"git","url":"https://github.com/justmoon/node-extend.git"},"dependencies":{},"devDependencies":{"tape":"~1.1.0"},"bugs":{"url":"https://github.com/justmoon/node-extend/issues"},"_id":"extend@1.2.1","dist":{"shasum":"a0f5fd6cfc83a5fe49ef698d60ec8a624dd4576c","tarball":"https://registry.npmjs.org/extend/-/extend-1.2.1.tgz"},"_from":".","_npmVersion":"1.3.8","_npmUser":{"name":"ljharb","email":"ljharb@gmail.com"},"maintainers":[{"name":"justmoon","email":"justmoon@members.fsf.org"},{"name":"ljharb","email":"ljharb@gmail.com"}],"directories":{}},"1.3.0":{"name":"extend","author":{"name":"Stefan Thomas","email":"justmoon@members.fsf.org","url":"http://www.justmoon.net"},"version":"1.3.0","description":"Port of jQuery.extend for node.js and the browser","main":"index","scripts":{"test":"node test/index.js","coverage":"covert test/index.js","coverage-quiet":"covert test/index.js --quiet"},"contributors":[{"name":"Jordan Harband","url":"https://github.com/ljharb"}],"keywords":["extend","clone","merge"],"repository":{"type":"git","url":"https://github.com/justmoon/node-extend.git"},"dependencies":{},"devDependencies":{"tape":"~2.13.2","covert":"~0.4.0"},"gitHead":"30bf952975a8551c8aabc3aed5e812455847e37a","bugs":{"url":"https://github.com/justmoon/node-extend/issues"},"homepage":"https://github.com/justmoon/node-extend","_id":"extend@1.3.0","_shasum":"d1516fb0ff5624d2ebf9123ea1dac5a1994004f8","_from":".","_npmVersion":"1.4.14","_npmUser":{"name":"ljharb","email":"ljharb@gmail.com"},"maintainers":[{"name":"justmoon","email":"justmoon@members.fsf.org"},{"name":"ljharb","email":"ljharb@gmail.com"}],"dist":{"shasum":"d1516fb0ff5624d2ebf9123ea1dac5a1994004f8","tarball":"https://registry.npmjs.org/extend/-/extend-1.3.0.tgz"},"directories":{}},"2.0.0":{"name":"extend","author":{"name":"Stefan Thomas","email":"justmoon@members.fsf.org","url":"http://www.justmoon.net"},"version":"2.0.0","description":"Port of jQuery.extend for node.js and the browser","main":"index","scripts":{"test":"npm run lint && node test/index.js && npm run coverage-quiet","coverage":"covert test/index.js","coverage-quiet":"covert test/index.js --quiet","lint":"jscs *.js */*.js"},"contributors":[{"name":"Jordan Harband","url":"https://github.com/ljharb"}],"keywords":["extend","clone","merge"],"repository":{"type":"git","url":"https://github.com/justmoon/node-extend.git"},"dependencies":{},"devDependencies":{"tape":"~3.0.0","covert":"~1.0.0","jscs":"~1.6.2"},"gitHead":"1766f482fcf9ca83e07ad6fbeaa079e649d5db0c","bugs":{"url":"https://github.com/justmoon/node-extend/issues"},"homepage":"https://github.com/justmoon/node-extend","_id":"extend@2.0.0","_shasum":"cc3c1e238521df4c28e3f30868b7324bb5898a5c","_from":".","_npmVersion":"1.4.28","_npmUser":{"name":"ljharb","email":"ljharb@gmail.com"},"maintainers":[{"name":"justmoon","email":"justmoon@members.fsf.org"},{"name":"ljharb","email":"ljharb@gmail.com"}],"dist":{"shasum":"cc3c1e238521df4c28e3f30868b7324bb5898a5c","tarball":"https://registry.npmjs.org/extend/-/extend-2.0.0.tgz"},"directories":{}},"2.0.1":{"name":"extend","author":{"name":"Stefan Thomas","email":"justmoon@members.fsf.org","url":"http://www.justmoon.net"},"version":"2.0.1","description":"Port of jQuery.extend for node.js and the browser","main":"index","scripts":{"test":"npm run lint && node test/index.js && npm run coverage-quiet","coverage":"covert test/index.js","coverage-quiet":"covert test/index.js --quiet","lint":"jscs *.js */*.js"},"contributors":[{"name":"Jordan Harband","url":"https://github.com/ljharb"}],"keywords":["extend","clone","merge"],"repository":{"type":"git","url":"git+https://github.com/justmoon/node-extend.git"},"dependencies":{},"devDependencies":{"tape":"^4.0.0","covert":"^1.0.1","jscs":"^1.11.3"},"license":"MIT","gitHead":"ce3790222d3d2051f728f74be9565f155ed599c3","bugs":{"url":"https://github.com/justmoon/node-extend/issues"},"homepage":"https://github.com/justmoon/node-extend#readme","_id":"extend@2.0.1","_shasum":"1ee8010689e7395ff9448241c98652bc759a8260","_from":".","_npmVersion":"2.8.3","_nodeVersion":"1.8.1","_npmUser":{"name":"ljharb","email":"ljharb@gmail.com"},"dist":{"shasum":"1ee8010689e7395ff9448241c98652bc759a8260","tarball":"https://registry.npmjs.org/extend/-/extend-2.0.1.tgz"},"maintainers":[{"name":"justmoon","email":"justmoon@members.fsf.org"},{"name":"ljharb","email":"ljharb@gmail.com"}],"directories":{}},"3.0.0":{"name":"extend","author":{"name":"Stefan Thomas","email":"justmoon@members.fsf.org","url":"http://www.justmoon.net"},"version":"3.0.0","description":"Port of jQuery.extend for node.js and the browser","main":"index","scripts":{"test":"npm run lint && node test/index.js && npm run coverage-quiet","coverage":"covert test/index.js","coverage-quiet":"covert test/index.js --quiet","lint":"npm run jscs && npm run eslint","jscs":"jscs *.js */*.js","eslint":"eslint *.js */*.js"},"contributors":[{"name":"Jordan Harband","url":"https://github.com/ljharb"}],"keywords":["extend","clone","merge"],"repository":{"type":"git","url":"git+https://github.com/justmoon/node-extend.git"},"dependencies":{},"devDependencies":{"tape":"^4.0.0","covert":"^1.1.0","jscs":"^1.13.1","eslint":"^0.24.0"},"license":"MIT","gitHead":"148e7270cab2e9413af2cd0cab147070d755ed6d","bugs":{"url":"https://github.com/justmoon/node-extend/issues"},"homepage":"https://github.com/justmoon/node-extend#readme","_id":"extend@3.0.0","_shasum":"5a474353b9f3353ddd8176dfd37b91c83a46f1d4","_from":".","_npmVersion":"2.11.3","_nodeVersion":"2.3.1","_npmUser":{"name":"ljharb","email":"ljharb@gmail.com"},"dist":{"shasum":"5a474353b9f3353ddd8176dfd37b91c83a46f1d4","tarball":"https://registry.npmjs.org/extend/-/extend-3.0.0.tgz"},"maintainers":[{"name":"justmoon","email":"justmoon@members.fsf.org"},{"name":"ljharb","email":"ljharb@gmail.com"}],"directories":{}},"3.0.1":{"name":"extend","author":{"name":"Stefan Thomas","email":"justmoon@members.fsf.org","url":"http://www.justmoon.net"},"version":"3.0.1","description":"Port of jQuery.extend for node.js and the browser","main":"index","scripts":{"pretest":"npm run lint","test":"npm run tests-only","posttest":"npm run coverage-quiet","tests-only":"node test","coverage":"covert test/index.js","coverage-quiet":"covert test/index.js --quiet","lint":"npm run jscs && npm run eslint","jscs":"jscs *.js */*.js","eslint":"eslint *.js */*.js"},"contributors":[{"name":"Jordan Harband","url":"https://github.com/ljharb"}],"keywords":["extend","clone","merge"],"repository":{"type":"git","url":"git+https://github.com/justmoon/node-extend.git"},"dependencies":{},"devDependencies":{"tape":"^4.6.3","covert":"^1.1.0","jscs":"^3.0.7","eslint":"^3.19.0","@ljharb/eslint-config":"^11.0.0"},"license":"MIT","gitHead":"138b515df4d628bb1742254ede5d2551c0fecae7","bugs":{"url":"https://github.com/justmoon/node-extend/issues"},"homepage":"https://github.com/justmoon/node-extend#readme","_id":"extend@3.0.1","_shasum":"a755ea7bc1adfcc5a31ce7e762dbaadc5e636444","_from":".","_npmVersion":"4.2.0","_nodeVersion":"7.9.0","_npmUser":{"name":"ljharb","email":"ljharb@gmail.com"},"dist":{"shasum":"a755ea7bc1adfcc5a31ce7e762dbaadc5e636444","tarball":"https://registry.npmjs.org/extend/-/extend-3.0.1.tgz"},"maintainers":[{"name":"justmoon","email":"justmoon@members.fsf.org"},{"name":"ljharb","email":"ljharb@gmail.com"}],"_npmOperationalInternal":{"host":"packages-18-east.internal.npmjs.com","tmp":"tmp/extend-3.0.1.tgz_1493357803699_0.1708133383654058"},"directories":{}}},"maintainers":[{"name":"justmoon","email":"justmoon@members.fsf.org"},{"name":"ljharb","email":"ljharb@gmail.com"}],"time":{"modified":"2017-05-08T06:34:49.934Z","created":"2011-05-14T07:38:58.395Z","1.0.0":"2011-05-14T07:38:59.146Z","1.1.0":"2012-11-07T20:16:10.765Z","1.1.1":"2012-11-07T20:21:09.577Z","1.1.3":"2012-12-07T07:34:51.684Z","1.2.0":"2013-09-03T04:08:51.272Z","1.2.1":"2013-09-14T21:31:03.965Z","1.3.0":"2014-06-20T18:12:27.954Z","2.0.0":"2014-10-01T17:18:32.586Z","2.0.1":"2015-04-25T18:20:29.822Z","3.0.0":"2015-07-01T20:47:06.834Z","3.0.1":"2017-04-28T05:36:44.288Z"},"author":{"name":"Stefan Thomas","email":"justmoon@members.fsf.org","url":"http://www.justmoon.net"},"repository":{"type":"git","url":"git+https://github.com/justmoon/node-extend.git"},"users":{"pana":true,"grncdr":true,"jakwings":true,"nromano":true,"kahboom":true,"liveinjs":true,"knownasilya":true,"levisl176":true,"flaviodelbianco":true,"goldenboy":true,"paulmelnikow":true,"mlm":true,"amnzero":true,"vitre":true,"ashkyd":true,"iamveen":true,"roberkules":true,"nickeljew":true,"mrmartineau":true,"nice_body":true,"bacra":true,"sagaris":true,"sivan":true,"0x4c3p":true,"pandao":true,"shadowlong":true,"yuxin":true,"wkaifang":true,"jakub.knejzlik":true,"loselovegirl":true,"codeandcats":true,"nahuelhds":true,"heyimeugene":true,"geekwen":true,"gerst20051":true,"ahmed-dinar":true,"copitz":true,"vivek.vikhere":true,"mojaray2k":true,"mikestaub":true,"stone-jin":true,"hagb4rd":true,"anoubis":true,"aidenzou":true,"meekjt":true,"landy2014":true,"jherax":true,"jakedalus":true,"deneboulton":true},"readme":"[![Build Status][travis-svg]][travis-url]\n[![dependency status][deps-svg]][deps-url]\n[![dev dependency status][dev-deps-svg]][dev-deps-url]\n\n# extend() for Node.js <sup>[![Version Badge][npm-version-png]][npm-url]</sup>\n\n`node-extend` is a port of the classic extend() method from jQuery. It behaves as you expect. It is simple, tried and true.\n\nNotes:\n\n* Since Node.js >= 4,\n  [`Object.assign`](https://developer.mozilla.org/en-US/docs/Web/JavaScript/Reference/Global_Objects/Object/assign)\n  now offers the same functionality natively (but without the \"deep copy\" option).\n  See [ECMAScript 2015 (ES6) in Node.js](https://nodejs.org/en/docs/es6).\n* Some native implementations of `Object.assign` in both Node.js and many\n  browsers (since NPM modules are for the browser too) may not be fully\n  spec-compliant.\n  Check [`object.assign`](https://www.npmjs.com/package/object.assign) module for\n  a compliant candidate.\n\n## Installation\n\nThis package is available on [npm][npm-url] as: `extend`\n\n``` sh\nnpm install extend\n```\n\n## Usage\n\n**Syntax:** extend **(** [`deep`], `target`, `object1`, [`objectN`] **)**\n\n*Extend one object with one or more others, returning the modified object.*\n\n**Example:**\n\n``` js\nvar extend = require('extend');\nextend(targetObject, object1, object2);\n```\n\nKeep in mind that the target object will be modified, and will be returned from extend().\n\nIf a boolean true is specified as the first argument, extend performs a deep copy, recursively copying any objects it finds. Otherwise, the copy will share structure with the original object(s).\nUndefined properties are not copied. However, properties inherited from the object's prototype will be copied over.\nWarning: passing `false` as the first argument is not supported.\n\n### Arguments\n\n* `deep` *Boolean* (optional)\nIf set, the merge becomes recursive (i.e. deep copy).\n* `target`\t*Object*\nThe object to extend.\n* `object1`\t*Object*\nThe object that will be merged into the first.\n* `objectN` *Object* (Optional)\nMore objects to merge into the first.\n\n## License\n\n`node-extend` is licensed under the [MIT License][mit-license-url].\n\n## Acknowledgements\n\nAll credit to the jQuery authors for perfecting this amazing utility.\n\nPorted to Node.js by [Stefan Thomas][github-justmoon] with contributions by [Jonathan Buchanan][github-insin] and [Jordan Harband][github-ljharb].\n\n[travis-svg]: https://travis-ci.org/justmoon/node-extend.svg\n[travis-url]: https://travis-ci.org/justmoon/node-extend\n[npm-url]: https://npmjs.org/package/extend\n[mit-license-url]: http://opensource.org/licenses/MIT\n[github-justmoon]: https://github.com/justmoon\n[github-insin]: https://github.com/insin\n[github-ljharb]: https://github.com/ljharb\n[npm-version-png]: http://versionbadg.es/justmoon/node-extend.svg\n[deps-svg]: https://david-dm.org/justmoon/node-extend.svg\n[deps-url]: https://david-dm.org/justmoon/node-extend\n[dev-deps-svg]: https://david-dm.org/justmoon/node-extend/dev-status.svg\n[dev-deps-url]: https://david-dm.org/justmoon/node-extend#info=devDependencies\n\n","homepage":"https://github.com/justmoon/node-extend#readme","keywords":["extend","clone","merge"],"contributors":[{"name":"Jordan Harband","url":"https://github.com/ljharb"}],"bugs":{"url":"https://github.com/justmoon/node-extend/issues"},"readmeFilename":"README.md","license":"MIT","_attachments":{},"_etag":"W/\"59101189-41d9\"","_lastModified":"Mon, 08 May 2017 06:34:49 GMT","_cached":true}