{"_id":"caseless","_rev":"2922679","name":"caseless","description":"Caseless object set/get/has, very useful when working with HTTP headers.","dist-tags":{"latest":"0.12.0"},"maintainers":[{"name":"mikeal","email":"mikeal.rogers@gmail.com"},{"name":"nylen","email":"jnylen@gmail.com"},{"name":"simov","email":"simeonvelichkov@gmail.com"}],"time":{"modified":"2017-03-28T09:04:39.000Z","created":"2013-09-13T08:24:41.536Z","0.12.0":"2017-01-26T21:37:30.100Z","0.11.0":"2015-06-25T21:39:22.129Z","0.10.0":"2015-03-13T16:44:33.260Z","0.9.0":"2015-01-12T13:16:27.155Z","0.8.0":"2014-11-21T01:43:50.954Z","0.7.0":"2014-10-29T19:02:25.783Z","0.6.0":"2014-08-11T22:11:11.459Z","0.5.0":"2014-08-11T22:09:39.169Z","0.4.0":"2014-07-24T02:20:38.463Z","0.3.0":"2014-03-19T00:32:45.686Z","0.2.0":"2014-03-19T00:24:45.260Z","0.1.0":"2013-09-13T08:24:41.536Z"},"users":{"chrisdickinson":true,"sprjrx":true},"author":{"name":"Mikeal Rogers","email":"mikeal.rogers@gmail.com"},"repository":{"type":"git","url":"git+https://github.com/mikeal/caseless.git"},"versions":{"0.12.0":{"name":"caseless","version":"0.12.0","description":"Caseless object set/get/has, very useful when working with HTTP headers.","main":"index.js","scripts":{"test":"node test.js"},"repository":{"type":"git","url":"git+https://github.com/mikeal/caseless.git"},"keywords":["headers","http","caseless"],"test":"node test.js","author":{"name":"Mikeal Rogers","email":"mikeal.rogers@gmail.com"},"license":"Apache-2.0","bugs":{"url":"https://github.com/mikeal/caseless/issues"},"devDependencies":{"tape":"^2.10.2"},"gitHead":"af91df7878a8b53cf3dc2e9a086dc57ba8301649","homepage":"https://github.com/mikeal/caseless#readme","_id":"caseless@0.12.0","_shasum":"1b681c21ff84033c826543090689420d187151dc","_from":".","_npmVersion":"3.10.9","_nodeVersion":"6.9.2","_npmUser":{"name":"mikeal","email":"mikeal.rogers@gmail.com"},"maintainers":[{"name":"mikeal","email":"mikeal.rogers@gmail.com"},{"name":"nylen","email":"jnylen@gmail.com"},{"name":"simov","email":"simeonvelichkov@gmail.com"}],"dist":{"shasum":"1b681c21ff84033c826543090689420d187151dc","size":5323,"noattachment":false,"tarball":"http://registry.npm.taobao.org/caseless/download/caseless-0.12.0.tgz"},"_npmOperationalInternal":{"host":"packages-12-west.internal.npmjs.com","tmp":"tmp/caseless-0.12.0.tgz_1485466648253_0.3714302028529346"},"directories":{},"publish_time":1485466650100,"_cnpm_publish_time":1485466650100,"_hasShrinkwrap":false},"0.11.0":{"name":"caseless","version":"0.11.0","description":"Caseless object set/get/has, very useful when working with HTTP headers.","main":"index.js","scripts":{"test":"node test.js"},"repository":{"type":"git","url":"git+https://github.com/mikeal/caseless.git"},"keywords":["headers","http","caseless"],"test":"node test.js","author":{"name":"Mikeal Rogers","email":"mikeal.rogers@gmail.com"},"license":"Apache-2.0","bugs":{"url":"https://github.com/mikeal/caseless/issues"},"devDependencies":{"tape":"^2.10.2"},"gitHead":"c578232a02cc2b46b6da8851caf57fdbfac89ff5","homepage":"https://github.com/mikeal/caseless#readme","_id":"caseless@0.11.0","_shasum":"715b96ea9841593cc33067923f5ec60ebda4f7d7","_from":".","_npmVersion":"2.8.3","_nodeVersion":"1.8.1","_npmUser":{"name":"mikeal","email":"mikeal.rogers@gmail.com"},"maintainers":[{"name":"mikeal","email":"mikeal.rogers@gmail.com"},{"name":"nylen","email":"jnylen@gmail.com"},{"name":"simov","email":"simeonvelichkov@gmail.com"}],"dist":{"shasum":"715b96ea9841593cc33067923f5ec60ebda4f7d7","size":5173,"noattachment":false,"tarball":"http://registry.npm.taobao.org/caseless/download/caseless-0.11.0.tgz"},"directories":{},"publish_time":1435268362129,"_cnpm_publish_time":1435268362129,"_hasShrinkwrap":false},"0.10.0":{"name":"caseless","version":"0.10.0","description":"Caseless object set/get/has, very useful when working with HTTP headers.","main":"index.js","scripts":{"test":"node test.js"},"repository":{"type":"git","url":"https://github.com/mikeal/caseless"},"keywords":["headers","http","caseless"],"test":"node test.js","author":{"name":"Mikeal Rogers","email":"mikeal.rogers@gmail.com"},"license":"BSD","bugs":{"url":"https://github.com/mikeal/caseless/issues"},"devDependencies":{"tape":"^2.10.2"},"gitHead":"9c85efef6c37d48923b79f3f282441414dd691c9","homepage":"https://github.com/mikeal/caseless","_id":"caseless@0.10.0","_shasum":"ed6b2719adcd1fd18f58dc081c0f1a5b43963909","_from":".","_npmVersion":"1.4.14","_npmUser":{"name":"nylen","email":"jnylen@gmail.com"},"maintainers":[{"name":"mikeal","email":"mikeal.rogers@gmail.com"},{"name":"nylen","email":"jnylen@gmail.com"},{"name":"simov","email":"simeonvelichkov@gmail.com"}],"dist":{"shasum":"ed6b2719adcd1fd18f58dc081c0f1a5b43963909","size":1801,"noattachment":false,"tarball":"http://registry.npm.taobao.org/caseless/download/caseless-0.10.0.tgz"},"publish_time":1426265073260,"_cnpm_publish_time":1426265073260,"_hasShrinkwrap":false},"0.9.0":{"name":"caseless","version":"0.9.0","description":"Caseless object set/get/has, very useful when working with HTTP headers.","main":"index.js","scripts":{"test":"node test.js"},"repository":{"type":"git","url":"https://github.com/mikeal/caseless"},"keywords":["headers","http","caseless"],"test":"node test.js","author":{"name":"Mikeal Rogers","email":"mikeal.rogers@gmail.com"},"license":"BSD","bugs":{"url":"https://github.com/mikeal/caseless/issues"},"devDependencies":{"tape":"^2.10.2"},"gitHead":"5ff0ccebbbf14dad5dc91def1f274887801db3e3","homepage":"https://github.com/mikeal/caseless","_id":"caseless@0.9.0","_shasum":"b7b65ce6bf1413886539cfd533f0b30effa9cf88","_from":".","_npmVersion":"1.4.14","_npmUser":{"name":"nylen","email":"jnylen@gmail.com"},"maintainers":[{"name":"mikeal","email":"mikeal.rogers@gmail.com"},{"name":"nylen","email":"jnylen@gmail.com"},{"name":"simov","email":"simeonvelichkov@gmail.com"}],"dist":{"shasum":"b7b65ce6bf1413886539cfd533f0b30effa9cf88","size":1799,"noattachment":false,"tarball":"http://registry.npm.taobao.org/caseless/download/caseless-0.9.0.tgz"},"directories":{},"publish_time":1421068587155,"_cnpm_publish_time":1421068587155,"_hasShrinkwrap":false},"0.8.0":{"name":"caseless","version":"0.8.0","description":"Caseless object set/get/has, very useful when working with HTTP headers.","main":"index.js","scripts":{"test":"node test.js"},"repository":{"type":"git","url":"https://github.com/mikeal/caseless"},"keywords":["headers","http","caseless"],"test":"node test.js","author":{"name":"Mikeal Rogers","email":"mikeal.rogers@gmail.com"},"license":"BSD","bugs":{"url":"https://github.com/mikeal/caseless/issues"},"devDependencies":{"tape":"^2.10.2"},"gitHead":"1bfbf01d4481c057738a64ba284749222a944176","homepage":"https://github.com/mikeal/caseless","_id":"caseless@0.8.0","_shasum":"5bca2881d41437f54b2407ebe34888c7b9ad4f7d","_from":".","_npmVersion":"2.0.0","_npmUser":{"name":"mikeal","email":"mikeal.rogers@gmail.com"},"maintainers":[{"name":"mikeal","email":"mikeal.rogers@gmail.com"},{"name":"nylen","email":"jnylen@gmail.com"},{"name":"simov","email":"simeonvelichkov@gmail.com"}],"dist":{"shasum":"5bca2881d41437f54b2407ebe34888c7b9ad4f7d","size":1813,"noattachment":false,"tarball":"http://registry.npm.taobao.org/caseless/download/caseless-0.8.0.tgz"},"directories":{},"publish_time":1416534230954,"_cnpm_publish_time":1416534230954,"_hasShrinkwrap":false},"0.7.0":{"name":"caseless","version":"0.7.0","description":"Caseless object set/get/has, very useful when working with HTTP headers.","main":"index.js","scripts":{"test":"node test.js"},"repository":{"type":"git","url":"https://github.com/mikeal/caseless"},"keywords":["headers","http","caseless"],"test":"node test.js","author":{"name":"Mikeal Rogers","email":"mikeal.rogers@gmail.com"},"license":"BSD","bugs":{"url":"https://github.com/mikeal/caseless/issues"},"devDependencies":{"tape":"^2.10.2"},"gitHead":"9359e958f196e1aaa2180b551151b2c25826b8f5","homepage":"https://github.com/mikeal/caseless","_id":"caseless@0.7.0","_shasum":"cbd705ae6229158bb0bc971bf7d7a04bdbd51ff8","_from":".","_npmVersion":"2.0.0","_npmUser":{"name":"mikeal","email":"mikeal.rogers@gmail.com"},"maintainers":[{"name":"mikeal","email":"mikeal.rogers@gmail.com"},{"name":"nylen","email":"jnylen@gmail.com"},{"name":"simov","email":"simeonvelichkov@gmail.com"}],"dist":{"shasum":"cbd705ae6229158bb0bc971bf7d7a04bdbd51ff8","size":1805,"noattachment":false,"tarball":"http://registry.npm.taobao.org/caseless/download/caseless-0.7.0.tgz"},"directories":{},"publish_time":1414609345783,"_cnpm_publish_time":1414609345783,"_hasShrinkwrap":false},"0.6.0":{"name":"caseless","version":"0.6.0","description":"Caseless object set/get/has, very useful when working with HTTP headers.","main":"index.js","scripts":{"test":"node test.js"},"repository":{"type":"git","url":"https://github.com/mikeal/caseless"},"keywords":["headers","http","caseless"],"test":"node test.js","author":{"name":"Mikeal Rogers","email":"mikeal.rogers@gmail.com"},"license":"BSD","bugs":{"url":"https://github.com/mikeal/caseless/issues"},"devDependencies":{"tape":"^2.10.2"},"homepage":"https://github.com/mikeal/caseless","_id":"caseless@0.6.0","_shasum":"8167c1ab8397fb5bb95f96d28e5a81c50f247ac4","_from":".","_npmVersion":"1.4.9","_npmUser":{"name":"mikeal","email":"mikeal.rogers@gmail.com"},"maintainers":[{"name":"mikeal","email":"mikeal.rogers@gmail.com"},{"name":"nylen","email":"jnylen@gmail.com"},{"name":"simov","email":"simeonvelichkov@gmail.com"}],"dist":{"shasum":"8167c1ab8397fb5bb95f96d28e5a81c50f247ac4","size":1788,"noattachment":false,"tarball":"http://registry.npm.taobao.org/caseless/download/caseless-0.6.0.tgz"},"directories":{},"publish_time":1407795071459,"_cnpm_publish_time":1407795071459,"_hasShrinkwrap":false},"0.5.0":{"name":"caseless","version":"0.5.0","description":"Caseless object set/get/has, very useful when working with HTTP headers.","main":"index.js","scripts":{"test":"node test.js"},"repository":{"type":"git","url":"https://github.com/mikeal/caseless"},"keywords":["headers","http","caseless"],"test":"node test.js","author":{"name":"Mikeal Rogers","email":"mikeal.rogers@gmail.com"},"license":"BSD","bugs":{"url":"https://github.com/mikeal/caseless/issues"},"devDependencies":{"tape":"^2.10.2"},"homepage":"https://github.com/mikeal/caseless","_id":"caseless@0.5.0","_shasum":"2b77c9c988f22f99e179900d3119a1092ed21ce9","_from":".","_npmVersion":"1.4.9","_npmUser":{"name":"mikeal","email":"mikeal.rogers@gmail.com"},"maintainers":[{"name":"mikeal","email":"mikeal.rogers@gmail.com"},{"name":"nylen","email":"jnylen@gmail.com"},{"name":"simov","email":"simeonvelichkov@gmail.com"}],"dist":{"shasum":"2b77c9c988f22f99e179900d3119a1092ed21ce9","size":1778,"noattachment":false,"tarball":"http://registry.npm.taobao.org/caseless/download/caseless-0.5.0.tgz"},"directories":{},"publish_time":1407794979169,"_cnpm_publish_time":1407794979169,"_hasShrinkwrap":false},"0.4.0":{"name":"caseless","version":"0.4.0","description":"Caseless object set/get/has, very useful when working with HTTP headers.","main":"index.js","scripts":{"test":"node test.js"},"repository":{"type":"git","url":"https://github.com/mikeal/caseless"},"keywords":["headers","http","caseless"],"test":"node test.js","author":{"name":"Mikeal Rogers","email":"mikeal.rogers@gmail.com"},"license":"BSD","bugs":{"url":"https://github.com/mikeal/caseless/issues"},"devDependencies":{"tape":"^2.10.2"},"homepage":"https://github.com/mikeal/caseless","_id":"caseless@0.4.0","_shasum":"0edc5225a0f08483f8979dcc58bdf4881ff50d5c","_from":".","_npmVersion":"1.4.9","_npmUser":{"name":"mikeal","email":"mikeal.rogers@gmail.com"},"maintainers":[{"name":"mikeal","email":"mikeal.rogers@gmail.com"},{"name":"nylen","email":"jnylen@gmail.com"},{"name":"simov","email":"simeonvelichkov@gmail.com"}],"dist":{"shasum":"0edc5225a0f08483f8979dcc58bdf4881ff50d5c","size":1762,"noattachment":false,"tarball":"http://registry.npm.taobao.org/caseless/download/caseless-0.4.0.tgz"},"directories":{},"publish_time":1406168438463,"_cnpm_publish_time":1406168438463,"_hasShrinkwrap":false},"0.3.0":{"name":"caseless","version":"0.3.0","description":"Caseless object set/get/has, very useful when working with HTTP headers.","main":"index.js","scripts":{"test":"node test.js"},"repository":{"type":"git","url":"https://github.com/mikeal/caseless"},"keywords":["headers","http","caseless"],"test":"node test.js","author":{"name":"Mikeal Rogers","email":"mikeal.rogers@gmail.com"},"license":"BSD","bugs":{"url":"https://github.com/mikeal/caseless/issues"},"devDependencies":{"tape":"^2.10.2"},"homepage":"https://github.com/mikeal/caseless","_id":"caseless@0.3.0","dist":{"shasum":"534e97916387d3b706b64fdebbac46438450934f","size":1705,"noattachment":false,"tarball":"http://registry.npm.taobao.org/caseless/download/caseless-0.3.0.tgz"},"_from":".","_npmVersion":"1.4.4","_npmUser":{"name":"mikeal","email":"mikeal.rogers@gmail.com"},"maintainers":[{"name":"mikeal","email":"mikeal.rogers@gmail.com"},{"name":"nylen","email":"jnylen@gmail.com"},{"name":"simov","email":"simeonvelichkov@gmail.com"}],"directories":{},"publish_time":1395189165686,"_cnpm_publish_time":1395189165686,"_hasShrinkwrap":false},"0.2.0":{"name":"caseless","version":"0.2.0","description":"Caseless object set/get/has, very useful when working with HTTP headers.","main":"index.js","scripts":{"test":"node test.js"},"repository":{"type":"git","url":"https://github.com/mikeal/caseless"},"keywords":["headers","http","caseless"],"test":"node test.js","author":{"name":"Mikeal Rogers","email":"mikeal.rogers@gmail.com"},"license":"BSD","bugs":{"url":"https://github.com/mikeal/caseless/issues"},"devDependencies":{"tape":"^2.10.2"},"homepage":"https://github.com/mikeal/caseless","_id":"caseless@0.2.0","dist":{"shasum":"f8da680d08353983334b69af1063697bae982c0c","size":1631,"noattachment":false,"tarball":"http://registry.npm.taobao.org/caseless/download/caseless-0.2.0.tgz"},"_from":".","_npmVersion":"1.4.4","_npmUser":{"name":"mikeal","email":"mikeal.rogers@gmail.com"},"maintainers":[{"name":"mikeal","email":"mikeal.rogers@gmail.com"},{"name":"nylen","email":"jnylen@gmail.com"},{"name":"simov","email":"simeonvelichkov@gmail.com"}],"directories":{},"publish_time":1395188685260,"_cnpm_publish_time":1395188685260,"_hasShrinkwrap":false},"0.1.0":{"name":"caseless","version":"0.1.0","description":"Caseless object set/get/has, very useful when working with HTTP headers.","main":"index.js","scripts":{"test":"node test.js"},"repository":{"type":"git","url":"https://github.com/mikeal/caseless"},"keywords":["headers","http","caseless"],"author":{"name":"Mikeal Rogers","email":"mikeal.rogers@gmail.com"},"license":"BSD","bugs":{"url":"https://github.com/mikeal/caseless/issues"},"_id":"caseless@0.1.0","dist":{"shasum":"eb7ab59f1fb317b4a1620b4093056d18aa548d84","size":800,"noattachment":false,"tarball":"http://registry.npm.taobao.org/caseless/download/caseless-0.1.0.tgz"},"_from":".","_npmVersion":"1.3.2","_npmUser":{"name":"mikeal","email":"mikeal.rogers@gmail.com"},"maintainers":[{"name":"mikeal","email":"mikeal.rogers@gmail.com"},{"name":"nylen","email":"jnylen@gmail.com"},{"name":"simov","email":"simeonvelichkov@gmail.com"}],"directories":{},"publish_time":1379060681536,"_cnpm_publish_time":1379060681536,"_hasShrinkwrap":false}},"readme":"## Caseless -- wrap an object to set and get property with caseless semantics but also preserve caseing.\n\nThis library is incredibly useful when working with HTTP headers. It allows you to get/set/check for headers in a caseless manner while also preserving the caseing of headers the first time they are set.\n\n## Usage\n\n```javascript\nvar headers = {}\n  , c = caseless(headers)\n  ;\nc.set('a-Header', 'asdf')\nc.get('a-header') === 'asdf'\n```\n\n## has(key)\n\nHas takes a name and if it finds a matching header will return that header name with the preserved caseing it was set with.\n\n```javascript\nc.has('a-header') === 'a-Header'\n```\n\n## set(key, value[, clobber=true])\n\nSet is fairly straight forward except that if the header exists and clobber is disabled it will add `','+value` to the existing header.\n\n```javascript\nc.set('a-Header', 'fdas')\nc.set('a-HEADER', 'more', false)\nc.get('a-header') === 'fdsa,more'\n```\n\n## swap(key)\n\nSwaps the casing of a header with the new one that is passed in.\n\n```javascript\nvar headers = {}\n  , c = caseless(headers)\n  ;\nc.set('a-Header', 'fdas')\nc.swap('a-HEADER')\nc.has('a-header') === 'a-HEADER'\nheaders === {'a-HEADER': 'fdas'}\n```\n","_attachments":{},"homepage":"https://github.com/mikeal/caseless#readme","bugs":{"url":"https://github.com/mikeal/caseless/issues"},"license":"Apache-2.0","_etag":"\"4126-Enoj64PQTQE8Bz2tAcyedx9RSx0\""}