{"_id":"jsonfile","_rev":"149-64a631fe28d8ee69659218b5dad25e05","name":"jsonfile","description":"Easily read/write JSON files.","dist-tags":{"latest":"3.0.0"},"versions":{"0.0.1":{"name":"jsonfile","version":"0.0.1","description":"Easily read/write JSON files.","homepage":[""],"repository":{"type":"git","url":"git@github.com:jprichardson/node-jsonfile.git"},"keywords":[],"author":{"name":"JP Richardson","email":"jprichardson@gmail.com"},"licenses":[{"type":"MIT","url":""}],"dependencies":{},"devDependencies":{"mkdirp":"~0.3.4","testutil":"~0.2.2","mocha":"~1.4.2"},"main":"./lib/jsonfile.js","scripts":{"test":"mocha test"},"_id":"jsonfile@0.0.1","dist":{"shasum":"b5f9f515121b2844f2cbfe14338b55c79800e1d8","tarball":"https://registry.npmjs.org/jsonfile/-/jsonfile-0.0.1.tgz"},"maintainers":[{"name":"jp","email":"jprichardson@gmail.com"}],"directories":{}},"1.0.0":{"name":"jsonfile","version":"1.0.0","description":"Easily read/write JSON files.","homepage":[""],"repository":{"type":"git","url":"git@github.com:jprichardson/node-jsonfile.git"},"keywords":[],"author":{"name":"JP Richardson","email":"jprichardson@gmail.com"},"licenses":[{"type":"MIT","url":""}],"dependencies":{},"devDependencies":{"testutil":"~0.5.1","mocha":"*"},"main":"./lib/jsonfile.js","scripts":{"test":"mocha test"},"_id":"jsonfile@1.0.0","dist":{"shasum":"51931adf3cddd2073ab6f5f5517ca4780f22dfa7","tarball":"https://registry.npmjs.org/jsonfile/-/jsonfile-1.0.0.tgz"},"_from":".","_npmVersion":"1.2.17","_npmUser":{"name":"jp","email":"jprichardson@gmail.com"},"maintainers":[{"name":"jp","email":"jprichardson@gmail.com"}],"directories":{}},"1.0.1":{"name":"jsonfile","version":"1.0.1","description":"Easily read/write JSON files.","repository":{"type":"git","url":"git@github.com:jprichardson/node-jsonfile.git"},"keywords":[],"author":{"name":"JP Richardson","email":"jprichardson@gmail.com"},"licenses":[{"type":"MIT","url":""}],"dependencies":{},"devDependencies":{"testutil":"~0.5.1","mocha":"*"},"main":"./lib/jsonfile.js","scripts":{"test":"mocha test"},"bugs":{"url":"https://github.com/jprichardson/node-jsonfile/issues"},"_id":"jsonfile@1.0.1","dist":{"shasum":"ea5efe40b83690b98667614a7392fc60e842c0dd","tarball":"https://registry.npmjs.org/jsonfile/-/jsonfile-1.0.1.tgz"},"_from":".","_npmVersion":"1.2.32","_npmUser":{"name":"jp","email":"jprichardson@gmail.com"},"maintainers":[{"name":"jp","email":"jprichardson@gmail.com"}],"directories":{}},"1.1.0":{"name":"jsonfile","version":"1.1.0","description":"Easily read/write JSON files.","repository":{"type":"git","url":"git@github.com:jprichardson/node-jsonfile.git"},"keywords":[],"author":{"name":"JP Richardson","email":"jprichardson@gmail.com"},"licenses":[{"type":"MIT","url":""}],"dependencies":{},"devDependencies":{"testutil":"~0.5.1","mocha":"*"},"main":"./lib/jsonfile.js","scripts":{"test":"mocha test"},"bugs":{"url":"https://github.com/jprichardson/node-jsonfile/issues"},"_id":"jsonfile@1.1.0","dist":{"shasum":"8b72486f9e6bf3fd1bb809762532fcabef4b7640","tarball":"https://registry.npmjs.org/jsonfile/-/jsonfile-1.1.0.tgz"},"_from":".","_npmVersion":"1.2.32","_npmUser":{"name":"jp","email":"jprichardson@gmail.com"},"maintainers":[{"name":"jp","email":"jprichardson@gmail.com"}],"directories":{}},"1.1.1":{"name":"jsonfile","version":"1.1.1","description":"Easily read/write JSON files.","repository":{"type":"git","url":"git@github.com:jprichardson/node-jsonfile.git"},"keywords":["read","write","file","json"],"author":{"name":"JP Richardson","email":"jprichardson@gmail.com"},"licenses":[{"type":"MIT","url":""}],"dependencies":{},"devDependencies":{"testutil":"~0.5.1","mocha":"*"},"main":"./lib/jsonfile.js","scripts":{"test":"mocha test"},"_id":"jsonfile@1.1.1","dist":{"shasum":"da4fd6ad77f1a255203ea63c7bc32dc31ef64433","tarball":"https://registry.npmjs.org/jsonfile/-/jsonfile-1.1.1.tgz"},"_from":".","_npmVersion":"1.2.17","_npmUser":{"name":"jp","email":"jprichardson@gmail.com"},"maintainers":[{"name":"jp","email":"jprichardson@gmail.com"}],"directories":{}},"1.2.0":{"name":"jsonfile","version":"1.2.0","description":"Easily read/write JSON files.","repository":{"type":"git","url":"git@github.com:jprichardson/node-jsonfile.git"},"keywords":["read","write","file","json"],"author":{"name":"JP Richardson","email":"jprichardson@gmail.com"},"licenses":[{"type":"MIT","url":""}],"dependencies":{},"devDependencies":{"testutil":"~0.5.1","mocha":"*"},"main":"./lib/jsonfile.js","scripts":{"test":"mocha test"},"bugs":{"url":"https://github.com/jprichardson/node-jsonfile/issues"},"homepage":"https://github.com/jprichardson/node-jsonfile","_id":"jsonfile@1.2.0","dist":{"shasum":"5f35d6cd9f946ec97b5b18353fa9e58df1b86f6a","tarball":"https://registry.npmjs.org/jsonfile/-/jsonfile-1.2.0.tgz"},"_from":".","_npmVersion":"1.4.3","_npmUser":{"name":"jp","email":"jprichardson@gmail.com"},"maintainers":[{"name":"jp","email":"jprichardson@gmail.com"}],"directories":{}},"2.0.0":{"name":"jsonfile","version":"2.0.0","description":"Easily read/write JSON files.","repository":{"type":"git","url":"git@github.com:jprichardson/node-jsonfile.git"},"keywords":["read","write","file","json"],"author":{"name":"JP Richardson","email":"jprichardson@gmail.com"},"licenses":[{"type":"MIT","url":""}],"dependencies":{},"devDependencies":{"testutil":"^0.7.0","mocha":"*","terst":"^0.2.0"},"main":"./lib/jsonfile.js","scripts":{"test":"mocha test"},"bugs":{"url":"https://github.com/jprichardson/node-jsonfile/issues"},"homepage":"https://github.com/jprichardson/node-jsonfile","_id":"jsonfile@2.0.0","dist":{"shasum":"c3944f350bd3c078b392e0aa1633b44662fcf06b","tarball":"https://registry.npmjs.org/jsonfile/-/jsonfile-2.0.0.tgz"},"_from":".","_npmVersion":"1.4.3","_npmUser":{"name":"jp","email":"jprichardson@gmail.com"},"maintainers":[{"name":"jp","email":"jprichardson@gmail.com"}],"directories":{}},"2.0.1":{"name":"jsonfile","version":"2.0.1","description":"Easily read/write JSON files.","repository":{"type":"git","url":"git@github.com:jprichardson/node-jsonfile.git"},"keywords":["read","write","file","json"],"author":{"name":"JP Richardson","email":"jprichardson@gmail.com"},"license":"MIT","dependencies":{},"devDependencies":{"testutil":"^0.7.0","mocha":"*","terst":"^0.2.0"},"main":"./lib/jsonfile.js","scripts":{"test":"mocha test"},"gitHead":"101690b5086a69addc05a1ddafd91e907f07464e","bugs":{"url":"https://github.com/jprichardson/node-jsonfile/issues"},"homepage":"https://github.com/jprichardson/node-jsonfile","_id":"jsonfile@2.0.1","_shasum":"4d78eb5d7986539e4c9fe52c0b55ffacacb85bd3","_from":".","_npmVersion":"2.3.0","_nodeVersion":"0.10.32","_npmUser":{"name":"jprichardson","email":"jprichardson@gmail.com"},"maintainers":[{"name":"jprichardson","email":"jprichardson@gmail.com"}],"dist":{"shasum":"4d78eb5d7986539e4c9fe52c0b55ffacacb85bd3","tarball":"https://registry.npmjs.org/jsonfile/-/jsonfile-2.0.1.tgz"},"directories":{}},"2.1.0":{"name":"jsonfile","version":"2.1.0","description":"Easily read/write JSON files.","repository":{"type":"git","url":"git+ssh://git@github.com/jprichardson/node-jsonfile.git"},"keywords":["read","write","file","json","fs","fs-extra"],"author":{"name":"JP Richardson","email":"jprichardson@gmail.com"},"license":"MIT","dependencies":{},"devDependencies":{"mocha":"2.x","rimraf":"^2.4.0","standard":"4.x"},"main":"index.js","scripts":{"test":"standard && mocha test"},"gitHead":"f2f267721c8180313815caa3052bf6e2e22c5eaf","bugs":{"url":"https://github.com/jprichardson/node-jsonfile/issues"},"homepage":"https://github.com/jprichardson/node-jsonfile#readme","_id":"jsonfile@2.1.0","_shasum":"6c161a9fb56cd58a72c8a4afe9fc1c5a25aec87a","_from":".","_npmVersion":"2.10.1","_nodeVersion":"2.1.0","_npmUser":{"name":"jprichardson","email":"jprichardson@gmail.com"},"maintainers":[{"name":"jprichardson","email":"jprichardson@gmail.com"}],"dist":{"shasum":"6c161a9fb56cd58a72c8a4afe9fc1c5a25aec87a","tarball":"https://registry.npmjs.org/jsonfile/-/jsonfile-2.1.0.tgz"},"directories":{}},"2.1.1":{"name":"jsonfile","version":"2.1.1","description":"Easily read/write JSON files.","repository":{"type":"git","url":"git+ssh://git@github.com/jprichardson/node-jsonfile.git"},"keywords":["read","write","file","json","fs","fs-extra"],"author":{"name":"JP Richardson","email":"jprichardson@gmail.com"},"license":"MIT","dependencies":{},"devDependencies":{"mocha":"2.x","rimraf":"^2.4.0","standard":"4.x"},"main":"index.js","scripts":{"test":"standard && mocha test"},"gitHead":"b062182deb05e2efe3faa938fd1ab6524f34f615","bugs":{"url":"https://github.com/jprichardson/node-jsonfile/issues"},"homepage":"https://github.com/jprichardson/node-jsonfile#readme","_id":"jsonfile@2.1.1","_shasum":"ae2f84c547da212ea202ff196f3dddf68dc7cede","_from":".","_npmVersion":"2.10.1","_nodeVersion":"2.1.0","_npmUser":{"name":"jprichardson","email":"jprichardson@gmail.com"},"maintainers":[{"name":"jprichardson","email":"jprichardson@gmail.com"}],"dist":{"shasum":"ae2f84c547da212ea202ff196f3dddf68dc7cede","tarball":"https://registry.npmjs.org/jsonfile/-/jsonfile-2.1.1.tgz"},"directories":{}},"2.1.2":{"name":"jsonfile","version":"2.1.2","description":"Easily read/write JSON files.","repository":{"type":"git","url":"git+ssh://git@github.com/jprichardson/node-jsonfile.git"},"keywords":["read","write","file","json","fs","fs-extra"],"author":{"name":"JP Richardson","email":"jprichardson@gmail.com"},"license":"MIT","dependencies":{},"devDependencies":{"mocha":"2.x","rimraf":"^2.4.0","standard":"4.x"},"main":"index.js","scripts":{"test":"standard && mocha test"},"gitHead":"ecfc7aa82653e35ff1844ffdc211e112609f69f8","bugs":{"url":"https://github.com/jprichardson/node-jsonfile/issues"},"homepage":"https://github.com/jprichardson/node-jsonfile#readme","_id":"jsonfile@2.1.2","_shasum":"b0d7f9ac7a1766b93ccaec328371e1bd9f8fcdfc","_from":".","_npmVersion":"2.10.1","_nodeVersion":"2.1.0","_npmUser":{"name":"jprichardson","email":"jprichardson@gmail.com"},"maintainers":[{"name":"jprichardson","email":"jprichardson@gmail.com"}],"dist":{"shasum":"b0d7f9ac7a1766b93ccaec328371e1bd9f8fcdfc","tarball":"https://registry.npmjs.org/jsonfile/-/jsonfile-2.1.2.tgz"},"directories":{}},"2.2.0":{"name":"jsonfile","version":"2.2.0","description":"Easily read/write JSON files.","repository":{"type":"git","url":"git+ssh://git@github.com/jprichardson/node-jsonfile.git"},"keywords":["read","write","file","json","fs","fs-extra"],"author":{"name":"JP Richardson","email":"jprichardson@gmail.com"},"license":"MIT","dependencies":{},"devDependencies":{"mocha":"2.x","rimraf":"^2.4.0","standard":"4.x"},"main":"index.js","scripts":{"test":"standard && mocha test"},"gitHead":"f0dadcabf56db19351f072763b394ec097ccb087","bugs":{"url":"https://github.com/jprichardson/node-jsonfile/issues"},"homepage":"https://github.com/jprichardson/node-jsonfile#readme","_id":"jsonfile@2.2.0","_shasum":"677f73d8e93ffd670fe62e122f24cf6a1c967d97","_from":".","_npmVersion":"2.10.1","_nodeVersion":"2.1.0","_npmUser":{"name":"jprichardson","email":"jprichardson@gmail.com"},"maintainers":[{"name":"jprichardson","email":"jprichardson@gmail.com"}],"dist":{"shasum":"677f73d8e93ffd670fe62e122f24cf6a1c967d97","tarball":"https://registry.npmjs.org/jsonfile/-/jsonfile-2.2.0.tgz"},"directories":{}},"2.2.1":{"name":"jsonfile","version":"2.2.1","description":"Easily read/write JSON files.","repository":{"type":"git","url":"git@github.com:jprichardson/node-jsonfile.git"},"keywords":["read","write","file","json","fs","fs-extra"],"author":{"name":"JP Richardson","email":"jprichardson@gmail.com"},"license":"MIT","dependencies":{},"devDependencies":{"mocha":"2.x","rimraf":"^2.4.0","standard":"4.x"},"main":"index.js","scripts":{"test":"standard && mocha test"},"gitHead":"0786584b75286e50aa12713b0852bd393b0f627e","bugs":{"url":"https://github.com/jprichardson/node-jsonfile/issues"},"homepage":"https://github.com/jprichardson/node-jsonfile","_id":"jsonfile@2.2.1","_shasum":"659e429e199fbb7d64b662df74301fbeeb0cc80a","_from":".","_npmVersion":"2.3.0","_nodeVersion":"0.10.32","_npmUser":{"name":"jprichardson","email":"jprichardson@gmail.com"},"maintainers":[{"name":"jprichardson","email":"jprichardson@gmail.com"}],"dist":{"shasum":"659e429e199fbb7d64b662df74301fbeeb0cc80a","tarball":"https://registry.npmjs.org/jsonfile/-/jsonfile-2.2.1.tgz"},"directories":{}},"2.2.2":{"name":"jsonfile","version":"2.2.2","description":"Easily read/write JSON files.","repository":{"type":"git","url":"git+ssh://git@github.com/jprichardson/node-jsonfile.git"},"keywords":["read","write","file","json","fs","fs-extra"],"author":{"name":"JP Richardson","email":"jprichardson@gmail.com"},"license":"MIT","dependencies":{},"devDependencies":{"mocha":"2.x","rimraf":"^2.4.0","standard":"4.x"},"main":"index.js","scripts":{"test":"standard && mocha"},"gitHead":"9b6d7089b33f95678b418656248c57b8d1989434","bugs":{"url":"https://github.com/jprichardson/node-jsonfile/issues"},"homepage":"https://github.com/jprichardson/node-jsonfile#readme","_id":"jsonfile@2.2.2","_shasum":"07f3861df42175c995aaa4fbd94f90aaa95531cd","_from":".","_npmVersion":"2.10.1","_nodeVersion":"2.1.0","_npmUser":{"name":"jprichardson","email":"jprichardson@gmail.com"},"maintainers":[{"name":"jprichardson","email":"jprichardson@gmail.com"}],"dist":{"shasum":"07f3861df42175c995aaa4fbd94f90aaa95531cd","tarball":"https://registry.npmjs.org/jsonfile/-/jsonfile-2.2.2.tgz"},"directories":{}},"2.2.3":{"name":"jsonfile","version":"2.2.3","description":"Easily read/write JSON files.","repository":{"type":"git","url":"git+ssh://git@github.com/jprichardson/node-jsonfile.git"},"keywords":["read","write","file","json","fs","fs-extra"],"author":{"name":"JP Richardson","email":"jprichardson@gmail.com"},"license":"MIT","dependencies":{},"devDependencies":{"mocha":"2.x","rimraf":"^2.4.0","standard":"4.x"},"main":"index.js","scripts":{"test":"standard && mocha"},"gitHead":"7688bc23d0800f8a98ca35f40a82950e54b4cad1","bugs":{"url":"https://github.com/jprichardson/node-jsonfile/issues"},"homepage":"https://github.com/jprichardson/node-jsonfile#readme","_id":"jsonfile@2.2.3","_shasum":"e252b99a6af901d3ec41f332589c90509a7bc605","_from":".","_npmVersion":"2.14.3","_nodeVersion":"4.1.0","_npmUser":{"name":"jprichardson","email":"jprichardson@gmail.com"},"maintainers":[{"name":"jprichardson","email":"jprichardson@gmail.com"}],"dist":{"shasum":"e252b99a6af901d3ec41f332589c90509a7bc605","tarball":"https://registry.npmjs.org/jsonfile/-/jsonfile-2.2.3.tgz"},"directories":{}},"2.3.0":{"name":"jsonfile","version":"2.3.0","description":"Easily read/write JSON files.","repository":{"type":"git","url":"git+ssh://git@github.com/jprichardson/node-jsonfile.git"},"keywords":["read","write","file","json","fs","fs-extra"],"author":{"name":"JP Richardson","email":"jprichardson@gmail.com"},"license":"MIT","dependencies":{},"devDependencies":{"mocha":"2.x","mock-fs":"^3.8.0","rimraf":"^2.4.0","standard":"^6.0.8"},"main":"index.js","scripts":{"lint":"standard","test":"npm run lint && npm run unit","unit":"mocha"},"gitHead":"99e8d3280fcbcacaf93aa49738e0889ae5c2527f","bugs":{"url":"https://github.com/jprichardson/node-jsonfile/issues"},"homepage":"https://github.com/jprichardson/node-jsonfile#readme","_id":"jsonfile@2.3.0","_shasum":"ff9c20b67b9605c852e09f299859f48f130c19ec","_from":".","_npmVersion":"3.8.2","_nodeVersion":"5.3.0","_npmUser":{"name":"jprichardson","email":"jprichardson@gmail.com"},"maintainers":[{"name":"jprichardson","email":"jprichardson@gmail.com"}],"dist":{"shasum":"ff9c20b67b9605c852e09f299859f48f130c19ec","tarball":"https://registry.npmjs.org/jsonfile/-/jsonfile-2.3.0.tgz"},"_npmOperationalInternal":{"host":"packages-16-east.internal.npmjs.com","tmp":"tmp/jsonfile-2.3.0.tgz_1460870694675_0.8002879491541535"},"directories":{}},"2.3.1":{"name":"jsonfile","version":"2.3.1","description":"Easily read/write JSON files.","repository":{"type":"git","url":"git+ssh://git@github.com/jprichardson/node-jsonfile.git"},"keywords":["read","write","file","json","fs","fs-extra"],"author":{"name":"JP Richardson","email":"jprichardson@gmail.com"},"license":"MIT","dependencies":{},"devDependencies":{"mocha":"2.x","mock-fs":"^3.8.0","rimraf":"^2.4.0","standard":"^6.0.8"},"main":"index.js","scripts":{"lint":"standard","test":"npm run lint && npm run unit","unit":"mocha"},"gitHead":"bbaf134ae6599baf52eb853ec78ead1f9aec9fa6","bugs":{"url":"https://github.com/jprichardson/node-jsonfile/issues"},"homepage":"https://github.com/jprichardson/node-jsonfile#readme","_id":"jsonfile@2.3.1","_shasum":"28bcb29c596b5b7aafd34e662a329ba62cd842fc","_from":".","_npmVersion":"3.5.4","_nodeVersion":"5.3.0","_npmUser":{"name":"jprichardson","email":"jprichardson@gmail.com"},"dist":{"shasum":"28bcb29c596b5b7aafd34e662a329ba62cd842fc","tarball":"https://registry.npmjs.org/jsonfile/-/jsonfile-2.3.1.tgz"},"maintainers":[{"name":"jprichardson","email":"jprichardson@gmail.com"}],"_npmOperationalInternal":{"host":"packages-16-east.internal.npmjs.com","tmp":"tmp/jsonfile-2.3.1.tgz_1463146943042_0.31297345482744277"},"directories":{}},"2.4.0":{"name":"jsonfile","version":"2.4.0","description":"Easily read/write JSON files.","repository":{"type":"git","url":"git+ssh://git@github.com/jprichardson/node-jsonfile.git"},"keywords":["read","write","file","json","fs","fs-extra"],"author":{"name":"JP Richardson","email":"jprichardson@gmail.com"},"license":"MIT","dependencies":{"graceful-fs":"^4.1.6"},"optionalDependencies":{"graceful-fs":"^4.1.6"},"devDependencies":{"mocha":"2.x","mock-fs":"^3.8.0","rimraf":"^2.4.0","standard":"^6.0.8"},"main":"index.js","scripts":{"lint":"standard","test":"npm run lint && npm run unit","unit":"mocha"},"gitHead":"00b3983ac4aade79c64c7a8c2ced257078625c6d","bugs":{"url":"https://github.com/jprichardson/node-jsonfile/issues"},"homepage":"https://github.com/jprichardson/node-jsonfile#readme","_id":"jsonfile@2.4.0","_shasum":"3736a2b428b87bbda0cc83b53fa3d633a35c2ae8","_from":".","_npmVersion":"3.8.6","_nodeVersion":"6.1.0","_npmUser":{"name":"jprichardson","email":"jprichardson@gmail.com"},"maintainers":[{"name":"jprichardson","email":"jprichardson@gmail.com"}],"dist":{"shasum":"3736a2b428b87bbda0cc83b53fa3d633a35c2ae8","tarball":"https://registry.npmjs.org/jsonfile/-/jsonfile-2.4.0.tgz"},"_npmOperationalInternal":{"host":"packages-12-west.internal.npmjs.com","tmp":"tmp/jsonfile-2.4.0.tgz_1473989978270_0.6271681792568415"},"directories":{}},"3.0.0":{"name":"jsonfile","version":"3.0.0","description":"Easily read/write JSON files.","repository":{"type":"git","url":"git+ssh://git@github.com/jprichardson/node-jsonfile.git"},"keywords":["read","write","file","json","fs","fs-extra"],"author":{"name":"JP Richardson","email":"jprichardson@gmail.com"},"license":"MIT","dependencies":{"graceful-fs":"^4.1.6"},"optionalDependencies":{"graceful-fs":"^4.1.6"},"devDependencies":{"mocha":"2.x","mock-fs":"^3.8.0","rimraf":"^2.4.0","standard":"^6.0.8"},"main":"index.js","scripts":{"lint":"standard","test":"npm run lint && npm run unit","unit":"mocha"},"gitHead":"171315331167a8f83598be2e9aa352cfffaf8123","bugs":{"url":"https://github.com/jprichardson/node-jsonfile/issues"},"homepage":"https://github.com/jprichardson/node-jsonfile#readme","_id":"jsonfile@3.0.0","_shasum":"92e7c7444e5ffd5fa32e6a9ae8b85034df8347d0","_from":".","_npmVersion":"4.2.0","_nodeVersion":"7.8.0","_npmUser":{"name":"ryanzim","email":"opensrc@ryanzim.com"},"dist":{"shasum":"92e7c7444e5ffd5fa32e6a9ae8b85034df8347d0","tarball":"https://registry.npmjs.org/jsonfile/-/jsonfile-3.0.0.tgz"},"maintainers":[{"name":"jprichardson","email":"jprichardson@gmail.com"},{"name":"ryanzim","email":"opensrc@ryanzim.com"}],"_npmOperationalInternal":{"host":"packages-12-west.internal.npmjs.com","tmp":"tmp/jsonfile-3.0.0.tgz_1493140755354_0.12630960741080344"},"directories":{}}},"readme":"Node.js - jsonfile\n================\n\nEasily read/write JSON files.\n\n[![npm Package](https://img.shields.io/npm/v/jsonfile.svg?style=flat-square)](https://www.npmjs.org/package/jsonfile)\n[![build status](https://secure.travis-ci.org/jprichardson/node-jsonfile.svg)](http://travis-ci.org/jprichardson/node-jsonfile)\n[![windows Build status](https://img.shields.io/appveyor/ci/jprichardson/node-jsonfile/master.svg?label=windows%20build)](https://ci.appveyor.com/project/jprichardson/node-jsonfile/branch/master)\n\n<a href=\"https://github.com/feross/standard\"><img src=\"https://cdn.rawgit.com/feross/standard/master/sticker.svg\" alt=\"Standard JavaScript\" width=\"100\"></a>\n\nWhy?\n----\n\nWriting `JSON.stringify()` and then `fs.writeFile()` and `JSON.parse()` with `fs.readFile()` enclosed in `try/catch` blocks became annoying.\n\n\n\nInstallation\n------------\n\n    npm install --save jsonfile\n\n\n\nAPI\n---\n\n### readFile(filename, [options], callback)\n\n`options` (`object`, default `undefined`): Pass in any `fs.readFile` options or set `reviver` for a [JSON reviver](https://developer.mozilla.org/en-US/docs/Web/JavaScript/Reference/Global_Objects/JSON/parse).\n  - `throws` (`boolean`, default: `true`). If `JSON.parse` throws an error, pass this error to the callback.\n  If `false`, returns `null` for the object.\n\n\n```js\nvar jsonfile = require('jsonfile')\nvar file = '/tmp/data.json'\njsonfile.readFile(file, function(err, obj) {\n  console.dir(obj)\n})\n```\n\n\n### readFileSync(filename, [options])\n\n`options` (`object`, default `undefined`): Pass in any `fs.readFileSync` options or set `reviver` for a [JSON reviver](https://developer.mozilla.org/en-US/docs/Web/JavaScript/Reference/Global_Objects/JSON/parse).\n- `throws` (`boolean`, default: `true`). If an error is encountered reading or parsing the file, throw the error. If `false`, returns `null` for the object.\n\n```js\nvar jsonfile = require('jsonfile')\nvar file = '/tmp/data.json'\n\nconsole.dir(jsonfile.readFileSync(file))\n```\n\n\n### writeFile(filename, obj, [options], callback)\n\n`options`: Pass in any `fs.writeFile` options or set `replacer` for a [JSON replacer](https://developer.mozilla.org/en-US/docs/Web/JavaScript/Reference/Global_Objects/JSON/stringify). Can also pass in `spaces`.\n\n\n```js\nvar jsonfile = require('jsonfile')\n\nvar file = '/tmp/data.json'\nvar obj = {name: 'JP'}\n\njsonfile.writeFile(file, obj, function (err) {\n  console.error(err)\n})\n```\n\n**formatting with spaces:**\n\n```js\nvar jsonfile = require('jsonfile')\n\nvar file = '/tmp/data.json'\nvar obj = {name: 'JP'}\n\njsonfile.writeFile(file, obj, {spaces: 2}, function(err) {\n  console.error(err)\n})\n```\n\n**appending to an existing JSON file:**\n\nYou can use `fs.writeFile` option `{flag: 'a'}` to achieve this.\n\n```js\nvar jsonfile = require('jsonfile')\n\nvar file = '/tmp/mayAlreadyExistedData.json'\nvar obj = {name: 'JP'}\n\njsonfile.writeFile(file, obj, {flag: 'a'}, function (err) {\n  console.error(err)\n})\n```\n\n### writeFileSync(filename, obj, [options])\n\n`options`: Pass in any `fs.writeFileSync` options or set `replacer` for a [JSON replacer](https://developer.mozilla.org/en-US/docs/Web/JavaScript/Reference/Global_Objects/JSON/stringify). Can also pass in `spaces`.\n\n```js\nvar jsonfile = require('jsonfile')\n\nvar file = '/tmp/data.json'\nvar obj = {name: 'JP'}\n\njsonfile.writeFileSync(file, obj)\n```\n\n**formatting with spaces:**\n\n```js\nvar jsonfile = require('jsonfile')\n\nvar file = '/tmp/data.json'\nvar obj = {name: 'JP'}\n\njsonfile.writeFileSync(file, obj, {spaces: 2})\n```\n\n**appending to an existing JSON file:**\n\nYou can use `fs.writeFileSync` option `{flag: 'a'}` to achieve this.\n\n```js\nvar jsonfile = require('jsonfile')\n\nvar file = '/tmp/mayAlreadyExistedData.json'\nvar obj = {name: 'JP'}\n\njsonfile.writeFileSync(file, obj, {flag: 'a'})\n```\n\n### spaces\n\nGlobal configuration to set spaces to indent JSON files.\n\n**default:** `null`\n\n```js\nvar jsonfile = require('jsonfile')\n\njsonfile.spaces = 4\n\nvar file = '/tmp/data.json'\nvar obj = {name: 'JP'}\n\n// json file has four space indenting now\njsonfile.writeFile(file, obj, function (err) {\n  console.error(err)\n})\n```\n\nNote, it's bound to `this.spaces`. So, if you do this:\n\n```js\nvar myObj = {}\nmyObj.writeJsonSync = jsonfile.writeFileSync\n// => this.spaces = null\n```\n\nCould do the following:\n\n```js\nvar jsonfile = require('jsonfile')\njsonfile.spaces = 4\njsonfile.writeFileSync(file, obj) // will have 4 spaces indentation\n\nvar myCrazyObj = {spaces: 32}\nmyCrazyObj.writeJsonSync = jsonfile.writeFileSync\nmyCrazyObj.writeJsonSync(file, obj) // will have 32 space indentation\nmyCrazyObj.writeJsonSync(file, obj, {spaces: 2}) // will have only 2\n```\n\n\nLicense\n-------\n\n(MIT License)\n\nCopyright 2012-2016, JP Richardson  <jprichardson@gmail.com>\n","maintainers":[{"name":"jprichardson","email":"jprichardson@gmail.com"},{"name":"ryanzim","email":"opensrc@ryanzim.com"}],"time":{"modified":"2017-06-02T22:46:14.384Z","created":"2012-09-10T19:09:18.641Z","0.0.1":"2012-09-10T19:09:19.393Z","1.0.0":"2013-06-28T15:40:06.637Z","1.0.1":"2013-09-06T02:02:36.867Z","1.1.0":"2013-10-11T21:49:05.821Z","1.1.1":"2013-11-11T19:51:20.116Z","1.2.0":"2014-06-29T13:19:58.780Z","2.0.0":"2014-07-28T10:37:48.464Z","2.0.1":"2015-05-24T21:08:22.967Z","2.1.0":"2015-06-19T12:16:34.632Z","2.1.1":"2015-06-19T17:05:19.744Z","2.1.2":"2015-06-22T20:56:57.701Z","2.2.0":"2015-06-25T13:30:33.845Z","2.2.1":"2015-06-25T22:12:33.394Z","2.2.2":"2015-09-16T13:29:56.655Z","2.2.3":"2015-10-14T11:23:24.577Z","2.3.0":"2016-04-17T05:24:55.856Z","2.3.1":"2016-05-13T13:42:24.916Z","2.4.0":"2016-09-16T01:39:39.974Z","3.0.0":"2017-04-25T17:19:17.193Z"},"author":{"name":"JP Richardson","email":"jprichardson@gmail.com"},"repository":{"type":"git","url":"git+ssh://git@github.com/jprichardson/node-jsonfile.git"},"users":{"zyhack":true,"green_goo":true,"ryanlatham":true,"omgbbqhax":true,"hain":true,"leonardorb":true,"jehoshua02":true,"naohta":true,"eklem":true,"hellstad":true,"itonyyo":true,"dac2205":true,"incendiary":true,"lifecube":true,"shan":true,"sasquatch":true,"bpatel":true,"battlemidget":true,"qqqppp9998":true,"f124275809":true,"markh":true,"kontrax":true,"deepanchor":true,"walchko":true,"tobitobitobi":true,"sappharx":true,"nketchum":true,"aitorllj93":true,"mdpauley":true,"acollins-ts":true,"nicholaslp":true,"hckhanh":true,"vwal":true,"micaelsouza":true,"onheiron":true,"panlw":true,"dpjayasekara":true,"nexdrew":true,"dvdwlsh":true,"antanst":true,"redmonkeydf":true,"fpmweb":true,"puhuasheng":true,"calmwinds":true,"kungkk":true,"milfromoz":true,"avalexandrov":true,"alcovegan":true,"groovybytes":true,"crankincrankin":true,"awzm":true,"joannerpena":true,"codekraft-studio":true,"ghost_gu":true,"peruggia":true,"alex-cory":true,"rizvanhaider":true,"ahme-t":true,"codemarc":true,"dd-dxq":true,"peterheneback":true,"james3299":true,"gerst20051":true,"thassiov":true,"serkonyc":true,"mr_dingo":true,"almaclaine":true,"kidfiji":true,"hongbo-miao":true,"razr9":true,"surajs21":true,"okmogwai":true,"jshaw3":true,"hedge":true,"rochejul":true,"cwagner":true,"leodel":true,"tmurngon":true,"qddegtya":true,"eijs":true,"eserozvataf":true,"nohomey":true,"rocket0191":true,"ahvonenj":true,"mojaray2k":true,"kmiddlesworth":true,"a.sanchez":true,"robertpenner":true,"fleischer":true,"cvalenzuela":true,"miroklarin":true,"dericdallaire":true,"klombomb":true,"yonisetiawan":true,"luiko":true,"alimaster":true,"davidbwaters":true,"shadowlong":true,"shuoshubao":true,"codeinpixel":true,"malloryerik":true,"sherylynn":true,"dankle":true,"rshaw":true,"erk_war_han":true,"chentel":true,"kimhoe":true,"indraone01":true,"sebbie1o1":true,"sgodoshi":true},"homepage":"https://github.com/jprichardson/node-jsonfile#readme","keywords":["read","write","file","json","fs","fs-extra"],"bugs":{"url":"https://github.com/jprichardson/node-jsonfile/issues"},"readmeFilename":"README.md","license":"MIT","_attachments":{},"_etag":"W/\"5931eab6-6cbe\"","_lastModified":"Fri, 02 Jun 2017 22:46:14 GMT","_cached":true}