{"_id":"uuid","_rev":"2627628","name":"uuid","description":"RFC4122 (v1 and v4) generator","dist-tags":{"latest":"3.0.1"},"maintainers":[{"name":"broofa","email":"robert@broofa.com"},{"name":"defunctzombie","email":"shtylman@gmail.com"},{"name":"vvo","email":"vincent.voyer@gmail.com"}],"time":{"modified":"2017-03-27T09:59:52.000Z","created":"2011-03-31T08:12:51.801Z","3.0.1":"2016-11-29T07:18:07.016Z","3.0.0":"2016-11-18T05:55:37.542Z","2.0.3":"2016-09-18T21:03:38.127Z","2.0.2":"2016-04-13T07:37:23.788Z","2.0.1":"2014-09-29T09:16:55.228Z","2.0.0":"2014-09-29T09:03:24.612Z","1.4.2":"2014-09-25T09:03:34.083Z","1.4.1":"2013-03-14T05:25:04.735Z","1.4.0":"2013-02-19T22:28:10.376Z","0.0.2":"2011-03-31T08:12:51.801Z","0.0.1":"2011-03-31T08:12:51.801Z"},"users":{"luk":true,"shtylman":true,"chilts":true,"appleboy":true,"davidrlee":true,"lych":true,"afollestad":true,"blackbunny":true,"brentonhouse":true,"matteospampani":true,"jakecadams":true,"yourhoneysky":true,"sirius":true,"pospi":true,"kankungyip":true,"esessoms":true,"mikend":true,"thomask33":true,"adamk":true,"chrisyipw":true,"bburwell":true,"tmypawa":true,"erincinci":true,"yashprit":true,"lifecube":true,"danharper":true,"moimikey":true,"ninozhang":true,"ysk8":true,"jesusgoku":true,"sonhuytran":true,"bpatel":true,"smd4":true,"junjiansyu":true,"defunctzombie":true,"etsit":true,"benburwell":true,"shipengyan":true,"piecioshka":true,"jueb":true,"qqqppp9998":true,"flozz":true,"hugnosis":true,"grantcarthew":true,"po":true,"aitorllj93":true,"parkerproject":true,"jasonpearson":true,"vwal":true,"ash":true,"almccann":true,"procom":true,"wfcookie":true,"fedor":true,"maur1th":true,"koulmomo":true,"monsterkodi":true,"orkisz":true,"mlohscheidt":true,"carlosvillademor":true,"ziflex":true,"shadowlong":true,"nomemires":true,"zhoutk":true,"antanst":true,"epdplus":true,"hecto932":true,"r3nya":true,"lwgojustgo":true,"evanyeung":true,"pavel.zubkou":true,"kekdude":true,"geooogle":true,"roman-io":true,"rochejul":true,"xufz":true,"456wyc":true,"ijidau":true,"markthethomas":true,"freebird":true,"ianpaschal":true,"clarenceho":true,"jlmorgan":true,"sasquatch":true,"gavaxiang":true,"segen":true,"nigel0913":true,"octetstream":true,"lestad":true,"shekharreddy":true,"bapinney":true,"sourcesoft":true,"gollojs":true,"reinoud":true,"zpoons":true,"scotchulous":true,"jlagunas":true,"jaxelson":true,"rhaynel":true,"holly":true,"akarem":true,"apopek":true,"wenhsiaoyi":true,"ferchoriverar":true,"writech":true,"gildasdubois":true,"nhz.io":true,"blade254353074":true,"jtrh":true,"mauriciolauffer":true,"justdomepaul":true,"neo1":true,"leon740727":true,"mhaidarh":true,"tmurngon":true,"jez9999":true,"monolithed":true,"nohomey":true,"ckaatz":true,"diegorbaquero":true,"ahvonenj":true,"praxiq":true,"kavyababu7":true,"dzhou777":true,"caiofossa":true,"jamiechoi":true,"harumambur":true,"broofa":true,"wangnan0610":true,"ivan.marquez":true,"albertofdzm":true,"abuelwafa":true,"rumkin":true,"stretchgz":true,"shrike":true,"chaofeis":true,"nickleefly":true,"sachacr":true,"haihepeng":true,"wenbing":true,"kodekracker":true,"jian263994241":true,"bsara":true,"guzgarcia":true,"ferrari":true,"i3fox":true,"djake":true,"augiethornton":true,"mikestaub":true,"programmer.severson":true,"sgvinci":true,"appsparkler":true,"techmuch":true,"cblumer":true,"jk6":true,"tdevm":true,"max_devjs":true,"cbetancourt":true,"gdibble":true,"isenricho":true,"vchouhan":true,"danielye":true,"andfaulkner":true,"rocket0191":true,"satoru":true,"serge-nikitin":true,"alexcoady":true,"kaufmo":true,"miadzadfallah":true,"asaupup":true,"potentii":true,"xfloops":true,"n0f3":true,"marcobiedermann":true,"soulchainer":true,"leapm":true,"artjacob":true,"stevenvachon":true,"modood":true,"papasavva":true,"philipjc":true,"dkblay":true,"awhmandan":true,"sternelee":true,"walexstevens":true,"guurgle":true,"quafoo":true,"scott.m.sarsfield":true,"yswon":true,"pddivine":true,"subinvarghesein":true,"superchenney":true,"thomas.han":true,"kikna":true,"zand3rs":true,"heartnett":true,"simonja":true,"fengmiaosen":true,"someok":true},"repository":{"type":"git","url":"git+https://github.com/kelektiv/node-uuid.git"},"versions":{"3.0.1":{"name":"uuid","version":"3.0.1","description":"RFC4122 (v1 and v4) generator","keywords":["uuid","guid","rfc4122"],"license":"MIT","bin":{"uuid":"./bin/uuid"},"devDependencies":{"mocha":"3.1.2"},"scripts":{"test":"mocha test/test.js"},"browser":{"./lib/rng.js":"./lib/rng-browser.js"},"repository":{"type":"git","url":"git+https://github.com/kelektiv/node-uuid.git"},"contributors":[{"name":"Robert Kieffer","email":"robert@broofa.com"},{"name":"Christoph Tavan","email":"dev@tavan.de"},{"name":"AJ ONeal","email":"coolaj86@gmail.com"},{"name":"Vincent Voyer","email":"vincent@zeroload.net"},{"name":"Roman Shtylman","email":"shtylman@gmail.com"}],"gitHead":"374de826de71d8997f71b4641f65552e48956ced","bugs":{"url":"https://github.com/kelektiv/node-uuid/issues"},"homepage":"https://github.com/kelektiv/node-uuid#readme","_id":"uuid@3.0.1","_shasum":"6544bba2dfda8c1cf17e629a3a305e2bb1fee6c1","_from":".","_npmVersion":"3.10.3","_nodeVersion":"6.7.0","_npmUser":{"name":"defunctzombie","email":"shtylman@gmail.com"},"dist":{"shasum":"6544bba2dfda8c1cf17e629a3a305e2bb1fee6c1","size":7195,"noattachment":false,"tarball":"http://registry.npm.taobao.org/uuid/download/uuid-3.0.1.tgz"},"maintainers":[{"name":"broofa","email":"robert@broofa.com"},{"name":"defunctzombie","email":"shtylman@gmail.com"},{"name":"vvo","email":"vincent.voyer@gmail.com"}],"_npmOperationalInternal":{"host":"packages-12-west.internal.npmjs.com","tmp":"tmp/uuid-3.0.1.tgz_1480403886767_0.2584113120101392"},"directories":{},"publish_time":1480403887016,"_cnpm_publish_time":1480403887016,"_hasShrinkwrap":false},"3.0.0":{"name":"uuid","version":"3.0.0","description":"RFC4122 (v1 and v4) generator","keywords":["uuid","guid","rfc4122"],"license":"MIT","main":"./uuid.js","bin":{"uuid":"./bin/uuid"},"devDependencies":{"mocha":"3.1.2"},"scripts":{"test":"mocha test/test.js"},"browser":{"./lib/rng.js":"./lib/rng-browser.js"},"repository":{"type":"git","url":"git+https://github.com/kelektiv/node-uuid.git"},"contributors":[{"name":"Robert Kieffer","email":"robert@broofa.com"},{"name":"Christoph Tavan","email":"dev@tavan.de"},{"name":"AJ ONeal","email":"coolaj86@gmail.com"},{"name":"Vincent Voyer","email":"vincent@zeroload.net"},{"name":"Roman Shtylman","email":"shtylman@gmail.com"}],"gitHead":"923fe4a7893c2057b608c0c74743ad5512599072","bugs":{"url":"https://github.com/kelektiv/node-uuid/issues"},"homepage":"https://github.com/kelektiv/node-uuid#readme","_id":"uuid@3.0.0","_shasum":"6728fc0459c450d796a99c31837569bdf672d728","_from":".","_npmVersion":"3.10.3","_nodeVersion":"6.7.0","_npmUser":{"name":"defunctzombie","email":"shtylman@gmail.com"},"dist":{"shasum":"6728fc0459c450d796a99c31837569bdf672d728","size":6878,"noattachment":false,"tarball":"http://registry.npm.taobao.org/uuid/download/uuid-3.0.0.tgz"},"maintainers":[{"name":"broofa","email":"robert@broofa.com"},{"name":"defunctzombie","email":"shtylman@gmail.com"},{"name":"vvo","email":"vincent.voyer@gmail.com"}],"_npmOperationalInternal":{"host":"packages-18-east.internal.npmjs.com","tmp":"tmp/uuid-3.0.0.tgz_1479448535568_0.9578766466584057"},"directories":{},"publish_time":1479448537542,"_cnpm_publish_time":1479448537542,"_hasShrinkwrap":false},"2.0.3":{"name":"uuid","version":"2.0.3","description":"Rigorous implementation of RFC4122 (v1 and v4) UUIDs.","keywords":["uuid","guid","rfc4122"],"author":{"name":"Robert Kieffer","email":"robert@broofa.com"},"contributors":[{"name":"Christoph Tavan","email":"dev@tavan.de"},{"name":"Vincent Voyer","email":"vincent@zeroload.net"}],"license":"MIT","main":"./uuid.js","devDependencies":{"mocha":"1.8.0"},"scripts":{"test":"mocha test/test.js"},"browser":{"./rng.js":"./rng-browser.js"},"repository":{"type":"git","url":"git+https://github.com/defunctzombie/node-uuid.git"},"testling":{"browsers":["ie6..latest","firefox/3.6..latest","chrome/22..latest","safari/5.1..latest"],"harness":"mocha-tdd","files":"test/*.js"},"gitHead":"3f44acd0e722e965c14af816e2f658361a6b15f9","bugs":{"url":"https://github.com/defunctzombie/node-uuid/issues"},"homepage":"https://github.com/defunctzombie/node-uuid#readme","_id":"uuid@2.0.3","_shasum":"67e2e863797215530dff318e5bf9dcebfd47b21a","_from":".","_npmVersion":"3.8.9","_nodeVersion":"6.2.0","_npmUser":{"name":"defunctzombie","email":"shtylman@gmail.com"},"dist":{"shasum":"67e2e863797215530dff318e5bf9dcebfd47b21a","size":12162,"noattachment":false,"tarball":"http://registry.npm.taobao.org/uuid/download/uuid-2.0.3.tgz"},"maintainers":[{"name":"broofa","email":"robert@broofa.com"},{"name":"defunctzombie","email":"shtylman@gmail.com"},{"name":"vvo","email":"vincent.voyer@gmail.com"}],"_npmOperationalInternal":{"host":"packages-12-west.internal.npmjs.com","tmp":"tmp/uuid-2.0.3.tgz_1474232617862_0.6578061426989734"},"directories":{},"publish_time":1474232618127,"_cnpm_publish_time":1474232618127,"_hasShrinkwrap":false},"2.0.2":{"name":"uuid","version":"2.0.2","description":"Rigorous implementation of RFC4122 (v1 and v4) UUIDs.","keywords":["uuid","guid","rfc4122"],"author":{"name":"Robert Kieffer","email":"robert@broofa.com"},"contributors":[{"name":"Christoph Tavan","email":"dev@tavan.de"},{"name":"Vincent Voyer","email":"vincent@zeroload.net"}],"license":"MIT","main":"./uuid.js","devDependencies":{"mocha":"1.8.0"},"scripts":{"test":"mocha test/test.js"},"browser":{"./rng.js":"./rng-browser.js"},"repository":{"type":"git","url":"git+https://github.com/shtylman/node-uuid.git"},"testling":{"browsers":["ie6..latest","firefox/3.6..latest","chrome/22..latest","safari/5.1..latest"],"harness":"mocha-tdd","files":"test/*.js"},"gitHead":"6e95855ff4b79881aa95c5502478314adc6719dc","bugs":{"url":"https://github.com/shtylman/node-uuid/issues"},"homepage":"https://github.com/shtylman/node-uuid#readme","_id":"uuid@2.0.2","_shasum":"48bd5698f0677e3c7901a1c46ef15b1643794726","_from":".","_npmVersion":"2.15.2","_nodeVersion":"5.9.1","_npmUser":{"name":"vvo","email":"vincent.voyer@gmail.com"},"maintainers":[{"name":"broofa","email":"robert@broofa.com"},{"name":"defunctzombie","email":"shtylman@gmail.com"},{"name":"vvo","email":"vincent.voyer@gmail.com"}],"dist":{"shasum":"48bd5698f0677e3c7901a1c46ef15b1643794726","size":12142,"noattachment":false,"tarball":"http://registry.npm.taobao.org/uuid/download/uuid-2.0.2.tgz"},"_npmOperationalInternal":{"host":"packages-12-west.internal.npmjs.com","tmp":"tmp/uuid-2.0.2.tgz_1460533041436_0.07706069457344711"},"directories":{},"publish_time":1460533043788,"_cnpm_publish_time":1460533043788,"_hasShrinkwrap":false},"2.0.1":{"name":"uuid","version":"2.0.1","description":"Rigorous implementation of RFC4122 (v1 and v4) UUIDs.","keywords":["uuid","guid","rfc4122"],"author":{"name":"Robert Kieffer","email":"robert@broofa.com"},"contributors":[{"name":"Christoph Tavan","email":"dev@tavan.de"},{"name":"Vincent Voyer","email":"vincent@zeroload.net"}],"main":"./uuid.js","devDependencies":{"mocha":"1.8.0"},"scripts":{"test":"mocha test/test.js"},"browser":{"./rng.js":"./rng-browser.js"},"repository":{"type":"git","url":"https://github.com/shtylman/node-uuid.git"},"testling":{"browsers":["ie6..latest","firefox/3.6..latest","chrome/22..latest","safari/5.1..latest"],"harness":"mocha-tdd","files":"test/*.js"},"gitHead":"ddaf90942095f26ee8c1961b4346f093b3e7eb5b","bugs":{"url":"https://github.com/shtylman/node-uuid/issues"},"homepage":"https://github.com/shtylman/node-uuid","_id":"uuid@2.0.1","_shasum":"c2a30dedb3e535d72ccf82e343941a50ba8533ac","_from":".","_npmVersion":"2.0.0","_npmUser":{"name":"vvo","email":"vincent.voyer@gmail.com"},"maintainers":[{"name":"broofa","email":"robert@broofa.com"},{"name":"defunctzombie","email":"shtylman@gmail.com"},{"name":"vvo","email":"vincent.voyer@gmail.com"}],"dist":{"shasum":"c2a30dedb3e535d72ccf82e343941a50ba8533ac","size":12187,"noattachment":false,"tarball":"http://registry.npm.taobao.org/uuid/download/uuid-2.0.1.tgz"},"directories":{},"publish_time":1411982215228,"_cnpm_publish_time":1411982215228,"_hasShrinkwrap":false},"2.0.0":{"name":"uuid","version":"2.0.0","description":"Rigorous implementation of RFC4122 (v1 and v4) UUIDs.","keywords":["uuid","guid","rfc4122"],"author":{"name":"Robert Kieffer","email":"robert@broofa.com"},"contributors":[{"name":"Christoph Tavan","email":"dev@tavan.de"},{"name":"Vincent Voyer","email":"vincent@zeroload.net"}],"main":"./uuid.js","devDependencies":{"mocha":"1.8.0"},"scripts":{"test":"mocha test/test.js"},"browser":{"./rng.js":"./rng-browser.js"},"repository":{"type":"git","url":"https://github.com/shtylman/node-uuid.git"},"testling":{"browsers":["ie6..latest","firefox/3.6..latest","chrome/22..latest","safari/5.1..latest"],"harness":"mocha-tdd","files":"test/*.js"},"gitHead":"3c007a5748d6fcbd0916ea8b6d18539958972932","bugs":{"url":"https://github.com/shtylman/node-uuid/issues"},"homepage":"https://github.com/shtylman/node-uuid","_id":"uuid@2.0.0","_shasum":"377ab4417736dba5ce379ff0a0c1a539921ebb74","_from":".","_npmVersion":"2.0.0","_npmUser":{"name":"vvo","email":"vincent.voyer@gmail.com"},"maintainers":[{"name":"broofa","email":"robert@broofa.com"},{"name":"defunctzombie","email":"shtylman@gmail.com"},{"name":"vvo","email":"vincent.voyer@gmail.com"}],"dist":{"shasum":"377ab4417736dba5ce379ff0a0c1a539921ebb74","size":12186,"noattachment":false,"tarball":"http://registry.npm.taobao.org/uuid/download/uuid-2.0.0.tgz"},"directories":{},"publish_time":1411981404612,"_cnpm_publish_time":1411981404612,"_hasShrinkwrap":false},"1.4.2":{"name":"uuid","version":"1.4.2","description":"Rigorous implementation of RFC4122 (v1 and v4) UUIDs.","keywords":["uuid","guid","rfc4122"],"author":{"name":"Robert Kieffer","email":"robert@broofa.com"},"contributors":[{"name":"Christoph Tavan","email":"dev@tavan.de"},{"name":"Vincent Voyer","email":"vincent@zeroload.net"}],"main":"./uuid.js","devDependencies":{"mocha":"1.8.0"},"scripts":{"test":"mocha test/test.js"},"browser":{"./rng.js":"./rng-browser.js","./buffer.js":"./buffer-browser.js"},"repository":{"type":"git","url":"https://github.com/shtylman/node-uuid.git"},"testling":{"browsers":["ie6..latest","firefox/3.6..latest","chrome/22..latest","safari/5.1..latest"],"harness":"mocha-tdd","files":"test/*.js"},"gitHead":"688730efe3ec3ab7c12c6b92db2aa2826a50ed14","bugs":{"url":"https://github.com/shtylman/node-uuid/issues"},"homepage":"https://github.com/shtylman/node-uuid","_id":"uuid@1.4.2","_shasum":"453019f686966a6df83cdc5244e7c990ecc332fc","_from":".","_npmVersion":"2.0.0","_npmUser":{"name":"vvo","email":"vincent.voyer@gmail.com"},"maintainers":[{"name":"broofa","email":"robert@broofa.com"},{"name":"defunctzombie","email":"shtylman@gmail.com"},{"name":"vvo","email":"vincent.voyer@gmail.com"}],"dist":{"shasum":"453019f686966a6df83cdc5244e7c990ecc332fc","size":12420,"noattachment":false,"tarball":"http://registry.npm.taobao.org/uuid/download/uuid-1.4.2.tgz"},"directories":{},"publish_time":1411635814083,"_cnpm_publish_time":1411635814083,"_hasShrinkwrap":false},"1.4.1":{"name":"uuid","version":"1.4.1","description":"Rigorous implementation of RFC4122 (v1 and v4) UUIDs.","keywords":["uuid","guid","rfc4122"],"author":{"name":"Robert Kieffer","email":"robert@broofa.com"},"contributors":[{"name":"Christoph Tavan","email":"dev@tavan.de"}],"main":"./uuid.js","devDependencies":{"mocha":"1.8.0"},"scripts":{"test":"mocha test/test.js"},"browser":{"./rng.js":"./rng-browser.js"},"repository":{"type":"git","url":"https://github.com/shtylman/node-uuid.git"},"testling":{"browsers":["ie6..latest","firefox/3.6..latest","chrome/22..latest","safari/5.1..latest"],"harness":"mocha-tdd","files":"test/*.js"},"_id":"uuid@1.4.1","dist":{"shasum":"a337828580d426e375b8ee11bd2bf901a596e0b8","size":12136,"noattachment":false,"tarball":"http://registry.npm.taobao.org/uuid/download/uuid-1.4.1.tgz"},"_from":".","_npmVersion":"1.2.11","_npmUser":{"name":"shtylman","email":"shtylman@gmail.com"},"maintainers":[{"name":"broofa","email":"robert@broofa.com"},{"name":"defunctzombie","email":"shtylman@gmail.com"},{"name":"vvo","email":"vincent.voyer@gmail.com"}],"directories":{},"publish_time":1363238704735,"_hasShrinkwrap":false,"_cnpm_publish_time":1363238704735},"1.4.0":{"name":"uuid","description":"Rigorous implementation of RFC4122 (v1 and v4) UUIDs.","url":"http://github.com/broofa/node-uuid","keywords":["uuid","guid","rfc4122"],"author":{"name":"Robert Kieffer","email":"robert@broofa.com"},"contributors":[{"name":"Christoph Tavan","email":"dev@tavan.de"}],"lib":".","main":"./uuid.js","repository":{"type":"git","url":"https://github.com/broofa/node-uuid.git"},"version":"1.4.0","_id":"uuid@1.4.0","dist":{"shasum":"d0d3b84ab56902e99ff952f2a17aa3986d44d36f","size":12204,"noattachment":false,"tarball":"http://registry.npm.taobao.org/uuid/download/uuid-1.4.0.tgz"},"_npmVersion":"1.1.66","_npmUser":{"name":"tim-smart","email":"tim@fostle.com"},"maintainers":[{"name":"broofa","email":"robert@broofa.com"},{"name":"defunctzombie","email":"shtylman@gmail.com"},{"name":"vvo","email":"vincent.voyer@gmail.com"}],"directories":{},"publish_time":1361312890376,"_hasShrinkwrap":false,"_cnpm_publish_time":1361312890376},"0.0.2":{"name":"uuid","description":"Simple libuuid bindings to allow UUIDs to be generated from JS.","version":"0.0.2","author":{"name":"Nikhil Marathe"},"repository":{"type":"hg","url":"http://bitbucket.org/nikhilm/uuidjs"},"engine":["node >=0.1.103"],"scripts":{"preinstall":"node-waf configure && node-waf build"},"main":"build/default/uuid","_id":"uuid@0.0.2","engines":{"node":"*"},"_nodeSupported":true,"_npmVersion":"0.2.7-2","_nodeVersion":"v0.3.1-pre","dist":{"shasum":"3171f2c4f58895b8b307692a335fb2349ddf6733","size":2547,"noattachment":false,"tarball":"http://registry.npm.taobao.org/uuid/download/uuid-0.0.2.tgz"},"directories":{},"publish_time":1301559171801,"maintainers":[{"name":"broofa","email":"robert@broofa.com"},{"name":"defunctzombie","email":"shtylman@gmail.com"},{"name":"vvo","email":"vincent.voyer@gmail.com"}],"_hasShrinkwrap":false,"_cnpm_publish_time":1301559171801},"0.0.1":{"name":"uuid","description":"Simple libuuid bindings to allow UUIDs to be generated from JS.","version":"0.0.1","author":{"name":"Nikhil Marathe"},"repository":{"type":"hg","url":"http://bitbucket.org/nikhilm/uuidjs"},"engine":["node >=0.1.103"],"scripts":{"preinstall":"node-waf configure && node-waf build"},"main":"build/default/uuid","_id":"uuid@0.0.1","engines":{"node":"*"},"_nodeSupported":true,"_npmVersion":"0.2.7-2","_nodeVersion":"v0.3.1-pre","dist":{"shasum":"5b43a6840d25914b5a76a0664d71a51601ddec79","size":2499,"noattachment":false,"tarball":"http://registry.npm.taobao.org/uuid/download/uuid-0.0.1.tgz"},"directories":{},"publish_time":1301559171801,"maintainers":[{"name":"broofa","email":"robert@broofa.com"},{"name":"defunctzombie","email":"shtylman@gmail.com"},{"name":"vvo","email":"vincent.voyer@gmail.com"}],"_hasShrinkwrap":false,"_cnpm_publish_time":1301559171801}},"readme":"# uuid [![Build Status](https://secure.travis-ci.org/kelektiv/node-uuid.svg?branch=master)](http://travis-ci.org/kelektiv/node-uuid) #\n\nSimple, fast generation of [RFC4122](http://www.ietf.org/rfc/rfc4122.txt) UUIDS.\n\nFeatures:\n\n* Generate RFC4122 version 1 or version 4 UUIDs\n* Runs in node.js and browsers\n* Cryptographically strong random number generation on supporting platforms\n* Small footprint  (Want something smaller? [Check this out](https://gist.github.com/982883)!)\n\n## Quickstart - CommonJS (Recommended)\n\n```shell\nnpm install uuid\n```\n\n```javascript\n// Generate a v1 UUID (time-based)\nconst uuidV1 = require('uuid/v1');\nuuidV1(); // -> '6c84fb90-12c4-11e1-840d-7b25c5ee775a'\n\n// Generate a v4 UUID (random)\nconst uuidV4 = require('uuid/v4');\nuuidV4(); // -> '110ec58a-a0f2-4ac4-8393-c866d813b8d1'\n```\n\n## Quickstart - Pre-packaged for browsers (Not recommended)\n\nBrowser-ready versions of this module are available via [wzrd.in](https://github.com/jfhbrook/wzrd.in).\n\n```html\n<script src=\"http://wzrd.in/standalone/uuid@latest\"></script>\n\n<script>\nuuid.v1(); // -> v1 UUID\nuuid.v4(); // -> v4 UUID\n</script>\n```\n\n(Note: Do not do this in production.  Just don't.  wzrd.in is a great service, but if you're deploying a \"real\" service you should be using a packaging tool like browserify or webpack.  If you do go this route you would be well advised to link to a specific version instead of `uuid@latest` to avoid having your code break when we roll out breaking changes.)\n\n\n## API\n\n### uuid(...)\n\nGenerate a V4 uuid. See uuid.v4 documentation below.\n\n### uuid.v1([`options` [, `buffer` [, `offset`]]])\n\nGenerate and return a RFC4122 v1 (timestamp-based) UUID.\n\n* `options` - (Object) Optional uuid state to apply. Properties may include:\n\n  * `node` - (Array) Node id as Array of 6 bytes (per 4.1.6). Default: Randomly generated ID.  See note 1.\n  * `clockseq` - (Number between 0 - 0x3fff) RFC clock sequence.  Default: An internally maintained clockseq is used.\n  * `msecs` - (Number | Date) Time in milliseconds since unix Epoch.  Default: The current time is used.\n  * `nsecs` - (Number between 0-9999) additional time, in 100-nanosecond units. Ignored if `msecs` is unspecified. Default: internal uuid counter is used, as per 4.2.1.2.\n\n* `buffer` - (Array | Buffer) Array or buffer where UUID bytes are to be written.\n* `offset` - (Number) Starting index in `buffer` at which to begin writing.\n\nReturns `buffer`, if specified, otherwise the string form of the UUID\n\nNotes:\n\n1. The randomly generated node id is only guaranteed to stay constant for the lifetime of the current JS runtime. (Future versions of this module may use persistent storage mechanisms to extend this guarantee.)\n\nExample: Generate string UUID with fully-specified options\n\n```javascript\nuuid.v1({\n  node: [0x01, 0x23, 0x45, 0x67, 0x89, 0xab],\n  clockseq: 0x1234,\n  msecs: new Date('2011-11-01').getTime(),\n  nsecs: 5678\n});   // -> \"710b962e-041c-11e1-9234-0123456789ab\"\n```\n\nExample: In-place generation of two binary IDs\n\n```javascript\n// Generate two ids in an array\nconst arr = new Array(32); // -> []\nuuid.v1(null, arr, 0);   // -> [02 a2 ce 90 14 32 11 e1 85 58 0b 48 8e 4f c1 15]\nuuid.v1(null, arr, 16);  // -> [02 a2 ce 90 14 32 11 e1 85 58 0b 48 8e 4f c1 15 02 a3 1c b0 14 32 11 e1 85 58 0b 48 8e 4f c1 15]\n```\n\n### uuid.v4([`options` [, `buffer` [, `offset`]]])\n\nGenerate and return a RFC4122 v4 UUID.\n\n* `options` - (Object) Optional uuid state to apply. Properties may include:\n\n  * `random` - (Number[16]) Array of 16 numbers (0-255) to use in place of randomly generated values\n  * `rng` - (Function) Random # generator to use.  Set to one of the built-in generators - `uuid.mathRNG` (all platforms), `uuid.nodeRNG` (node.js only), `uuid.whatwgRNG` (WebKit only) - or a custom function that returns an array[16] of byte values.\n\n* `buffer` - (Array | Buffer) Array or buffer where UUID bytes are to be written.\n* `offset` - (Number) Starting index in `buffer` at which to begin writing.\n\nReturns `buffer`, if specified, otherwise the string form of the UUID\n\nExample: Generate string UUID with fully-specified options\n\n```javascript\nuuid.v4({\n  random: [\n    0x10, 0x91, 0x56, 0xbe, 0xc4, 0xfb, 0xc1, 0xea,\n    0x71, 0xb4, 0xef, 0xe1, 0x67, 0x1c, 0x58, 0x36\n  ]\n});\n// -> \"109156be-c4fb-41ea-b1b4-efe1671c5836\"\n```\n\nExample: Generate two IDs in a single buffer\n\n```javascript\nconst buffer = new Array(32); // (or 'new Buffer' in node.js)\nuuid.v4(null, buffer, 0);\nuuid.v4(null, buffer, 16);\n```\n\n## Testing\n\n```\nnpm test\n```\n\n## Legacy node-uuid package\n\nThe code for the legacy node-uuid package is available in the `node-uuid` branch.\n","_attachments":{},"homepage":"https://github.com/kelektiv/node-uuid#readme","bugs":{"url":"https://github.com/kelektiv/node-uuid/issues"},"license":"MIT","_etag":"\"5daa-+zVzEMthBsk4Hncsnt7F1SKdY7E\""}