{"_id":"iconv-lite","_rev":"164-fab2f4dcc2ef6c34e67522c43781e945","name":"iconv-lite","description":"Convert character encodings in pure javascript.","dist-tags":{"latest":"0.4.17","bleeding":"0.4.0-pre3"},"versions":{"0.1.0":{"name":"iconv-lite","description":"Convert character encodings in pure javascript.","version":"0.1.0","keywords":["iconv","convert","charset"],"author":{"name":"Alexander Shtuchkin","email":"ashtuchkin@gmail.com"},"homepage":"http://github.com/ashtuchkin/node-iconv/","repository":{"type":"git","url":"git://github.com/ashtuchkin/node-iconv.git"},"engines":{"node":">=0.4.0"},"devDependencies":{"vows":""},"_npmUser":{"name":"ashtuchkin","email":"ashtuchkin@gmail.com"},"_id":"iconv-lite@0.1.0","dependencies":{},"_engineSupported":true,"_npmVersion":"1.0.104","_nodeVersion":"v0.6.0","_defaultsLoaded":true,"dist":{"shasum":"bb686e9e87899523e69c313d01ffae9d7850e1eb","tarball":"https://registry.npmjs.org/iconv-lite/-/iconv-lite-0.1.0.tgz"},"maintainers":[{"name":"ashtuchkin","email":"ashtuchkin@gmail.com"}],"directories":{}},"0.1.1":{"name":"iconv-lite","description":"Convert character encodings in pure javascript.","version":"0.1.1","keywords":["iconv","convert","charset"],"author":{"name":"Alexander Shtuchkin","email":"ashtuchkin@gmail.com"},"contributors":[{"name":"jenkinv","url":"https://github.com/jenkinv"}],"homepage":"http://github.com/ashtuchkin/node-iconv/","repository":{"type":"git","url":"git://github.com/ashtuchkin/node-iconv.git"},"engines":{"node":">=0.4.0"},"devDependencies":{"vows":"","iconv":""},"_npmUser":{"name":"ashtuchkin","email":"ashtuchkin@gmail.com"},"_id":"iconv-lite@0.1.1","dependencies":{},"_engineSupported":true,"_npmVersion":"1.0.105","_nodeVersion":"v0.6.1","_defaultsLoaded":true,"dist":{"shasum":"7844849646a553d2b65711d4e8e3188c2d0a5106","tarball":"https://registry.npmjs.org/iconv-lite/-/iconv-lite-0.1.1.tgz"},"maintainers":[{"name":"ashtuchkin","email":"ashtuchkin@gmail.com"}],"directories":{}},"0.1.2":{"name":"iconv-lite","description":"Convert character encodings in pure javascript.","version":"0.1.2","keywords":["iconv","convert","charset"],"author":{"name":"Alexander Shtuchkin","email":"ashtuchkin@gmail.com"},"contributors":[{"name":"jenkinv","url":"https://github.com/jenkinv"},{"name":"Adamansky Anton","url":"https://github.com/adamansky"},{"name":"George Stagas","url":"https://github.com/stagas"}],"homepage":"http://github.com/ashtuchkin/node-iconv/","repository":{"type":"git","url":"git://github.com/ashtuchkin/node-iconv.git"},"engines":{"node":">=0.4.0"},"devDependencies":{"vows":"","iconv":""},"_npmUser":{"name":"ashtuchkin","email":"ashtuchkin@gmail.com"},"_id":"iconv-lite@0.1.2","dependencies":{},"_engineSupported":true,"_npmVersion":"1.0.105","_nodeVersion":"v0.6.11","_defaultsLoaded":true,"dist":{"shasum":"ae828cd32708a17258d6a558c653bde646e84d0a","tarball":"https://registry.npmjs.org/iconv-lite/-/iconv-lite-0.1.2.tgz"},"maintainers":[{"name":"ashtuchkin","email":"ashtuchkin@gmail.com"}],"directories":{}},"0.1.3":{"name":"iconv-lite","description":"Convert character encodings in pure javascript.","version":"0.1.3","keywords":["iconv","convert","charset"],"author":{"name":"Alexander Shtuchkin","email":"ashtuchkin@gmail.com"},"contributors":[{"name":"jenkinv","url":"https://github.com/jenkinv"},{"name":"Adamansky Anton","url":"https://github.com/adamansky"},{"name":"George Stagas","url":"https://github.com/stagas"},{"name":"Mike D Pilsbury","url":"https://github.com/pekim"}],"homepage":"http://github.com/ashtuchkin/node-iconv/","repository":{"type":"git","url":"git://github.com/ashtuchkin/node-iconv.git"},"engines":{"node":">=0.4.0"},"devDependencies":{"vows":"","iconv":""},"_npmUser":{"name":"ashtuchkin","email":"ashtuchkin@gmail.com"},"_id":"iconv-lite@0.1.3","dependencies":{},"optionalDependencies":{},"_engineSupported":true,"_npmVersion":"1.1.18","_nodeVersion":"v0.6.17","_defaultsLoaded":true,"dist":{"shasum":"e5b1742382fb90f4900ec0076ac0b868d249615d","tarball":"https://registry.npmjs.org/iconv-lite/-/iconv-lite-0.1.3.tgz"},"maintainers":[{"name":"ashtuchkin","email":"ashtuchkin@gmail.com"}],"directories":{}},"0.1.4":{"name":"iconv-lite","description":"Convert character encodings in pure javascript.","version":"0.1.4","keywords":["iconv","convert","charset"],"author":{"name":"Alexander Shtuchkin","email":"ashtuchkin@gmail.com"},"contributors":[{"name":"jenkinv","url":"https://github.com/jenkinv"},{"name":"Adamansky Anton","url":"https://github.com/adamansky"},{"name":"George Stagas","url":"https://github.com/stagas"},{"name":"Mike D Pilsbury","url":"https://github.com/pekim"}],"homepage":"https://github.com/ashtuchkin/iconv-lite","repository":{"type":"git","url":"git://github.com/ashtuchkin/iconv-lite.git"},"engines":{"node":">=0.4.0"},"devDependencies":{"vows":"","iconv":""},"_npmUser":{"name":"ashtuchkin","email":"ashtuchkin@gmail.com"},"_id":"iconv-lite@0.1.4","dependencies":{},"optionalDependencies":{},"_engineSupported":true,"_npmVersion":"1.1.18","_nodeVersion":"v0.6.17","_defaultsLoaded":true,"dist":{"shasum":"d9d9f7f2902ae56c68c800c0d42822cc681e20af","tarball":"https://registry.npmjs.org/iconv-lite/-/iconv-lite-0.1.4.tgz"},"maintainers":[{"name":"ashtuchkin","email":"ashtuchkin@gmail.com"}],"directories":{}},"0.2.0":{"name":"iconv-lite","description":"Convert character encodings in pure javascript.","version":"0.2.0","keywords":["iconv","convert","charset"],"author":{"name":"Alexander Shtuchkin","email":"ashtuchkin@gmail.com"},"contributors":[{"name":"jenkinv","url":"https://github.com/jenkinv"},{"name":"Adamansky Anton","url":"https://github.com/adamansky"},{"name":"George Stagas","url":"https://github.com/stagas"},{"name":"Mike D Pilsbury","url":"https://github.com/pekim"}],"homepage":"https://github.com/ashtuchkin/iconv-lite","repository":{"type":"git","url":"git://github.com/ashtuchkin/iconv-lite.git"},"engines":{"node":">=0.4.0"},"devDependencies":{"vows":"","iconv":""},"_npmUser":{"name":"ashtuchkin","email":"ashtuchkin@gmail.com"},"_id":"iconv-lite@0.2.0","dependencies":{},"optionalDependencies":{},"_engineSupported":true,"_npmVersion":"1.1.18","_nodeVersion":"v0.6.17","_defaultsLoaded":true,"dist":{"shasum":"235d7ca31fbc40ddf1855bed5eb020f45251247c","tarball":"https://registry.npmjs.org/iconv-lite/-/iconv-lite-0.2.0.tgz"},"maintainers":[{"name":"ashtuchkin","email":"ashtuchkin@gmail.com"}],"directories":{}},"0.2.1":{"name":"iconv-lite","description":"Convert character encodings in pure javascript.","version":"0.2.1","keywords":["iconv","convert","charset"],"author":{"name":"Alexander Shtuchkin","email":"ashtuchkin@gmail.com"},"contributors":[{"name":"jenkinv","url":"https://github.com/jenkinv"},{"name":"Adamansky Anton","url":"https://github.com/adamansky"},{"name":"George Stagas","url":"https://github.com/stagas"},{"name":"Mike D Pilsbury","url":"https://github.com/pekim"}],"homepage":"https://github.com/ashtuchkin/iconv-lite","repository":{"type":"git","url":"git://github.com/ashtuchkin/iconv-lite.git"},"engines":{"node":">=0.4.0"},"scripts":{"test":"vows --spec"},"devDependencies":{"vows":"","iconv":""},"_id":"iconv-lite@0.2.1","dist":{"shasum":"011b31b8eeffc57b4cb65521b2a0858ce1ed8bfb","tarball":"https://registry.npmjs.org/iconv-lite/-/iconv-lite-0.2.1.tgz"},"maintainers":[{"name":"ashtuchkin","email":"ashtuchkin@gmail.com"}],"directories":{}},"0.2.3":{"name":"iconv-lite","description":"Convert character encodings in pure javascript.","version":"0.2.3","keywords":["iconv","convert","charset"],"author":{"name":"Alexander Shtuchkin","email":"ashtuchkin@gmail.com"},"contributors":[{"name":"jenkinv","url":"https://github.com/jenkinv"},{"name":"Adamansky Anton","url":"https://github.com/adamansky"},{"name":"George Stagas","url":"https://github.com/stagas"},{"name":"Mike D Pilsbury","url":"https://github.com/pekim"}],"homepage":"https://github.com/ashtuchkin/iconv-lite","repository":{"type":"git","url":"git://github.com/ashtuchkin/iconv-lite.git"},"engines":{"node":">=0.4.0"},"scripts":{"test":"vows --spec"},"devDependencies":{"vows":"","iconv":"1.1"},"_id":"iconv-lite@0.2.3","dist":{"shasum":"f6b14037951e3a334543932e9829dfd004168755","tarball":"https://registry.npmjs.org/iconv-lite/-/iconv-lite-0.2.3.tgz"},"maintainers":[{"name":"ashtuchkin","email":"ashtuchkin@gmail.com"}],"directories":{}},"0.2.4":{"name":"iconv-lite","description":"Convert character encodings in pure javascript.","version":"0.2.4","keywords":["iconv","convert","charset"],"author":{"name":"Alexander Shtuchkin","email":"ashtuchkin@gmail.com"},"contributors":[{"name":"jenkinv","url":"https://github.com/jenkinv"},{"name":"Adamansky Anton","url":"https://github.com/adamansky"},{"name":"George Stagas","url":"https://github.com/stagas"},{"name":"Mike D Pilsbury","url":"https://github.com/pekim"}],"homepage":"https://github.com/ashtuchkin/iconv-lite","repository":{"type":"git","url":"git://github.com/ashtuchkin/iconv-lite.git"},"engines":{"node":">=0.4.0"},"scripts":{"test":"vows --spec"},"devDependencies":{"vows":"","iconv":"1.1"},"_id":"iconv-lite@0.2.4","dist":{"shasum":"03659514658e27e4d1691a63e7aa01f1dca7f296","tarball":"https://registry.npmjs.org/iconv-lite/-/iconv-lite-0.2.4.tgz"},"_npmVersion":"1.1.49","_npmUser":{"name":"ashtuchkin","email":"ashtuchkin@gmail.com"},"maintainers":[{"name":"ashtuchkin","email":"ashtuchkin@gmail.com"}],"directories":{}},"0.2.5":{"name":"iconv-lite","description":"Convert character encodings in pure javascript.","version":"0.2.5","keywords":["iconv","convert","charset"],"author":{"name":"Alexander Shtuchkin","email":"ashtuchkin@gmail.com"},"contributors":[{"name":"jenkinv","url":"https://github.com/jenkinv"},{"name":"Adamansky Anton","url":"https://github.com/adamansky"},{"name":"George Stagas","url":"https://github.com/stagas"},{"name":"Mike D Pilsbury","url":"https://github.com/pekim"}],"homepage":"https://github.com/ashtuchkin/iconv-lite","repository":{"type":"git","url":"git://github.com/ashtuchkin/iconv-lite.git"},"engines":{"node":">=0.4.0"},"scripts":{"test":"vows --spec"},"devDependencies":{"vows":"","iconv":"1.1"},"_id":"iconv-lite@0.2.5","dist":{"shasum":"e9f2155037f4afd000c095b1d5ad8831c4c5eacc","tarball":"https://registry.npmjs.org/iconv-lite/-/iconv-lite-0.2.5.tgz"},"_npmVersion":"1.1.49","_npmUser":{"name":"ashtuchkin","email":"ashtuchkin@gmail.com"},"maintainers":[{"name":"ashtuchkin","email":"ashtuchkin@gmail.com"}],"directories":{}},"0.2.6":{"name":"iconv-lite","description":"Convert character encodings in pure javascript.","version":"0.2.6","keywords":["iconv","convert","charset"],"author":{"name":"Alexander Shtuchkin","email":"ashtuchkin@gmail.com"},"contributors":[{"name":"jenkinv","url":"https://github.com/jenkinv"},{"name":"Adamansky Anton","url":"https://github.com/adamansky"},{"name":"George Stagas","url":"https://github.com/stagas"},{"name":"Mike D Pilsbury","url":"https://github.com/pekim"}],"homepage":"https://github.com/ashtuchkin/iconv-lite","repository":{"type":"git","url":"git://github.com/ashtuchkin/iconv-lite.git"},"engines":{"node":">=0.4.0"},"scripts":{"test":"vows --spec"},"devDependencies":{"vows":"","iconv":">=1.1"},"_id":"iconv-lite@0.2.6","dist":{"shasum":"f4dc95055077fc0580bf829c3e75c20d55824a3e","tarball":"https://registry.npmjs.org/iconv-lite/-/iconv-lite-0.2.6.tgz"},"_npmVersion":"1.1.65","_npmUser":{"name":"ashtuchkin","email":"ashtuchkin@gmail.com"},"maintainers":[{"name":"ashtuchkin","email":"ashtuchkin@gmail.com"}],"directories":{}},"0.2.7":{"name":"iconv-lite","description":"Convert character encodings in pure javascript.","version":"0.2.7","keywords":["iconv","convert","charset"],"author":{"name":"Alexander Shtuchkin","email":"ashtuchkin@gmail.com"},"contributors":[{"name":"Jinwu Zhan","url":"https://github.com/jenkinv"},{"name":"Adamansky Anton","url":"https://github.com/adamansky"},{"name":"George Stagas","url":"https://github.com/stagas"},{"name":"Mike D Pilsbury","url":"https://github.com/pekim"}],"main":"index.js","homepage":"https://github.com/ashtuchkin/iconv-lite","repository":{"type":"git","url":"git://github.com/ashtuchkin/iconv-lite.git"},"engines":{"node":">=0.4.0"},"scripts":{"test":"vows --spec"},"devDependencies":{"vows":"","iconv":">=1.1"},"_id":"iconv-lite@0.2.7","dist":{"shasum":"45be2390d27af4b7613aac4ee4d957e3f4cbdb54","tarball":"https://registry.npmjs.org/iconv-lite/-/iconv-lite-0.2.7.tgz"},"_npmVersion":"1.1.66","_npmUser":{"name":"ashtuchkin","email":"ashtuchkin@gmail.com"},"maintainers":[{"name":"ashtuchkin","email":"ashtuchkin@gmail.com"}],"directories":{}},"0.2.8":{"name":"iconv-lite","description":"Convert character encodings in pure javascript.","version":"0.2.8","keywords":["iconv","convert","charset"],"author":{"name":"Alexander Shtuchkin","email":"ashtuchkin@gmail.com"},"contributors":[{"name":"Jinwu Zhan","url":"https://github.com/jenkinv"},{"name":"Adamansky Anton","url":"https://github.com/adamansky"},{"name":"George Stagas","url":"https://github.com/stagas"},{"name":"Mike D Pilsbury","url":"https://github.com/pekim"},{"name":"Niggler","url":"https://github.com/Niggler"},{"name":"wychi","url":"https://github.com/wychi"},{"name":"David Kuo","url":"https://github.com/david50407"},{"name":"ChangZhuo Chen","url":"https://github.com/czchen"}],"main":"index.js","homepage":"https://github.com/ashtuchkin/iconv-lite","repository":{"type":"git","url":"git://github.com/ashtuchkin/iconv-lite.git"},"engines":{"node":">=0.4.0"},"scripts":{"test":"vows --spec"},"devDependencies":{"vows":"","iconv":">=1.1"},"_id":"iconv-lite@0.2.8","dist":{"shasum":"8b9ebdc6c0751742951d67786f6fd5c09a9e0109","tarball":"https://registry.npmjs.org/iconv-lite/-/iconv-lite-0.2.8.tgz"},"_from":".","_npmVersion":"1.2.18","_npmUser":{"name":"ashtuchkin","email":"ashtuchkin@gmail.com"},"maintainers":[{"name":"ashtuchkin","email":"ashtuchkin@gmail.com"}],"directories":{}},"0.2.9":{"name":"iconv-lite","description":"Convert character encodings in pure javascript.","version":"0.2.9","license":"MIT","keywords":["iconv","convert","charset"],"author":{"name":"Alexander Shtuchkin","email":"ashtuchkin@gmail.com"},"contributors":[{"name":"Jinwu Zhan","url":"https://github.com/jenkinv"},{"name":"Adamansky Anton","url":"https://github.com/adamansky"},{"name":"George Stagas","url":"https://github.com/stagas"},{"name":"Mike D Pilsbury","url":"https://github.com/pekim"},{"name":"Niggler","url":"https://github.com/Niggler"},{"name":"wychi","url":"https://github.com/wychi"},{"name":"David Kuo","url":"https://github.com/david50407"},{"name":"ChangZhuo Chen","url":"https://github.com/czchen"},{"name":"Lee Treveil","url":"https://github.com/leetreveil"}],"main":"index.js","homepage":"https://github.com/ashtuchkin/iconv-lite","repository":{"type":"git","url":"git://github.com/ashtuchkin/iconv-lite.git"},"engines":{"node":">=0.4.0"},"scripts":{"test":"vows --spec"},"devDependencies":{"vows":"","iconv":">=1.1"},"bugs":{"url":"https://github.com/ashtuchkin/iconv-lite/issues"},"_id":"iconv-lite@0.2.9","dist":{"shasum":"5788ae876660ddb663ab68a45fef14922e16998e","tarball":"https://registry.npmjs.org/iconv-lite/-/iconv-lite-0.2.9.tgz"},"_from":".","_npmVersion":"1.2.21","_npmUser":{"name":"ashtuchkin","email":"ashtuchkin@gmail.com"},"maintainers":[{"name":"ashtuchkin","email":"ashtuchkin@gmail.com"}],"directories":{}},"0.2.10":{"name":"iconv-lite","description":"Convert character encodings in pure javascript.","version":"0.2.10","license":"MIT","keywords":["iconv","convert","charset"],"author":{"name":"Alexander Shtuchkin","email":"ashtuchkin@gmail.com"},"contributors":[{"name":"Jinwu Zhan","url":"https://github.com/jenkinv"},{"name":"Adamansky Anton","url":"https://github.com/adamansky"},{"name":"George Stagas","url":"https://github.com/stagas"},{"name":"Mike D Pilsbury","url":"https://github.com/pekim"},{"name":"Niggler","url":"https://github.com/Niggler"},{"name":"wychi","url":"https://github.com/wychi"},{"name":"David Kuo","url":"https://github.com/david50407"},{"name":"ChangZhuo Chen","url":"https://github.com/czchen"},{"name":"Lee Treveil","url":"https://github.com/leetreveil"}],"main":"index.js","homepage":"https://github.com/ashtuchkin/iconv-lite","repository":{"type":"git","url":"git://github.com/ashtuchkin/iconv-lite.git"},"engines":{"node":">=0.4.0"},"scripts":{"test":"vows --spec"},"devDependencies":{"vows":"","iconv":">=1.1"},"bugs":{"url":"https://github.com/ashtuchkin/iconv-lite/issues"},"_id":"iconv-lite@0.2.10","dist":{"shasum":"8839fa77a9e4325a51ca0f8bae6b0cbd490f5a92","tarball":"https://registry.npmjs.org/iconv-lite/-/iconv-lite-0.2.10.tgz"},"_from":".","_npmVersion":"1.2.23","_npmUser":{"name":"ashtuchkin","email":"ashtuchkin@gmail.com"},"maintainers":[{"name":"ashtuchkin","email":"ashtuchkin@gmail.com"}],"directories":{}},"0.2.11":{"name":"iconv-lite","description":"Convert character encodings in pure javascript.","version":"0.2.11","license":"MIT","keywords":["iconv","convert","charset"],"author":{"name":"Alexander Shtuchkin","email":"ashtuchkin@gmail.com"},"contributors":[{"name":"Jinwu Zhan","url":"https://github.com/jenkinv"},{"name":"Adamansky Anton","url":"https://github.com/adamansky"},{"name":"George Stagas","url":"https://github.com/stagas"},{"name":"Mike D Pilsbury","url":"https://github.com/pekim"},{"name":"Niggler","url":"https://github.com/Niggler"},{"name":"wychi","url":"https://github.com/wychi"},{"name":"David Kuo","url":"https://github.com/david50407"},{"name":"ChangZhuo Chen","url":"https://github.com/czchen"},{"name":"Lee Treveil","url":"https://github.com/leetreveil"},{"name":"Brian White","url":"https://github.com/mscdex"}],"main":"index.js","homepage":"https://github.com/ashtuchkin/iconv-lite","repository":{"type":"git","url":"git://github.com/ashtuchkin/iconv-lite.git"},"engines":{"node":">=0.4.0"},"scripts":{"test":"vows --spec"},"devDependencies":{"vows":"","iconv":">=1.1"},"bugs":{"url":"https://github.com/ashtuchkin/iconv-lite/issues"},"_id":"iconv-lite@0.2.11","dist":{"shasum":"1ce60a3a57864a292d1321ff4609ca4bb965adc8","tarball":"https://registry.npmjs.org/iconv-lite/-/iconv-lite-0.2.11.tgz"},"_from":".","_npmVersion":"1.3.2","_npmUser":{"name":"ashtuchkin","email":"ashtuchkin@gmail.com"},"maintainers":[{"name":"ashtuchkin","email":"ashtuchkin@gmail.com"}],"directories":{}},"0.4.0-pre":{"name":"iconv-lite","description":"Convert character encodings in pure javascript.","version":"0.4.0-pre","license":"MIT","keywords":["iconv","convert","charset","icu"],"author":{"name":"Alexander Shtuchkin","email":"ashtuchkin@gmail.com"},"contributors":[{"name":"Jinwu Zhan","url":"https://github.com/jenkinv"},{"name":"Adamansky Anton","url":"https://github.com/adamansky"},{"name":"George Stagas","url":"https://github.com/stagas"},{"name":"Mike D Pilsbury","url":"https://github.com/pekim"},{"name":"Niggler","url":"https://github.com/Niggler"},{"name":"wychi","url":"https://github.com/wychi"},{"name":"David Kuo","url":"https://github.com/david50407"},{"name":"ChangZhuo Chen","url":"https://github.com/czchen"},{"name":"Lee Treveil","url":"https://github.com/leetreveil"},{"name":"Brian White","url":"https://github.com/mscdex"}],"main":"index.js","homepage":"https://github.com/ashtuchkin/iconv-lite","bugs":{"url":"https://github.com/ashtuchkin/iconv-lite/issues"},"repository":{"type":"git","url":"git://github.com/ashtuchkin/iconv-lite.git"},"engines":{"node":">=0.8.0"},"scripts":{"test":"mocha --reporter spec --grep ."},"devDependencies":{"mocha":"*","request":"*","unorm":"*","errto":"*","async":"*","iconv":"2.x"},"_id":"iconv-lite@0.4.0-pre","dist":{"shasum":"8ef26bada5b13a311ab299fd53a8685686826c8a","tarball":"https://registry.npmjs.org/iconv-lite/-/iconv-lite-0.4.0-pre.tgz"},"_from":".","_npmVersion":"1.4.3","_npmUser":{"name":"ashtuchkin","email":"ashtuchkin@gmail.com"},"maintainers":[{"name":"ashtuchkin","email":"ashtuchkin@gmail.com"}],"directories":{}},"0.4.0-pre2":{"name":"iconv-lite","description":"Convert character encodings in pure javascript.","version":"0.4.0-pre2","license":"MIT","keywords":["iconv","convert","charset","icu"],"author":{"name":"Alexander Shtuchkin","email":"ashtuchkin@gmail.com"},"contributors":[{"name":"Jinwu Zhan","url":"https://github.com/jenkinv"},{"name":"Adamansky Anton","url":"https://github.com/adamansky"},{"name":"George Stagas","url":"https://github.com/stagas"},{"name":"Mike D Pilsbury","url":"https://github.com/pekim"},{"name":"Niggler","url":"https://github.com/Niggler"},{"name":"wychi","url":"https://github.com/wychi"},{"name":"David Kuo","url":"https://github.com/david50407"},{"name":"ChangZhuo Chen","url":"https://github.com/czchen"},{"name":"Lee Treveil","url":"https://github.com/leetreveil"},{"name":"Brian White","url":"https://github.com/mscdex"}],"main":"index.js","homepage":"https://github.com/ashtuchkin/iconv-lite","bugs":{"url":"https://github.com/ashtuchkin/iconv-lite/issues"},"repository":{"type":"git","url":"git://github.com/ashtuchkin/iconv-lite.git"},"engines":{"node":">=0.8.0"},"scripts":{"test":"mocha --reporter spec --grep ."},"devDependencies":{"mocha":"*","request":"*","unorm":"*","errto":"*","async":"*","iconv":"2.x"},"_id":"iconv-lite@0.4.0-pre2","dist":{"shasum":"be0ec485136c00984825c8de63b0e22f7e23193e","tarball":"https://registry.npmjs.org/iconv-lite/-/iconv-lite-0.4.0-pre2.tgz"},"_from":".","_npmVersion":"1.4.3","_npmUser":{"name":"ashtuchkin","email":"ashtuchkin@gmail.com"},"maintainers":[{"name":"ashtuchkin","email":"ashtuchkin@gmail.com"}],"directories":{}},"0.4.0-pre3":{"name":"iconv-lite","description":"Convert character encodings in pure javascript.","version":"0.4.0-pre3","license":"MIT","keywords":["iconv","convert","charset","icu"],"author":{"name":"Alexander Shtuchkin","email":"ashtuchkin@gmail.com"},"contributors":[{"name":"Jinwu Zhan","url":"https://github.com/jenkinv"},{"name":"Adamansky Anton","url":"https://github.com/adamansky"},{"name":"George Stagas","url":"https://github.com/stagas"},{"name":"Mike D Pilsbury","url":"https://github.com/pekim"},{"name":"Niggler","url":"https://github.com/Niggler"},{"name":"wychi","url":"https://github.com/wychi"},{"name":"David Kuo","url":"https://github.com/david50407"},{"name":"ChangZhuo Chen","url":"https://github.com/czchen"},{"name":"Lee Treveil","url":"https://github.com/leetreveil"},{"name":"Brian White","url":"https://github.com/mscdex"}],"main":"index.js","homepage":"https://github.com/ashtuchkin/iconv-lite","bugs":{"url":"https://github.com/ashtuchkin/iconv-lite/issues"},"repository":{"type":"git","url":"git://github.com/ashtuchkin/iconv-lite.git"},"engines":{"node":">=0.8.0"},"scripts":{"test":"mocha --reporter spec --grep ."},"devDependencies":{"mocha":"*","request":"*","unorm":"*","errto":"*","async":"*","iconv":"2.x"},"_id":"iconv-lite@0.4.0-pre3","dist":{"shasum":"bfbdb354cecc2f54d58addda32d62817da843f6a","tarball":"https://registry.npmjs.org/iconv-lite/-/iconv-lite-0.4.0-pre3.tgz"},"_from":".","_npmVersion":"1.4.3","_npmUser":{"name":"ashtuchkin","email":"ashtuchkin@gmail.com"},"maintainers":[{"name":"ashtuchkin","email":"ashtuchkin@gmail.com"}],"directories":{}},"0.4.0":{"name":"iconv-lite","description":"Convert character encodings in pure javascript.","version":"0.4.0","license":"MIT","keywords":["iconv","convert","charset","icu"],"author":{"name":"Alexander Shtuchkin","email":"ashtuchkin@gmail.com"},"contributors":[{"name":"Jinwu Zhan","url":"https://github.com/jenkinv"},{"name":"Adamansky Anton","url":"https://github.com/adamansky"},{"name":"George Stagas","url":"https://github.com/stagas"},{"name":"Mike D Pilsbury","url":"https://github.com/pekim"},{"name":"Niggler","url":"https://github.com/Niggler"},{"name":"wychi","url":"https://github.com/wychi"},{"name":"David Kuo","url":"https://github.com/david50407"},{"name":"ChangZhuo Chen","url":"https://github.com/czchen"},{"name":"Lee Treveil","url":"https://github.com/leetreveil"},{"name":"Brian White","url":"https://github.com/mscdex"}],"main":"./lib/index.js","homepage":"https://github.com/ashtuchkin/iconv-lite","bugs":{"url":"https://github.com/ashtuchkin/iconv-lite/issues"},"repository":{"type":"git","url":"git://github.com/ashtuchkin/iconv-lite.git"},"engines":{"node":">=0.8.0"},"scripts":{"test":"mocha --reporter spec --grep ."},"browser":{"./extend-node":false,"./streams":false},"devDependencies":{"mocha":"*","request":"*","unorm":"*","errto":"*","async":"*","iconv":"~2.1.4"},"_id":"iconv-lite@0.4.0","_shasum":"cc77430093c1298e35aba9e8fa38d09582fcdcb7","_from":".","_npmVersion":"1.4.9","_npmUser":{"name":"ashtuchkin","email":"ashtuchkin@gmail.com"},"maintainers":[{"name":"ashtuchkin","email":"ashtuchkin@gmail.com"}],"dist":{"shasum":"cc77430093c1298e35aba9e8fa38d09582fcdcb7","tarball":"https://registry.npmjs.org/iconv-lite/-/iconv-lite-0.4.0.tgz"},"directories":{}},"0.4.1":{"name":"iconv-lite","description":"Convert character encodings in pure javascript.","version":"0.4.1","license":"MIT","keywords":["iconv","convert","charset","icu"],"author":{"name":"Alexander Shtuchkin","email":"ashtuchkin@gmail.com"},"contributors":[{"name":"Jinwu Zhan","url":"https://github.com/jenkinv"},{"name":"Adamansky Anton","url":"https://github.com/adamansky"},{"name":"George Stagas","url":"https://github.com/stagas"},{"name":"Mike D Pilsbury","url":"https://github.com/pekim"},{"name":"Niggler","url":"https://github.com/Niggler"},{"name":"wychi","url":"https://github.com/wychi"},{"name":"David Kuo","url":"https://github.com/david50407"},{"name":"ChangZhuo Chen","url":"https://github.com/czchen"},{"name":"Lee Treveil","url":"https://github.com/leetreveil"},{"name":"Brian White","url":"https://github.com/mscdex"}],"main":"./lib/index.js","homepage":"https://github.com/ashtuchkin/iconv-lite","bugs":{"url":"https://github.com/ashtuchkin/iconv-lite/issues"},"repository":{"type":"git","url":"git://github.com/ashtuchkin/iconv-lite.git"},"engines":{"node":">=0.8.0"},"scripts":{"test":"mocha --reporter spec --grep ."},"browser":{"./extend-node":false,"./streams":false},"devDependencies":{"mocha":"*","request":"*","unorm":"*","errto":"*","async":"*","iconv":"~2.1.4"},"gitHead":"c61800cc51fb7496754f810c14b66b8e543d22b6","_id":"iconv-lite@0.4.1","_shasum":"c9d4621aafb06b67979b79676ca99ac4c0378b1a","_from":".","_npmVersion":"1.4.14","_npmUser":{"name":"ashtuchkin","email":"ashtuchkin@gmail.com"},"maintainers":[{"name":"ashtuchkin","email":"ashtuchkin@gmail.com"}],"dist":{"shasum":"c9d4621aafb06b67979b79676ca99ac4c0378b1a","tarball":"https://registry.npmjs.org/iconv-lite/-/iconv-lite-0.4.1.tgz"},"directories":{}},"0.4.2":{"name":"iconv-lite","description":"Convert character encodings in pure javascript.","version":"0.4.2","license":"MIT","keywords":["iconv","convert","charset","icu"],"author":{"name":"Alexander Shtuchkin","email":"ashtuchkin@gmail.com"},"contributors":[{"name":"Jinwu Zhan","url":"https://github.com/jenkinv"},{"name":"Adamansky Anton","url":"https://github.com/adamansky"},{"name":"George Stagas","url":"https://github.com/stagas"},{"name":"Mike D Pilsbury","url":"https://github.com/pekim"},{"name":"Niggler","url":"https://github.com/Niggler"},{"name":"wychi","url":"https://github.com/wychi"},{"name":"David Kuo","url":"https://github.com/david50407"},{"name":"ChangZhuo Chen","url":"https://github.com/czchen"},{"name":"Lee Treveil","url":"https://github.com/leetreveil"},{"name":"Brian White","url":"https://github.com/mscdex"},{"name":"Mithgol","url":"https://github.com/Mithgol"}],"main":"./lib/index.js","homepage":"https://github.com/ashtuchkin/iconv-lite","bugs":{"url":"https://github.com/ashtuchkin/iconv-lite/issues"},"repository":{"type":"git","url":"git://github.com/ashtuchkin/iconv-lite.git"},"engines":{"node":">=0.8.0"},"scripts":{"test":"mocha --reporter spec --grep ."},"browser":{"./extend-node":false,"./streams":false},"devDependencies":{"mocha":"*","request":"*","unorm":"*","errto":"*","async":"*","iconv":"~2.1.4"},"gitHead":"832e328447c1ea879c329e359a200b258942c2bc","_id":"iconv-lite@0.4.2","_shasum":"af57e14c2ccd8b27e945d7b4de071accd59f00bb","_from":".","_npmVersion":"1.4.14","_npmUser":{"name":"ashtuchkin","email":"ashtuchkin@gmail.com"},"maintainers":[{"name":"ashtuchkin","email":"ashtuchkin@gmail.com"}],"dist":{"shasum":"af57e14c2ccd8b27e945d7b4de071accd59f00bb","tarball":"https://registry.npmjs.org/iconv-lite/-/iconv-lite-0.4.2.tgz"},"directories":{}},"0.4.3":{"name":"iconv-lite","description":"Convert character encodings in pure javascript.","version":"0.4.3","license":"MIT","keywords":["iconv","convert","charset","icu"],"author":{"name":"Alexander Shtuchkin","email":"ashtuchkin@gmail.com"},"contributors":[{"name":"Jinwu Zhan","url":"https://github.com/jenkinv"},{"name":"Adamansky Anton","url":"https://github.com/adamansky"},{"name":"George Stagas","url":"https://github.com/stagas"},{"name":"Mike D Pilsbury","url":"https://github.com/pekim"},{"name":"Niggler","url":"https://github.com/Niggler"},{"name":"wychi","url":"https://github.com/wychi"},{"name":"David Kuo","url":"https://github.com/david50407"},{"name":"ChangZhuo Chen","url":"https://github.com/czchen"},{"name":"Lee Treveil","url":"https://github.com/leetreveil"},{"name":"Brian White","url":"https://github.com/mscdex"},{"name":"Mithgol","url":"https://github.com/Mithgol"}],"main":"./lib/index.js","homepage":"https://github.com/ashtuchkin/iconv-lite","bugs":{"url":"https://github.com/ashtuchkin/iconv-lite/issues"},"repository":{"type":"git","url":"git://github.com/ashtuchkin/iconv-lite.git"},"engines":{"node":">=0.8.0"},"scripts":{"test":"mocha --reporter spec --grep ."},"browser":{"./extend-node":false,"./streams":false},"devDependencies":{"mocha":"*","request":"*","unorm":"*","errto":"*","async":"*","iconv":"~2.1.4"},"gitHead":"42f4a837055c1277a73468ccaedb5f5eac31425d","_id":"iconv-lite@0.4.3","_shasum":"9e7887793b769cc695eb22d2546a4fd2d79b7a1e","_from":".","_npmVersion":"1.4.14","_npmUser":{"name":"ashtuchkin","email":"ashtuchkin@gmail.com"},"maintainers":[{"name":"ashtuchkin","email":"ashtuchkin@gmail.com"}],"dist":{"shasum":"9e7887793b769cc695eb22d2546a4fd2d79b7a1e","tarball":"https://registry.npmjs.org/iconv-lite/-/iconv-lite-0.4.3.tgz"},"directories":{}},"0.4.4":{"name":"iconv-lite","description":"Convert character encodings in pure javascript.","version":"0.4.4","license":"MIT","keywords":["iconv","convert","charset","icu"],"author":{"name":"Alexander Shtuchkin","email":"ashtuchkin@gmail.com"},"contributors":[{"name":"Jinwu Zhan","url":"https://github.com/jenkinv"},{"name":"Adamansky Anton","url":"https://github.com/adamansky"},{"name":"George Stagas","url":"https://github.com/stagas"},{"name":"Mike D Pilsbury","url":"https://github.com/pekim"},{"name":"Niggler","url":"https://github.com/Niggler"},{"name":"wychi","url":"https://github.com/wychi"},{"name":"David Kuo","url":"https://github.com/david50407"},{"name":"ChangZhuo Chen","url":"https://github.com/czchen"},{"name":"Lee Treveil","url":"https://github.com/leetreveil"},{"name":"Brian White","url":"https://github.com/mscdex"},{"name":"Mithgol","url":"https://github.com/Mithgol"}],"main":"./lib/index.js","homepage":"https://github.com/ashtuchkin/iconv-lite","bugs":{"url":"https://github.com/ashtuchkin/iconv-lite/issues"},"repository":{"type":"git","url":"git://github.com/ashtuchkin/iconv-lite.git"},"engines":{"node":">=0.8.0"},"scripts":{"test":"mocha --reporter spec --grep ."},"browser":{"./extend-node":false,"./streams":false},"devDependencies":{"mocha":"*","request":"*","unorm":"*","errto":"*","async":"*","iconv":"~2.1.4"},"gitHead":"9f0b0a7631d167322f47c2202aa3e5b090945131","_id":"iconv-lite@0.4.4","_shasum":"e95f2e41db0735fc21652f7827a5ee32e63c83a8","_from":".","_npmVersion":"1.4.14","_npmUser":{"name":"ashtuchkin","email":"ashtuchkin@gmail.com"},"maintainers":[{"name":"ashtuchkin","email":"ashtuchkin@gmail.com"}],"dist":{"shasum":"e95f2e41db0735fc21652f7827a5ee32e63c83a8","tarball":"https://registry.npmjs.org/iconv-lite/-/iconv-lite-0.4.4.tgz"},"directories":{}},"0.4.5":{"name":"iconv-lite","description":"Convert character encodings in pure javascript.","version":"0.4.5","license":"MIT","keywords":["iconv","convert","charset","icu"],"author":{"name":"Alexander Shtuchkin","email":"ashtuchkin@gmail.com"},"contributors":[{"name":"Jinwu Zhan","url":"https://github.com/jenkinv"},{"name":"Adamansky Anton","url":"https://github.com/adamansky"},{"name":"George Stagas","url":"https://github.com/stagas"},{"name":"Mike D Pilsbury","url":"https://github.com/pekim"},{"name":"Niggler","url":"https://github.com/Niggler"},{"name":"wychi","url":"https://github.com/wychi"},{"name":"David Kuo","url":"https://github.com/david50407"},{"name":"ChangZhuo Chen","url":"https://github.com/czchen"},{"name":"Lee Treveil","url":"https://github.com/leetreveil"},{"name":"Brian White","url":"https://github.com/mscdex"},{"name":"Mithgol","url":"https://github.com/Mithgol"},{"name":"Nazar Leush","url":"https://github.com/nleush"}],"main":"./lib/index.js","homepage":"https://github.com/ashtuchkin/iconv-lite","bugs":{"url":"https://github.com/ashtuchkin/iconv-lite/issues"},"repository":{"type":"git","url":"git://github.com/ashtuchkin/iconv-lite.git"},"engines":{"node":">=0.8.0"},"scripts":{"coverage":"istanbul cover _mocha -- --grep .","coverage-open":"open coverage/lcov-report/index.html","test":"mocha --reporter spec --grep ."},"browser":{"./extend-node":false,"./streams":false},"devDependencies":{"mocha":"*","request":"2.47","unorm":"*","errto":"*","async":"*","istanbul":"*","iconv":"~2.1.4"},"gitHead":"0654719791aa2c159bb3820f095b5da8702d091b","_id":"iconv-lite@0.4.5","_shasum":"9c574b70c30d615859f2064d2be4335ad6b1a8d6","_from":".","_npmVersion":"2.1.6","_nodeVersion":"0.10.33","_npmUser":{"name":"ashtuchkin","email":"ashtuchkin@gmail.com"},"maintainers":[{"name":"ashtuchkin","email":"ashtuchkin@gmail.com"}],"dist":{"shasum":"9c574b70c30d615859f2064d2be4335ad6b1a8d6","tarball":"https://registry.npmjs.org/iconv-lite/-/iconv-lite-0.4.5.tgz"},"directories":{}},"0.4.6":{"name":"iconv-lite","description":"Convert character encodings in pure javascript.","version":"0.4.6","license":"MIT","keywords":["iconv","convert","charset","icu"],"author":{"name":"Alexander Shtuchkin","email":"ashtuchkin@gmail.com"},"contributors":[{"name":"Jinwu Zhan","url":"https://github.com/jenkinv"},{"name":"Adamansky Anton","url":"https://github.com/adamansky"},{"name":"George Stagas","url":"https://github.com/stagas"},{"name":"Mike D Pilsbury","url":"https://github.com/pekim"},{"name":"Niggler","url":"https://github.com/Niggler"},{"name":"wychi","url":"https://github.com/wychi"},{"name":"David Kuo","url":"https://github.com/david50407"},{"name":"ChangZhuo Chen","url":"https://github.com/czchen"},{"name":"Lee Treveil","url":"https://github.com/leetreveil"},{"name":"Brian White","url":"https://github.com/mscdex"},{"name":"Mithgol","url":"https://github.com/Mithgol"},{"name":"Nazar Leush","url":"https://github.com/nleush"}],"main":"./lib/index.js","homepage":"https://github.com/ashtuchkin/iconv-lite","bugs":{"url":"https://github.com/ashtuchkin/iconv-lite/issues"},"repository":{"type":"git","url":"git://github.com/ashtuchkin/iconv-lite.git"},"engines":{"node":">=0.8.0"},"scripts":{"coverage":"istanbul cover _mocha -- --grep .","coverage-open":"open coverage/lcov-report/index.html","test":"mocha --reporter spec --grep ."},"browser":{"./extend-node":false,"./streams":false},"devDependencies":{"mocha":"*","request":"2.47","unorm":"*","errto":"*","async":"*","istanbul":"*","iconv":"~2.1.4"},"gitHead":"920dad2303f7c64d92e771ffd379688e0a0d6fc1","_id":"iconv-lite@0.4.6","_shasum":"e39c682610a791f3eedc27382ff49e263f91fa09","_from":".","_npmVersion":"2.1.6","_nodeVersion":"0.10.33","_npmUser":{"name":"ashtuchkin","email":"ashtuchkin@gmail.com"},"maintainers":[{"name":"ashtuchkin","email":"ashtuchkin@gmail.com"}],"dist":{"shasum":"e39c682610a791f3eedc27382ff49e263f91fa09","tarball":"https://registry.npmjs.org/iconv-lite/-/iconv-lite-0.4.6.tgz"},"directories":{}},"0.4.7":{"name":"iconv-lite","description":"Convert character encodings in pure javascript.","version":"0.4.7","license":"MIT","keywords":["iconv","convert","charset","icu"],"author":{"name":"Alexander Shtuchkin","email":"ashtuchkin@gmail.com"},"contributors":[{"name":"Jinwu Zhan","url":"https://github.com/jenkinv"},{"name":"Adamansky Anton","url":"https://github.com/adamansky"},{"name":"George Stagas","url":"https://github.com/stagas"},{"name":"Mike D Pilsbury","url":"https://github.com/pekim"},{"name":"Niggler","url":"https://github.com/Niggler"},{"name":"wychi","url":"https://github.com/wychi"},{"name":"David Kuo","url":"https://github.com/david50407"},{"name":"ChangZhuo Chen","url":"https://github.com/czchen"},{"name":"Lee Treveil","url":"https://github.com/leetreveil"},{"name":"Brian White","url":"https://github.com/mscdex"},{"name":"Mithgol","url":"https://github.com/Mithgol"},{"name":"Nazar Leush","url":"https://github.com/nleush"}],"main":"./lib/index.js","homepage":"https://github.com/ashtuchkin/iconv-lite","bugs":{"url":"https://github.com/ashtuchkin/iconv-lite/issues"},"repository":{"type":"git","url":"git://github.com/ashtuchkin/iconv-lite.git"},"engines":{"node":">=0.8.0"},"scripts":{"coverage":"istanbul cover _mocha -- --grep .","coverage-open":"open coverage/lcov-report/index.html","test":"mocha --reporter spec --grep ."},"browser":{"./extend-node":false,"./streams":false},"devDependencies":{"mocha":"*","request":"2.47","unorm":"*","errto":"*","async":"*","istanbul":"*","iconv":"2.1.4"},"gitHead":"820336d20d947159895c80daab55bac4261ff53c","_id":"iconv-lite@0.4.7","_shasum":"89d32fec821bf8597f44609b4bc09bed5c209a23","_from":".","_npmVersion":"2.1.6","_nodeVersion":"0.10.33","_npmUser":{"name":"ashtuchkin","email":"ashtuchkin@gmail.com"},"maintainers":[{"name":"ashtuchkin","email":"ashtuchkin@gmail.com"}],"dist":{"shasum":"89d32fec821bf8597f44609b4bc09bed5c209a23","tarball":"https://registry.npmjs.org/iconv-lite/-/iconv-lite-0.4.7.tgz"},"directories":{}},"0.4.8":{"name":"iconv-lite","description":"Convert character encodings in pure javascript.","version":"0.4.8","license":"MIT","keywords":["iconv","convert","charset","icu"],"author":{"name":"Alexander Shtuchkin","email":"ashtuchkin@gmail.com"},"contributors":[{"name":"Jinwu Zhan","url":"https://github.com/jenkinv"},{"name":"Adamansky Anton","url":"https://github.com/adamansky"},{"name":"George Stagas","url":"https://github.com/stagas"},{"name":"Mike D Pilsbury","url":"https://github.com/pekim"},{"name":"Niggler","url":"https://github.com/Niggler"},{"name":"wychi","url":"https://github.com/wychi"},{"name":"David Kuo","url":"https://github.com/david50407"},{"name":"ChangZhuo Chen","url":"https://github.com/czchen"},{"name":"Lee Treveil","url":"https://github.com/leetreveil"},{"name":"Brian White","url":"https://github.com/mscdex"},{"name":"Mithgol","url":"https://github.com/Mithgol"},{"name":"Nazar Leush","url":"https://github.com/nleush"}],"main":"./lib/index.js","homepage":"https://github.com/ashtuchkin/iconv-lite","bugs":{"url":"https://github.com/ashtuchkin/iconv-lite/issues"},"repository":{"type":"git","url":"git://github.com/ashtuchkin/iconv-lite.git"},"engines":{"node":">=0.8.0"},"scripts":{"coverage":"istanbul cover _mocha -- --grep .","coverage-open":"open coverage/lcov-report/index.html","test":"mocha --reporter spec --grep ."},"browser":{"./extend-node":false,"./streams":false},"devDependencies":{"mocha":"*","request":"2.47","unorm":"*","errto":"*","async":"*","istanbul":"*","iconv":"2.1.4"},"gitHead":"3dc7d0cb0e223b29634ecb7bff46910c8107ab3d","_id":"iconv-lite@0.4.8","_shasum":"c6019a7595f2cefca702eab694a010bcd9298d20","_from":".","_npmVersion":"2.7.4","_nodeVersion":"0.12.2","_npmUser":{"name":"ashtuchkin","email":"ashtuchkin@gmail.com"},"maintainers":[{"name":"ashtuchkin","email":"ashtuchkin@gmail.com"}],"dist":{"shasum":"c6019a7595f2cefca702eab694a010bcd9298d20","tarball":"https://registry.npmjs.org/iconv-lite/-/iconv-lite-0.4.8.tgz"},"directories":{}},"0.4.9":{"name":"iconv-lite","description":"Convert character encodings in pure javascript.","version":"0.4.9","license":"MIT","keywords":["iconv","convert","charset","icu"],"author":{"name":"Alexander Shtuchkin","email":"ashtuchkin@gmail.com"},"contributors":[{"name":"Jinwu Zhan","url":"https://github.com/jenkinv"},{"name":"Adamansky Anton","url":"https://github.com/adamansky"},{"name":"George Stagas","url":"https://github.com/stagas"},{"name":"Mike D Pilsbury","url":"https://github.com/pekim"},{"name":"Niggler","url":"https://github.com/Niggler"},{"name":"wychi","url":"https://github.com/wychi"},{"name":"David Kuo","url":"https://github.com/david50407"},{"name":"ChangZhuo Chen","url":"https://github.com/czchen"},{"name":"Lee Treveil","url":"https://github.com/leetreveil"},{"name":"Brian White","url":"https://github.com/mscdex"},{"name":"Mithgol","url":"https://github.com/Mithgol"},{"name":"Nazar Leush","url":"https://github.com/nleush"}],"main":"./lib/index.js","homepage":"https://github.com/ashtuchkin/iconv-lite","bugs":{"url":"https://github.com/ashtuchkin/iconv-lite/issues"},"repository":{"type":"git","url":"git://github.com/ashtuchkin/iconv-lite.git"},"engines":{"node":">=0.8.0"},"scripts":{"coverage":"istanbul cover _mocha -- --grep .","coverage-open":"open coverage/lcov-report/index.html","test":"mocha --reporter spec --grep ."},"browser":{"./extend-node":false,"./streams":false},"devDependencies":{"mocha":"*","request":"2.47","unorm":"*","errto":"*","async":"*","istanbul":"*","iconv":"2.1"},"gitHead":"a9a123e22074cb4d8e0392ae037b0e348df1559a","_id":"iconv-lite@0.4.9","_shasum":"4d8b3c7f596c558ce95b4bd4562c874010a7df3e","_from":".","_npmVersion":"2.10.1","_nodeVersion":"0.12.4","_npmUser":{"name":"ashtuchkin","email":"ashtuchkin@gmail.com"},"maintainers":[{"name":"ashtuchkin","email":"ashtuchkin@gmail.com"}],"dist":{"shasum":"4d8b3c7f596c558ce95b4bd4562c874010a7df3e","tarball":"https://registry.npmjs.org/iconv-lite/-/iconv-lite-0.4.9.tgz"},"directories":{}},"0.4.10":{"name":"iconv-lite","description":"Convert character encodings in pure javascript.","version":"0.4.10","license":"MIT","keywords":["iconv","convert","charset","icu"],"author":{"name":"Alexander Shtuchkin","email":"ashtuchkin@gmail.com"},"contributors":[{"name":"Jinwu Zhan","url":"https://github.com/jenkinv"},{"name":"Adamansky Anton","url":"https://github.com/adamansky"},{"name":"George Stagas","url":"https://github.com/stagas"},{"name":"Mike D Pilsbury","url":"https://github.com/pekim"},{"name":"Niggler","url":"https://github.com/Niggler"},{"name":"wychi","url":"https://github.com/wychi"},{"name":"David Kuo","url":"https://github.com/david50407"},{"name":"ChangZhuo Chen","url":"https://github.com/czchen"},{"name":"Lee Treveil","url":"https://github.com/leetreveil"},{"name":"Brian White","url":"https://github.com/mscdex"},{"name":"Mithgol","url":"https://github.com/Mithgol"},{"name":"Nazar Leush","url":"https://github.com/nleush"}],"main":"./lib/index.js","homepage":"https://github.com/ashtuchkin/iconv-lite","bugs":{"url":"https://github.com/ashtuchkin/iconv-lite/issues"},"repository":{"type":"git","url":"git://github.com/ashtuchkin/iconv-lite.git"},"engines":{"node":">=0.8.0"},"scripts":{"coverage":"istanbul cover _mocha -- --grep .","coverage-open":"open coverage/lcov-report/index.html","test":"mocha --reporter spec --grep ."},"browser":{"./extend-node":false,"./streams":false},"devDependencies":{"mocha":"*","request":"2.47","unorm":"*","errto":"*","async":"*","istanbul":"*","iconv":"2.1"},"gitHead":"e8af2b49035abbe4fabe826925764bc20f8587c6","_id":"iconv-lite@0.4.10","_shasum":"4f1a2562efd36d41c54d45c59999b590951796de","_from":".","_npmVersion":"2.10.1","_nodeVersion":"0.12.4","_npmUser":{"name":"ashtuchkin","email":"ashtuchkin@gmail.com"},"maintainers":[{"name":"ashtuchkin","email":"ashtuchkin@gmail.com"}],"dist":{"shasum":"4f1a2562efd36d41c54d45c59999b590951796de","tarball":"https://registry.npmjs.org/iconv-lite/-/iconv-lite-0.4.10.tgz"},"directories":{}},"0.4.11":{"name":"iconv-lite","description":"Convert character encodings in pure javascript.","version":"0.4.11","license":"MIT","keywords":["iconv","convert","charset","icu"],"author":{"name":"Alexander Shtuchkin","email":"ashtuchkin@gmail.com"},"contributors":[{"name":"Jinwu Zhan","url":"https://github.com/jenkinv"},{"name":"Adamansky Anton","url":"https://github.com/adamansky"},{"name":"George Stagas","url":"https://github.com/stagas"},{"name":"Mike D Pilsbury","url":"https://github.com/pekim"},{"name":"Niggler","url":"https://github.com/Niggler"},{"name":"wychi","url":"https://github.com/wychi"},{"name":"David Kuo","url":"https://github.com/david50407"},{"name":"ChangZhuo Chen","url":"https://github.com/czchen"},{"name":"Lee Treveil","url":"https://github.com/leetreveil"},{"name":"Brian White","url":"https://github.com/mscdex"},{"name":"Mithgol","url":"https://github.com/Mithgol"},{"name":"Nazar Leush","url":"https://github.com/nleush"}],"main":"./lib/index.js","homepage":"https://github.com/ashtuchkin/iconv-lite","bugs":{"url":"https://github.com/ashtuchkin/iconv-lite/issues"},"repository":{"type":"git","url":"git://github.com/ashtuchkin/iconv-lite.git"},"engines":{"node":">=0.8.0"},"scripts":{"coverage":"istanbul cover _mocha -- --grep .","coverage-open":"open coverage/lcov-report/index.html","test":"mocha --reporter spec --grep ."},"browser":{"./extend-node":false,"./streams":false},"devDependencies":{"mocha":"*","request":"2.47","unorm":"*","errto":"*","async":"*","istanbul":"*","iconv":"2.1"},"gitHead":"e285b7c31eb0406cf5a8e3e09bc16fbd2786360f","_id":"iconv-lite@0.4.11","_shasum":"2ecb42fd294744922209a2e7c404dac8793d8ade","_from":".","_npmVersion":"2.10.1","_nodeVersion":"0.12.4","_npmUser":{"name":"ashtuchkin","email":"ashtuchkin@gmail.com"},"maintainers":[{"name":"ashtuchkin","email":"ashtuchkin@gmail.com"}],"dist":{"shasum":"2ecb42fd294744922209a2e7c404dac8793d8ade","tarball":"https://registry.npmjs.org/iconv-lite/-/iconv-lite-0.4.11.tgz"},"directories":{}},"0.4.12":{"name":"iconv-lite","description":"Convert character encodings in pure javascript.","version":"0.4.12","license":"MIT","keywords":["iconv","convert","charset","icu"],"author":{"name":"Alexander Shtuchkin","email":"ashtuchkin@gmail.com"},"contributors":[{"name":"Jinwu Zhan","url":"https://github.com/jenkinv"},{"name":"Adamansky Anton","url":"https://github.com/adamansky"},{"name":"George Stagas","url":"https://github.com/stagas"},{"name":"Mike D Pilsbury","url":"https://github.com/pekim"},{"name":"Niggler","url":"https://github.com/Niggler"},{"name":"wychi","url":"https://github.com/wychi"},{"name":"David Kuo","url":"https://github.com/david50407"},{"name":"ChangZhuo Chen","url":"https://github.com/czchen"},{"name":"Lee Treveil","url":"https://github.com/leetreveil"},{"name":"Brian White","url":"https://github.com/mscdex"},{"name":"Mithgol","url":"https://github.com/Mithgol"},{"name":"Nazar Leush","url":"https://github.com/nleush"}],"main":"./lib/index.js","homepage":"https://github.com/ashtuchkin/iconv-lite","bugs":{"url":"https://github.com/ashtuchkin/iconv-lite/issues"},"repository":{"type":"git","url":"git://github.com/ashtuchkin/iconv-lite.git"},"engines":{"node":">=0.8.0"},"scripts":{"coverage":"istanbul cover _mocha -- --grep .","coverage-open":"open coverage/lcov-report/index.html","test":"mocha --reporter spec --grep ."},"browser":{"./extend-node":false,"./streams":false},"devDependencies":{"mocha":"*","request":"2.47","unorm":"*","errto":"*","async":"*","istanbul":"*","iconv":"2.1"},"gitHead":"5f5f71492e287c9c7231009103ddf9e8884df62d","_id":"iconv-lite@0.4.12","_shasum":"ef4bb2cb28f406d3c05fc89feea4504624b5ac87","_from":".","_npmVersion":"2.14.4","_nodeVersion":"4.1.1","_npmUser":{"name":"ashtuchkin","email":"ashtuchkin@gmail.com"},"maintainers":[{"name":"ashtuchkin","email":"ashtuchkin@gmail.com"}],"dist":{"shasum":"ef4bb2cb28f406d3c05fc89feea4504624b5ac87","tarball":"https://registry.npmjs.org/iconv-lite/-/iconv-lite-0.4.12.tgz"},"directories":{}},"0.4.13":{"name":"iconv-lite","description":"Convert character encodings in pure javascript.","version":"0.4.13","license":"MIT","keywords":["iconv","convert","charset","icu"],"author":{"name":"Alexander Shtuchkin","email":"ashtuchkin@gmail.com"},"contributors":[{"name":"Jinwu Zhan","url":"https://github.com/jenkinv"},{"name":"Adamansky Anton","url":"https://github.com/adamansky"},{"name":"George Stagas","url":"https://github.com/stagas"},{"name":"Mike D Pilsbury","url":"https://github.com/pekim"},{"name":"Niggler","url":"https://github.com/Niggler"},{"name":"wychi","url":"https://github.com/wychi"},{"name":"David Kuo","url":"https://github.com/david50407"},{"name":"ChangZhuo Chen","url":"https://github.com/czchen"},{"name":"Lee Treveil","url":"https://github.com/leetreveil"},{"name":"Brian White","url":"https://github.com/mscdex"},{"name":"Mithgol","url":"https://github.com/Mithgol"},{"name":"Nazar Leush","url":"https://github.com/nleush"}],"main":"./lib/index.js","homepage":"https://github.com/ashtuchkin/iconv-lite","bugs":{"url":"https://github.com/ashtuchkin/iconv-lite/issues"},"repository":{"type":"git","url":"git://github.com/ashtuchkin/iconv-lite.git"},"engines":{"node":">=0.8.0"},"scripts":{"coverage":"istanbul cover _mocha -- --grep .","coverage-open":"open coverage/lcov-report/index.html","test":"mocha --reporter spec --grep ."},"browser":{"./extend-node":false,"./streams":false},"devDependencies":{"mocha":"*","request":"2.47","unorm":"*","errto":"*","async":"*","istanbul":"*","iconv":"2.1"},"gitHead":"f5ec51b1e7dd1477a3570824960641eebdc5fbc6","_id":"iconv-lite@0.4.13","_shasum":"1f88aba4ab0b1508e8312acc39345f36e992e2f2","_from":".","_npmVersion":"2.14.4","_nodeVersion":"4.1.1","_npmUser":{"name":"ashtuchkin","email":"ashtuchkin@gmail.com"},"maintainers":[{"name":"ashtuchkin","email":"ashtuchkin@gmail.com"}],"dist":{"shasum":"1f88aba4ab0b1508e8312acc39345f36e992e2f2","tarball":"https://registry.npmjs.org/iconv-lite/-/iconv-lite-0.4.13.tgz"},"directories":{}},"0.4.14":{"name":"iconv-lite","description":"Convert character encodings in pure javascript.","version":"0.4.14","license":"MIT","keywords":["iconv","convert","charset","icu"],"author":{"name":"Alexander Shtuchkin","email":"ashtuchkin@gmail.com"},"contributors":[{"name":"Jinwu Zhan","url":"https://github.com/jenkinv"},{"name":"Adamansky Anton","url":"https://github.com/adamansky"},{"name":"George Stagas","url":"https://github.com/stagas"},{"name":"Mike D Pilsbury","url":"https://github.com/pekim"},{"name":"Niggler","url":"https://github.com/Niggler"},{"name":"wychi","url":"https://github.com/wychi"},{"name":"David Kuo","url":"https://github.com/david50407"},{"name":"ChangZhuo Chen","url":"https://github.com/czchen"},{"name":"Lee Treveil","url":"https://github.com/leetreveil"},{"name":"Brian White","url":"https://github.com/mscdex"},{"name":"Mithgol","url":"https://github.com/Mithgol"},{"name":"Nazar Leush","url":"https://github.com/nleush"}],"main":"./lib/index.js","typings":"./lib/index.d.ts","homepage":"https://github.com/ashtuchkin/iconv-lite","bugs":{"url":"https://github.com/ashtuchkin/iconv-lite/issues"},"repository":{"type":"git","url":"git://github.com/ashtuchkin/iconv-lite.git"},"engines":{"node":">=0.10.0"},"scripts":{"coverage":"istanbul cover _mocha -- --grep .","coverage-open":"open coverage/lcov-report/index.html","test":"mocha --reporter spec --grep ."},"browser":{"./extend-node":false,"./streams":false},"devDependencies":{"mocha":"*","request":"*","unorm":"*","errto":"*","async":"*","istanbul":"*","iconv":"*"},"gitHead":"65beacd34d084bbc72ecc260f1ae4470a051cc51","_id":"iconv-lite@0.4.14","_shasum":"0c4b78106835ecce149ffc7f1b588a9f23bf28e3","_from":".","_npmVersion":"3.10.3","_nodeVersion":"6.5.0","_npmUser":{"name":"ashtuchkin","email":"ashtuchkin@gmail.com"},"maintainers":[{"name":"ashtuchkin","email":"ashtuchkin@gmail.com"}],"dist":{"shasum":"0c4b78106835ecce149ffc7f1b588a9f23bf28e3","tarball":"https://registry.npmjs.org/iconv-lite/-/iconv-lite-0.4.14.tgz"},"_npmOperationalInternal":{"host":"packages-18-east.internal.npmjs.com","tmp":"tmp/iconv-lite-0.4.14.tgz_1479707686517_0.8387471821624786"},"directories":{}},"0.4.15":{"name":"iconv-lite","description":"Convert character encodings in pure javascript.","version":"0.4.15","license":"MIT","keywords":["iconv","convert","charset","icu"],"author":{"name":"Alexander Shtuchkin","email":"ashtuchkin@gmail.com"},"contributors":[{"name":"Jinwu Zhan","url":"https://github.com/jenkinv"},{"name":"Adamansky Anton","url":"https://github.com/adamansky"},{"name":"George Stagas","url":"https://github.com/stagas"},{"name":"Mike D Pilsbury","url":"https://github.com/pekim"},{"name":"Niggler","url":"https://github.com/Niggler"},{"name":"wychi","url":"https://github.com/wychi"},{"name":"David Kuo","url":"https://github.com/david50407"},{"name":"ChangZhuo Chen","url":"https://github.com/czchen"},{"name":"Lee Treveil","url":"https://github.com/leetreveil"},{"name":"Brian White","url":"https://github.com/mscdex"},{"name":"Mithgol","url":"https://github.com/Mithgol"},{"name":"Nazar Leush","url":"https://github.com/nleush"}],"main":"./lib/index.js","typings":"./lib/index.d.ts","homepage":"https://github.com/ashtuchkin/iconv-lite","bugs":{"url":"https://github.com/ashtuchkin/iconv-lite/issues"},"repository":{"type":"git","url":"git://github.com/ashtuchkin/iconv-lite.git"},"engines":{"node":">=0.10.0"},"scripts":{"coverage":"istanbul cover _mocha -- --grep .","coverage-open":"open coverage/lcov-report/index.html","test":"mocha --reporter spec --grep ."},"browser":{"./extend-node":false,"./streams":false},"devDependencies":{"mocha":"*","request":"*","unorm":"*","errto":"*","async":"*","istanbul":"*","iconv":"*"},"gitHead":"c3bcedcd6a5025c25e39ed1782347acaed1d290f","_id":"iconv-lite@0.4.15","_shasum":"fe265a218ac6a57cfe854927e9d04c19825eddeb","_from":".","_npmVersion":"2.15.9","_nodeVersion":"7.0.0","_npmUser":{"name":"ashtuchkin","email":"ashtuchkin@gmail.com"},"dist":{"shasum":"fe265a218ac6a57cfe854927e9d04c19825eddeb","tarball":"https://registry.npmjs.org/iconv-lite/-/iconv-lite-0.4.15.tgz"},"maintainers":[{"name":"ashtuchkin","email":"ashtuchkin@gmail.com"}],"_npmOperationalInternal":{"host":"packages-18-east.internal.npmjs.com","tmp":"tmp/iconv-lite-0.4.15.tgz_1479754977280_0.752664492232725"},"directories":{}},"0.4.16":{"name":"iconv-lite","description":"Convert character encodings in pure javascript.","version":"0.4.16","license":"MIT","keywords":["iconv","convert","charset","icu"],"author":{"name":"Alexander Shtuchkin","email":"ashtuchkin@gmail.com"},"contributors":[{"name":"Jinwu Zhan","url":"https://github.com/jenkinv"},{"name":"Adamansky Anton","url":"https://github.com/adamansky"},{"name":"George Stagas","url":"https://github.com/stagas"},{"name":"Mike D Pilsbury","url":"https://github.com/pekim"},{"name":"Niggler","url":"https://github.com/Niggler"},{"name":"wychi","url":"https://github.com/wychi"},{"name":"David Kuo","url":"https://github.com/david50407"},{"name":"ChangZhuo Chen","url":"https://github.com/czchen"},{"name":"Lee Treveil","url":"https://github.com/leetreveil"},{"name":"Brian White","url":"https://github.com/mscdex"},{"name":"Mithgol","url":"https://github.com/Mithgol"},{"name":"Nazar Leush","url":"https://github.com/nleush"}],"main":"./lib/index.js","typings":"./lib/index.d.ts","homepage":"https://github.com/ashtuchkin/iconv-lite","bugs":{"url":"https://github.com/ashtuchkin/iconv-lite/issues"},"repository":{"type":"git","url":"git://github.com/ashtuchkin/iconv-lite.git"},"engines":{"node":">=0.10.0"},"scripts":{"coverage":"istanbul cover _mocha -- --grep .","coverage-open":"open coverage/lcov-report/index.html","test":"mocha --reporter spec --grep ."},"browser":{"./extend-node":false,"./streams":false},"devDependencies":{"mocha":"*","request":"*","unorm":"*","errto":"*","async":"*","istanbul":"*","semver":"*","iconv":"*"},"gitHead":"bf0acd95103de6fd624d10b65abaf6e91753c4c8","_id":"iconv-lite@0.4.16","_shasum":"65de3beeb39e2960d67f049f1634ffcbcde9014b","_from":".","_npmVersion":"3.10.10","_nodeVersion":"6.10.2","_npmUser":{"name":"ashtuchkin","email":"ashtuchkin@gmail.com"},"dist":{"shasum":"65de3beeb39e2960d67f049f1634ffcbcde9014b","tarball":"https://registry.npmjs.org/iconv-lite/-/iconv-lite-0.4.16.tgz"},"maintainers":[{"name":"ashtuchkin","email":"ashtuchkin@gmail.com"}],"_npmOperationalInternal":{"host":"packages-12-west.internal.npmjs.com","tmp":"tmp/iconv-lite-0.4.16.tgz_1492901339391_0.7763116010464728"},"directories":{}},"0.4.17":{"name":"iconv-lite","description":"Convert character encodings in pure javascript.","version":"0.4.17","license":"MIT","keywords":["iconv","convert","charset","icu"],"author":{"name":"Alexander Shtuchkin","email":"ashtuchkin@gmail.com"},"contributors":[{"name":"Jinwu Zhan","url":"https://github.com/jenkinv"},{"name":"Adamansky Anton","url":"https://github.com/adamansky"},{"name":"George Stagas","url":"https://github.com/stagas"},{"name":"Mike D Pilsbury","url":"https://github.com/pekim"},{"name":"Niggler","url":"https://github.com/Niggler"},{"name":"wychi","url":"https://github.com/wychi"},{"name":"David Kuo","url":"https://github.com/david50407"},{"name":"ChangZhuo Chen","url":"https://github.com/czchen"},{"name":"Lee Treveil","url":"https://github.com/leetreveil"},{"name":"Brian White","url":"https://github.com/mscdex"},{"name":"Mithgol","url":"https://github.com/Mithgol"},{"name":"Nazar Leush","url":"https://github.com/nleush"}],"main":"./lib/index.js","typings":"./lib/index.d.ts","homepage":"https://github.com/ashtuchkin/iconv-lite","bugs":{"url":"https://github.com/ashtuchkin/iconv-lite/issues"},"repository":{"type":"git","url":"git://github.com/ashtuchkin/iconv-lite.git"},"engines":{"node":">=0.10.0"},"scripts":{"coverage":"istanbul cover _mocha -- --grep .","coverage-open":"open coverage/lcov-report/index.html","test":"mocha --reporter spec --grep ."},"browser":{"./extend-node":false,"./streams":false},"devDependencies":{"mocha":"*","request":"*","unorm":"*","errto":"*","async":"*","istanbul":"*","semver":"*","iconv":"*"},"gitHead":"64d1e3d7403bbb5414966de83d325419e7ea14e2","_id":"iconv-lite@0.4.17","_shasum":"4fdaa3b38acbc2c031b045d0edcdfe1ecab18c8d","_from":".","_npmVersion":"3.10.10","_nodeVersion":"6.10.2","_npmUser":{"name":"ashtuchkin","email":"ashtuchkin@gmail.com"},"dist":{"shasum":"4fdaa3b38acbc2c031b045d0edcdfe1ecab18c8d","tarball":"https://registry.npmjs.org/iconv-lite/-/iconv-lite-0.4.17.tgz"},"maintainers":[{"name":"ashtuchkin","email":"ashtuchkin@gmail.com"}],"_npmOperationalInternal":{"host":"packages-12-west.internal.npmjs.com","tmp":"tmp/iconv-lite-0.4.17.tgz_1493615411939_0.8651245310902596"},"directories":{}}},"readme":"## Pure JS character encoding conversion [![Build Status](https://travis-ci.org/ashtuchkin/iconv-lite.svg?branch=master)](https://travis-ci.org/ashtuchkin/iconv-lite)\n\n * Doesn't need native code compilation. Works on Windows and in sandboxed environments like [Cloud9](http://c9.io).\n * Used in popular projects like [Express.js (body_parser)](https://github.com/expressjs/body-parser), \n   [Grunt](http://gruntjs.com/), [Nodemailer](http://www.nodemailer.com/), [Yeoman](http://yeoman.io/) and others.\n * Faster than [node-iconv](https://github.com/bnoordhuis/node-iconv) (see below for performance comparison).\n * Intuitive encode/decode API\n * Streaming support for Node v0.10+\n * [Deprecated] Can extend Node.js primitives (buffers, streams) to support all iconv-lite encodings.\n * In-browser usage via [Browserify](https://github.com/substack/node-browserify) (~180k gzip compressed with Buffer shim included).\n * Typescript [type definition file](https://github.com/ashtuchkin/iconv-lite/blob/master/lib/index.d.ts) included.\n * React Native is supported (need to explicitly `npm install` two more modules: `buffer` and `stream`).\n * License: MIT.\n\n[![NPM Stats](https://nodei.co/npm/iconv-lite.png?downloads=true&downloadRank=true)](https://npmjs.org/packages/iconv-lite/)\n\n## Usage\n### Basic API\n```javascript\nvar iconv = require('iconv-lite');\n\n// Convert from an encoded buffer to js string.\nstr = iconv.decode(new Buffer([0x68, 0x65, 0x6c, 0x6c, 0x6f]), 'win1251');\n\n// Convert from js string to an encoded buffer.\nbuf = iconv.encode(\"Sample input string\", 'win1251');\n\n// Check if encoding is supported\niconv.encodingExists(\"us-ascii\")\n```\n\n### Streaming API (Node v0.10+)\n```javascript\n\n// Decode stream (from binary stream to js strings)\nhttp.createServer(function(req, res) {\n    var converterStream = iconv.decodeStream('win1251');\n    req.pipe(converterStream);\n\n    converterStream.on('data', function(str) {\n        console.log(str); // Do something with decoded strings, chunk-by-chunk.\n    });\n});\n\n// Convert encoding streaming example\nfs.createReadStream('file-in-win1251.txt')\n    .pipe(iconv.decodeStream('win1251'))\n    .pipe(iconv.encodeStream('ucs2'))\n    .pipe(fs.createWriteStream('file-in-ucs2.txt'));\n\n// Sugar: all encode/decode streams have .collect(cb) method to accumulate data.\nhttp.createServer(function(req, res) {\n    req.pipe(iconv.decodeStream('win1251')).collect(function(err, body) {\n        assert(typeof body == 'string');\n        console.log(body); // full request body string\n    });\n});\n```\n\n### [Deprecated] Extend Node.js own encodings\n> NOTE: This doesn't work on latest Node versions. See [details](https://github.com/ashtuchkin/iconv-lite/wiki/Node-v4-compatibility).\n\n```javascript\n// After this call all Node basic primitives will understand iconv-lite encodings.\niconv.extendNodeEncodings();\n\n// Examples:\nbuf = new Buffer(str, 'win1251');\nbuf.write(str, 'gbk');\nstr = buf.toString('latin1');\nassert(Buffer.isEncoding('iso-8859-15'));\nBuffer.byteLength(str, 'us-ascii');\n\nhttp.createServer(function(req, res) {\n    req.setEncoding('big5');\n    req.collect(function(err, body) {\n        console.log(body);\n    });\n});\n\nfs.createReadStream(\"file.txt\", \"shift_jis\");\n\n// External modules are also supported (if they use Node primitives, which they probably do).\nrequest = require('request');\nrequest({\n    url: \"http://github.com/\", \n    encoding: \"cp932\"\n});\n\n// To remove extensions\niconv.undoExtendNodeEncodings();\n```\n\n## Supported encodings\n\n *  All node.js native encodings: utf8, ucs2 / utf16-le, ascii, binary, base64, hex.\n *  Additional unicode encodings: utf16, utf16-be, utf-7, utf-7-imap.\n *  All widespread singlebyte encodings: Windows 125x family, ISO-8859 family, \n    IBM/DOS codepages, Macintosh family, KOI8 family, all others supported by iconv library. \n    Aliases like 'latin1', 'us-ascii' also supported.\n *  All widespread multibyte encodings: CP932, CP936, CP949, CP950, GB2312, GBK, GB18030, Big5, Shift_JIS, EUC-JP.\n\nSee [all supported encodings on wiki](https://github.com/ashtuchkin/iconv-lite/wiki/Supported-Encodings).\n\nMost singlebyte encodings are generated automatically from [node-iconv](https://github.com/bnoordhuis/node-iconv). Thank you Ben Noordhuis and libiconv authors!\n\nMultibyte encodings are generated from [Unicode.org mappings](http://www.unicode.org/Public/MAPPINGS/) and [WHATWG Encoding Standard mappings](http://encoding.spec.whatwg.org/). Thank you, respective authors!\n\n\n## Encoding/decoding speed\n\nComparison with node-iconv module (1000x256kb, on MacBook Pro, Core i5/2.6 GHz, Node v0.12.0). \nNote: your results may vary, so please always check on your hardware.\n\n    operation             iconv@2.1.4   iconv-lite@0.4.7\n    ----------------------------------------------------------\n    encode('win1251')     ~96 Mb/s      ~320 Mb/s\n    decode('win1251')     ~95 Mb/s      ~246 Mb/s\n\n## BOM handling\n\n * Decoding: BOM is stripped by default, unless overridden by passing `stripBOM: false` in options\n   (f.ex. `iconv.decode(buf, enc, {stripBOM: false})`).\n   A callback might also be given as a `stripBOM` parameter - it'll be called if BOM character was actually found.\n * If you want to detect UTF-8 BOM when decoding other encodings, use [node-autodetect-decoder-stream](https://github.com/danielgindi/node-autodetect-decoder-stream) module.\n * Encoding: No BOM added, unless overridden by `addBOM: true` option.\n\n## UTF-16 Encodings\n\nThis library supports UTF-16LE, UTF-16BE and UTF-16 encodings. First two are straightforward, but UTF-16 is trying to be\nsmart about endianness in the following ways:\n * Decoding: uses BOM and 'spaces heuristic' to determine input endianness. Default is UTF-16LE, but can be \n   overridden with `defaultEncoding: 'utf-16be'` option. Strips BOM unless `stripBOM: false`.\n * Encoding: uses UTF-16LE and writes BOM by default. Use `addBOM: false` to override.\n\n## Other notes\n\nWhen decoding, be sure to supply a Buffer to decode() method, otherwise [bad things usually happen](https://github.com/ashtuchkin/iconv-lite/wiki/Use-Buffers-when-decoding).  \nUntranslatable characters are set to � or ?. No transliteration is currently supported.  \nNode versions 0.10.31 and 0.11.13 are buggy, don't use them (see #65, #77).  \n\n## Testing\n\n```bash\n$ git clone git@github.com:ashtuchkin/iconv-lite.git\n$ cd iconv-lite\n$ npm install\n$ npm test\n    \n$ # To view performance:\n$ node test/performance.js\n\n$ # To view test coverage:\n$ npm run coverage\n$ open coverage/lcov-report/index.html\n```\n\n## Adoption\n[![NPM](https://nodei.co/npm-dl/iconv-lite.png)](https://nodei.co/npm/iconv-lite/)\n[![Codeship Status for ashtuchkin/iconv-lite](https://www.codeship.com/projects/81670840-fa72-0131-4520-4a01a6c01acc/status)](https://www.codeship.com/projects/29053)\n","maintainers":[{"name":"ashtuchkin","email":"ashtuchkin@gmail.com"}],"time":{"modified":"2017-05-30T11:59:21.902Z","created":"2011-11-09T17:51:01.242Z","0.1.0":"2011-11-09T17:51:05.090Z","0.1.1":"2011-11-23T12:55:22.201Z","0.1.2":"2012-03-09T18:49:04.510Z","0.1.3":"2012-05-06T10:06:54.542Z","0.1.4":"2012-05-06T11:24:01.572Z","0.2.0":"2012-05-07T17:43:01.137Z","0.2.1":"2012-06-29T14:49:19.424Z","0.2.3":"2012-07-13T14:07:06.630Z","0.2.4":"2012-08-24T21:10:48.490Z","0.2.5":"2012-08-26T02:55:50.688Z","0.2.6":"2012-11-20T07:39:43.417Z","0.2.7":"2012-12-05T06:40:33.383Z","0.2.8":"2013-04-16T20:41:10.178Z","0.2.9":"2013-05-19T23:16:51.894Z","0.2.10":"2013-05-27T03:33:58.336Z","0.2.11":"2013-07-15T01:23:17.021Z","0.4.0-pre":"2014-04-25T21:50:56.999Z","0.4.0-pre2":"2014-04-26T02:35:46.872Z","0.4.0-pre3":"2014-04-28T10:27:26.683Z","0.4.0":"2014-06-11T03:06:17.844Z","0.4.1":"2014-06-12T04:58:44.366Z","0.4.2":"2014-06-12T23:55:05.316Z","0.4.3":"2014-06-15T04:57:36.477Z","0.4.4":"2014-07-17T04:53:40.014Z","0.4.5":"2014-11-20T10:38:59.501Z","0.4.6":"2015-01-12T14:46:50.603Z","0.4.7":"2015-02-06T07:41:29.590Z","0.4.8":"2015-04-14T17:46:59.824Z","0.4.9":"2015-05-24T12:47:29.122Z","0.4.10":"2015-05-27T06:18:34.272Z","0.4.11":"2015-07-03T21:29:49.475Z","0.4.12":"2015-09-26T21:17:50.923Z","0.4.13":"2015-10-02T04:10:55.543Z","0.4.14":"2016-11-21T05:54:48.478Z","0.4.15":"2016-11-21T19:02:59.113Z","0.4.16":"2017-04-22T22:48:59.698Z","0.4.17":"2017-05-01T05:10:12.243Z"},"author":{"name":"Alexander Shtuchkin","email":"ashtuchkin@gmail.com"},"repository":{"type":"git","url":"git://github.com/ashtuchkin/iconv-lite.git"},"users":{"326060588":true,"pekim":true,"leesei":true,"pana":true,"timur.shemsedinov":true,"derektu":true,"redmed":true,"serdar2nc":true,"croplio":true,"kahboom":true,"boustanihani":true,"rentalname":true,"louxiaojian":true,"masaaki":true,"magemagic":true,"cshao":true,"samhou1988":true,"alanshaw":true,"novo":true,"hrmoller":true,"52u":true,"moimikey":true,"staraple":true,"itonyyo":true,"programmingpearls":true,"luhuan":true,"h0ward":true,"leonning":true,"lokismax":true,"mikend":true,"shacoxss":true,"chrisyipw":true,"luobotang":true,"krot47":true,"jackchi1981":true,"po":true,"cassln":true,"dongxu":true,"igor.gudymenko":true,"antanst":true,"byrdkm17":true,"demopark":true,"lijinghust":true,"xinwangwang":true,"modao":true,"rianma":true,"vtocco":true,"jasonwang1888":true,"runjinz":true,"scrd":true,"tongjieme":true,"dahe":true,"diegoperini":true,"tigefa":true,"lianhr12":true,"wangnan0610":true,"marsking":true,"manikantag":true,"monolithed":true,"nuer":true,"vjudge":true,"huigezong":true,"mojaray2k":true,"monjer":true,"cliffyan":true,"seangenabe":true,"lonjoy":true,"nice_body":true,"4rlekin":true,"ninozhang":true,"evdokimovm":true,"jaxcode":true,"chaoliu":true,"0936zz":true,"heineiuo":true,"binginsist":true,"junyiz":true,"xueboren":true,"grabantot":true},"homepage":"https://github.com/ashtuchkin/iconv-lite","keywords":["iconv","convert","charset","icu"],"contributors":[{"name":"Jinwu Zhan","url":"https://github.com/jenkinv"},{"name":"Adamansky Anton","url":"https://github.com/adamansky"},{"name":"George Stagas","url":"https://github.com/stagas"},{"name":"Mike D Pilsbury","url":"https://github.com/pekim"},{"name":"Niggler","url":"https://github.com/Niggler"},{"name":"wychi","url":"https://github.com/wychi"},{"name":"David Kuo","url":"https://github.com/david50407"},{"name":"ChangZhuo Chen","url":"https://github.com/czchen"},{"name":"Lee Treveil","url":"https://github.com/leetreveil"},{"name":"Brian White","url":"https://github.com/mscdex"},{"name":"Mithgol","url":"https://github.com/Mithgol"},{"name":"Nazar Leush","url":"https://github.com/nleush"}],"bugs":{"url":"https://github.com/ashtuchkin/iconv-lite/issues"},"license":"MIT","readmeFilename":"README.md","_attachments":{},"_etag":"W/\"592d5e99-10f43\"","_lastModified":"Tue, 30 May 2017 11:59:21 GMT","_cached":true}