{"_id":"log-symbols","_rev":"29-26755af5925b4c111f2265061a46bfff","name":"log-symbols","description":"Colored symbols for various log levels. Example: ✔︎ success","dist-tags":{"latest":"1.0.2"},"versions":{"1.0.0":{"name":"log-symbols","version":"1.0.0","description":"Colored symbols for various log levels. Example: ✔︎ success","license":"MIT","repository":{"type":"git","url":"git://github.com/sindresorhus/log-symbols"},"author":{"name":"Sindre Sorhus","email":"sindresorhus@gmail.com","url":"http://sindresorhus.com"},"engines":{"node":">=0.10.0"},"scripts":{"test":"node test.js"},"files":["index.js"],"keywords":["unicode","cli","cmd","command-line","characters","char","symbol","symbols","figure","figures","fallback","win","windows","log","logging","terminal","stdout"],"dependencies":{"chalk":"^0.5.1"},"devDependencies":{"ava":"0.0.3"},"bugs":{"url":"https://github.com/sindresorhus/log-symbols/issues"},"homepage":"https://github.com/sindresorhus/log-symbols","_id":"log-symbols@1.0.0","_shasum":"150dad5afd4800a74de564200ad7a734e0e8660f","_from":".","_npmVersion":"1.4.9","_npmUser":{"name":"sindresorhus","email":"sindresorhus@gmail.com"},"maintainers":[{"name":"sindresorhus","email":"sindresorhus@gmail.com"}],"dist":{"shasum":"150dad5afd4800a74de564200ad7a734e0e8660f","tarball":"https://registry.npmjs.org/log-symbols/-/log-symbols-1.0.0.tgz"},"directories":{}},"1.0.1":{"name":"log-symbols","version":"1.0.1","description":"Colored symbols for various log levels. Example: ✔︎ success","license":"MIT","repository":{"type":"git","url":"https://github.com/sindresorhus/log-symbols"},"author":{"name":"Sindre Sorhus","email":"sindresorhus@gmail.com","url":"http://sindresorhus.com"},"engines":{"node":">=0.10.0"},"scripts":{"test":"node test.js"},"files":["index.js"],"keywords":["unicode","cli","cmd","command-line","characters","char","symbol","symbols","figure","figures","fallback","win","windows","log","logging","terminal","stdout"],"dependencies":{"chalk":"^0.5.1"},"devDependencies":{"ava":"0.0.3"},"gitHead":"4df95a6ac075d1e847a387527e726ea88c2e53be","bugs":{"url":"https://github.com/sindresorhus/log-symbols/issues"},"homepage":"https://github.com/sindresorhus/log-symbols","_id":"log-symbols@1.0.1","_shasum":"38e09b991a389585ee77186dc94a0333ab5ed727","_from":".","_npmVersion":"2.0.0","_npmUser":{"name":"sindresorhus","email":"sindresorhus@gmail.com"},"maintainers":[{"name":"sindresorhus","email":"sindresorhus@gmail.com"}],"dist":{"shasum":"38e09b991a389585ee77186dc94a0333ab5ed727","tarball":"https://registry.npmjs.org/log-symbols/-/log-symbols-1.0.1.tgz"},"directories":{}},"1.0.2":{"name":"log-symbols","version":"1.0.2","description":"Colored symbols for various log levels. Example: ✔︎ success","license":"MIT","repository":{"type":"git","url":"https://github.com/sindresorhus/log-symbols"},"author":{"name":"Sindre Sorhus","email":"sindresorhus@gmail.com","url":"http://sindresorhus.com"},"engines":{"node":">=0.10.0"},"scripts":{"test":"node test.js"},"files":["index.js"],"keywords":["unicode","cli","cmd","command-line","characters","char","symbol","symbols","figure","figures","fallback","win","windows","log","logging","terminal","stdout"],"dependencies":{"chalk":"^1.0.0"},"devDependencies":{"ava":"0.0.4"},"gitHead":"ffcc995a1d4efc91ceed3e536fecccc8dc517c76","bugs":{"url":"https://github.com/sindresorhus/log-symbols/issues"},"homepage":"https://github.com/sindresorhus/log-symbols","_id":"log-symbols@1.0.2","_shasum":"376ff7b58ea3086a0f09facc74617eca501e1a18","_from":".","_npmVersion":"2.5.1","_nodeVersion":"0.12.0","_npmUser":{"name":"sindresorhus","email":"sindresorhus@gmail.com"},"maintainers":[{"name":"sindresorhus","email":"sindresorhus@gmail.com"}],"dist":{"shasum":"376ff7b58ea3086a0f09facc74617eca501e1a18","tarball":"https://registry.npmjs.org/log-symbols/-/log-symbols-1.0.2.tgz"},"directories":{}}},"readme":"# log-symbols [![Build Status](https://travis-ci.org/sindresorhus/log-symbols.svg?branch=master)](https://travis-ci.org/sindresorhus/log-symbols)\n\n> Colored symbols for various log levels\n\nIncludes fallbacks for Windows CMD which only supports a [limited character set](http://en.wikipedia.org/wiki/Code_page_437).\n\n![](screenshot.png)\n\n\n## Install\n\n```sh\n$ npm install --save log-symbols\n```\n\n\n## Usage\n\n```js\nvar logSymbols = require('log-symbols');\n\nconsole.log(logSymbols.success, 'finished successfully!');\n// On real OSes:  ✔ finished successfully!\n// On Windows:    √ finished successfully!\n```\n\n## API\n\n### logSymbols\n\n#### info\n#### success\n#### warning\n#### error\n\n\n## License\n\nMIT © [Sindre Sorhus](http://sindresorhus.com)\n","maintainers":[{"name":"sindresorhus","email":"sindresorhus@gmail.com"}],"time":{"modified":"2017-06-05T15:04:31.455Z","created":"2014-07-10T00:55:11.397Z","1.0.0":"2014-07-10T00:55:11.397Z","1.0.1":"2014-09-24T09:33:36.184Z","1.0.2":"2015-02-24T08:57:54.293Z"},"homepage":"https://github.com/sindresorhus/log-symbols","keywords":["unicode","cli","cmd","command-line","characters","char","symbol","symbols","figure","figures","fallback","win","windows","log","logging","terminal","stdout"],"repository":{"type":"git","url":"https://github.com/sindresorhus/log-symbols"},"author":{"name":"Sindre Sorhus","email":"sindresorhus@gmail.com","url":"http://sindresorhus.com"},"bugs":{"url":"https://github.com/sindresorhus/log-symbols/issues"},"license":"MIT","readmeFilename":"readme.md","users":{"imagdy":true,"kikobeats":true,"rmlewisuk":true,"pedroparra":true,"brandonpapworth":true,"phoenix-xsy":true,"battlemidget":true,"igz":true,"gochomugo":true,"jtbrinkmann":true,"ahme-t":true,"gor0n":true,"passcod":true,"ahmed-dinar":true,"blacksun1":true,"esenor":true,"dosevader":true,"ealen":true,"wickie":true,"coolhanddev":true,"rocket0191":true,"ognjen.jevremovic":true,"sprying":true},"_attachments":{},"_etag":"W/\"593572ff-16ec\"","_lastModified":"Mon, 05 Jun 2017 15:04:31 GMT","_cached":true}