{"_id":"semver","_rev":"1994536","name":"semver","description":"The semantic version parser used by npm.","dist-tags":{"alpha":"2.0.0-alpha","beta":"2.0.0-beta","latest":"5.3.0","v4-rc":"4.0.0"},"maintainers":[{"name":"isaacs","email":"i@izs.me"},{"name":"othiym23","email":"ogd@aoaioxxysz.net"}],"time":{"modified":"2017-03-27T10:03:02.000Z","created":"2011-02-12T00:20:26.037Z","5.3.0":"2016-07-14T16:52:47.104Z","5.2.0":"2016-06-28T18:00:41.679Z","5.1.1":"2016-06-23T18:00:51.598Z","5.1.0":"2015-11-18T23:18:02.918Z","5.0.3":"2015-09-11T20:27:31.563Z","5.0.2":"2015-09-11T17:09:40.057Z","5.0.1":"2015-07-13T20:02:27.516Z","5.0.0":"2015-07-11T17:29:40.652Z","4.3.6":"2015-06-01T04:16:22.945Z","4.3.5":"2015-05-29T22:25:40.918Z","4.3.4":"2015-05-05T04:26:05.035Z","4.3.3":"2015-03-27T16:56:24.729Z","4.3.2":"2015-03-27T01:26:08.892Z","4.3.1":"2015-02-24T19:49:50.416Z","4.3.0":"2015-02-12T20:08:38.236Z","4.2.2":"2015-02-10T06:46:44.370Z","4.2.1":"2015-02-10T06:44:26.265Z","4.2.0":"2014-12-23T09:42:46.263Z","4.1.1":"2014-12-19T12:57:14.981Z","4.1.0":"2014-10-16T00:55:35.923Z","4.0.3":"2014-10-01T00:18:37.208Z","4.0.2":"2014-09-30T23:55:26.916Z","4.0.0":"2014-09-11T22:36:27.208Z","3.0.1":"2014-07-24T17:24:36.175Z","3.0.0":"2014-07-23T21:14:29.806Z","2.3.2":"2014-07-22T19:24:50.090Z","2.3.1":"2014-06-18T22:48:16.706Z","2.3.0":"2014-05-07T01:15:02.092Z","2.2.1":"2013-10-28T18:18:10.005Z","2.2.0":"2013-10-25T20:02:44.049Z","2.1.0":"2013-08-01T23:52:31.371Z","2.0.11":"2013-07-24T03:23:19.907Z","2.0.10":"2013-07-09T22:39:16.895Z","2.0.9":"2013-07-06T03:45:40.578Z","2.0.8":"2013-06-24T22:12:37.887Z","2.0.7":"2013-06-20T18:57:03.281Z","2.0.6":"2013-06-20T18:41:20.343Z","2.0.5":"2013-06-20T15:42:04.599Z","2.0.4":"2013-06-20T15:33:20.522Z","2.0.3":"2013-06-20T15:15:33.034Z","2.0.2":"2013-06-20T15:05:58.554Z","2.0.1":"2013-06-20T04:42:51.354Z","2.0.0-beta":"2013-06-18T00:01:26.679Z","2.0.0-alpha":"2013-06-15T03:29:33.540Z","1.1.4":"2013-03-01T18:14:56.811Z","1.1.3":"2013-02-06T15:42:39.566Z","1.1.2":"2013-01-06T16:25:56.424Z","1.1.1":"2012-11-29T00:46:21.597Z","1.1.0":"2012-10-02T17:02:34.309Z","1.0.14":"2012-05-27T00:47:32.831Z","1.0.13":"2011-12-21T17:07:14.144Z","1.0.12":"2011-11-18T19:04:02.511Z","1.0.11":"2011-11-15T16:40:04.239Z","1.0.10":"2011-10-04T01:51:37.206Z","1.0.9":"2011-07-20T21:38:13.081Z","1.0.8":"2011-06-27T21:58:51.266Z","1.0.7":"2011-06-17T16:26:07.324Z","1.0.6":"2011-05-21T00:09:47.724Z","1.0.5":"2011-05-03T23:11:54.939Z","1.0.4":"2011-04-21T07:32:11.512Z","1.0.3":"2011-04-19T23:29:13.670Z","1.0.2":"2011-03-22T21:27:35.218Z","1.0.1":"2011-02-18T17:15:49.775Z","1.0.0":"2011-02-12T00:20:26.037Z"},"users":{"285858315":true,"substack":true,"fgribreau":true,"clux":true,"glukki":true,"bryanburgers":true,"maxmaximov":true,"pid":true,"tigefa":true,"mpcref":true,"thomblake":true,"afc163":true,"gabeio":true,"jimnox":true,"kahboom":true,"josephdavisco":true,"ambdxtrch":true,"pragmadash":true,"alnafie":true,"battlemidget":true,"hkbarton":true,"fourq":true,"chrisyipw":true,"kelerliao":true,"qlqllu":true,"ryanj":true,"womjoy":true,"kaiquewdev":true,"pstoev":true,"louxiaojian":true,"akiva":true,"sametsisartenep":true,"marco.jahn":true,"kemitchell":true,"pnevares":true,"52u":true,"simplyianm":true,"yashprit":true,"anhulife":true,"itonyyo":true,"chriscalo":true,"nwinant":true,"brandonpapworth":true,"niccai":true,"garrickajo":true,"karlbateman":true,"kontrax":true,"deepanchor":true,"aaron":true,"glab":true,"isaacvitor":true,"galenandrew":true,"nalindak":true,"yokubee":true,"joaocunha":true,"wangnan0610":true,"cb1kenobi":true,"antanst":true,"irnnr":true,"wkaifang":true,"guananddu":true,"amobiz":true,"a3.ivanenko":true,"eserozvataf":true,"guria":true,"redmonkeydf":true,"highlanderkev":true,"tobiasnickel":true,"plusman":true,"shaomingquan":true,"brend":true,"glider":true,"nickeltobias":true,"knalli":true,"roman-io":true,"bcoe":true,"nice_body":true,"aa403210842":true,"spanser":true,"9joneg":true,"adrianorosa":true,"princetoad":true,"xinwangwang":true,"moonavw":true,"jtrh":true,"paulsmirnov":true,"toby_reynold":true,"arttse":true,"mysticatea":true,"sopepos":true,"nettee":true,"pragmader":true,"akarem":true,"i-erokhin":true,"dyc5828":true,"lichenhao":true,"tdreitz":true,"yanrivera":true,"ahmed-dinar":true,"penglu":true,"lijinghust":true,"mojaray2k":true,"ferchoriverar":true,"petersun":true,"davidnyhuis":true,"lgh06":true,"nanxing":true,"edwingeng":true,"largepuma":true,"shangsinian":true,"anoubis":true,"franksansc":true,"yuch4n":true,"giussa_dan":true,"etan22":true,"rochejul":true,"suemcnab":true,"lachriz":true,"panlw":true,"seniv":true,"xueboren":true,"shuoshubao":true,"dekatron":true,"xfloops":true,"stone_breaker":true,"daizch":true,"danielbankhead":true,"domjtalbot":true,"modood":true,"noitidart":true,"wuwenbin":true,"sibawite":true,"asaupup":true,"heartnett":true},"repository":{"type":"git","url":"git+https://github.com/npm/node-semver.git"},"versions":{"5.3.0":{"name":"semver","version":"5.3.0","description":"The semantic version parser used by npm.","main":"semver.js","scripts":{"test":"tap test/*.js"},"devDependencies":{"tap":"^2.0.0"},"license":"ISC","repository":{"type":"git","url":"git+https://github.com/npm/node-semver.git"},"bin":{"semver":"./bin/semver"},"files":["bin","range.bnf","semver.js"],"gitHead":"d21444a0658224b152ce54965d02dbe0856afb84","bugs":{"url":"https://github.com/npm/node-semver/issues"},"homepage":"https://github.com/npm/node-semver#readme","_id":"semver@5.3.0","_shasum":"9b2ce5d3de02d17c6012ad326aa6b4d0cf54f94f","_from":".","_npmVersion":"3.10.6","_nodeVersion":"4.4.4","_npmUser":{"name":"isaacs","email":"i@izs.me"},"dist":{"shasum":"9b2ce5d3de02d17c6012ad326aa6b4d0cf54f94f","size":15094,"noattachment":false,"tarball":"http://registry.npm.taobao.org/semver/download/semver-5.3.0.tgz"},"maintainers":[{"name":"isaacs","email":"i@izs.me"},{"name":"othiym23","email":"ogd@aoaioxxysz.net"}],"_npmOperationalInternal":{"host":"packages-12-west.internal.npmjs.com","tmp":"tmp/semver-5.3.0.tgz_1468515166602_0.9155273644719273"},"directories":{},"publish_time":1468515167104,"_cnpm_publish_time":1468515167104,"_hasShrinkwrap":false},"5.2.0":{"name":"semver","version":"5.2.0","description":"The semantic version parser used by npm.","main":"semver.js","scripts":{"test":"tap test/*.js"},"devDependencies":{"tap":"^2.0.0"},"license":"ISC","repository":{"type":"git","url":"git+https://github.com/npm/node-semver.git"},"bin":{"semver":"./bin/semver"},"files":["bin","range.bnf","semver.js"],"gitHead":"f7fef36765c53ebe237bf415c3ea002f24aa5621","bugs":{"url":"https://github.com/npm/node-semver/issues"},"homepage":"https://github.com/npm/node-semver#readme","_id":"semver@5.2.0","_shasum":"281995b80c1448209415ddbc4cf50c269cef55c5","_from":".","_npmVersion":"3.10.2","_nodeVersion":"4.4.4","_npmUser":{"name":"isaacs","email":"i@izs.me"},"dist":{"shasum":"281995b80c1448209415ddbc4cf50c269cef55c5","size":15038,"noattachment":false,"tarball":"http://registry.npm.taobao.org/semver/download/semver-5.2.0.tgz"},"maintainers":[{"name":"isaacs","email":"i@izs.me"},{"name":"othiym23","email":"ogd@aoaioxxysz.net"}],"_npmOperationalInternal":{"host":"packages-12-west.internal.npmjs.com","tmp":"tmp/semver-5.2.0.tgz_1467136841238_0.2250258030835539"},"directories":{},"publish_time":1467136841679,"_cnpm_publish_time":1467136841679,"_hasShrinkwrap":false},"5.1.1":{"name":"semver","version":"5.1.1","description":"The semantic version parser used by npm.","main":"semver.js","scripts":{"test":"tap test/*.js"},"devDependencies":{"tap":"^2.0.0"},"license":"ISC","repository":{"type":"git","url":"git+https://github.com/npm/node-semver.git"},"bin":{"semver":"./bin/semver"},"gitHead":"ad1d3658a1b5749c38b9d21280c629f4fa2fee54","bugs":{"url":"https://github.com/npm/node-semver/issues"},"homepage":"https://github.com/npm/node-semver#readme","_id":"semver@5.1.1","_shasum":"a3292a373e6f3e0798da0b20641b9a9c5bc47e19","_from":".","_npmVersion":"3.10.2","_nodeVersion":"4.4.4","_npmUser":{"name":"isaacs","email":"i@izs.me"},"dist":{"shasum":"a3292a373e6f3e0798da0b20641b9a9c5bc47e19","size":20751,"noattachment":false,"tarball":"http://registry.npm.taobao.org/semver/download/semver-5.1.1.tgz"},"maintainers":[{"name":"isaacs","email":"i@izs.me"},{"name":"othiym23","email":"ogd@aoaioxxysz.net"}],"_npmOperationalInternal":{"host":"packages-12-west.internal.npmjs.com","tmp":"tmp/semver-5.1.1.tgz_1466704850953_0.017174890032038093"},"directories":{},"publish_time":1466704851598,"_cnpm_publish_time":1466704851598,"_hasShrinkwrap":false},"5.1.0":{"name":"semver","version":"5.1.0","description":"The semantic version parser used by npm.","main":"semver.js","scripts":{"test":"tap test/*.js"},"devDependencies":{"tap":"^2.0.0"},"license":"ISC","repository":{"type":"git","url":"git+https://github.com/npm/node-semver.git"},"bin":{"semver":"./bin/semver"},"gitHead":"8e33a30e62e40e4983d1c5f55e794331b861aadc","bugs":{"url":"https://github.com/npm/node-semver/issues"},"homepage":"https://github.com/npm/node-semver#readme","_id":"semver@5.1.0","_shasum":"85f2cf8550465c4df000cf7d86f6b054106ab9e5","_from":".","_npmVersion":"3.3.2","_nodeVersion":"4.0.0","_npmUser":{"name":"isaacs","email":"i@izs.me"},"dist":{"shasum":"85f2cf8550465c4df000cf7d86f6b054106ab9e5","size":20618,"noattachment":false,"tarball":"http://registry.npm.taobao.org/semver/download/semver-5.1.0.tgz"},"maintainers":[{"name":"isaacs","email":"i@izs.me"},{"name":"othiym23","email":"ogd@aoaioxxysz.net"}],"directories":{},"publish_time":1447888682918,"_cnpm_publish_time":1447888682918,"_hasShrinkwrap":false},"5.0.3":{"name":"semver","version":"5.0.3","description":"The semantic version parser used by npm.","main":"semver.js","scripts":{"test":"tap test/*.js"},"devDependencies":{"tap":"^1.3.4"},"license":"ISC","repository":{"type":"git","url":"git+https://github.com/npm/node-semver.git"},"bin":{"semver":"./bin/semver"},"gitHead":"5f89ecbe78145ad0b501cf6279f602a23c89738d","bugs":{"url":"https://github.com/npm/node-semver/issues"},"homepage":"https://github.com/npm/node-semver#readme","_id":"semver@5.0.3","_shasum":"77466de589cd5d3c95f138aa78bc569a3cb5d27a","_from":".","_npmVersion":"3.3.2","_nodeVersion":"4.0.0","_npmUser":{"name":"isaacs","email":"isaacs@npmjs.com"},"dist":{"shasum":"77466de589cd5d3c95f138aa78bc569a3cb5d27a","size":20185,"noattachment":false,"tarball":"http://registry.npm.taobao.org/semver/download/semver-5.0.3.tgz"},"maintainers":[{"name":"isaacs","email":"i@izs.me"},{"name":"othiym23","email":"ogd@aoaioxxysz.net"}],"directories":{},"publish_time":1442003251563,"_cnpm_publish_time":1442003251563,"_hasShrinkwrap":false},"5.0.2":{"name":"semver","version":"5.0.2","description":"The semantic version parser used by npm.","main":"semver.js","scripts":{"test":"tap test/*.js"},"devDependencies":{"tap":"^1.2.0","uglify-js":"~2.3.6"},"license":"ISC","repository":{"type":"git","url":"git+https://github.com/npm/node-semver.git"},"bin":{"semver":"./bin/semver"},"gitHead":"df967e1ad6251d0433b0398a93756142a423a528","bugs":{"url":"https://github.com/npm/node-semver/issues"},"homepage":"https://github.com/npm/node-semver#readme","_id":"semver@5.0.2","_shasum":"19041bd286619344116c60bcc011a3a4cb4a14ef","_from":".","_npmVersion":"3.3.2","_nodeVersion":"4.0.0","_npmUser":{"name":"isaacs","email":"isaacs@npmjs.com"},"dist":{"shasum":"19041bd286619344116c60bcc011a3a4cb4a14ef","size":20089,"noattachment":false,"tarball":"http://registry.npm.taobao.org/semver/download/semver-5.0.2.tgz"},"maintainers":[{"name":"isaacs","email":"i@izs.me"},{"name":"othiym23","email":"ogd@aoaioxxysz.net"}],"directories":{},"publish_time":1441991380057,"_cnpm_publish_time":1441991380057,"_hasShrinkwrap":false},"5.0.1":{"name":"semver","version":"5.0.1","description":"The semantic version parser used by npm.","main":"semver.js","scripts":{"test":"tap test/*.js"},"devDependencies":{"tap":"^1.2.0","uglify-js":"~2.3.6"},"license":"ISC","repository":{"type":"git","url":"git+https://github.com/npm/node-semver.git"},"bin":{"semver":"./bin/semver"},"gitHead":"3408896f115cdb241684fb81f85abb0d2ecc27e9","bugs":{"url":"https://github.com/npm/node-semver/issues"},"homepage":"https://github.com/npm/node-semver#readme","_id":"semver@5.0.1","_shasum":"9fb3f4004f900d83c47968fe42f7583e05832cc9","_from":".","_npmVersion":"3.1.0","_nodeVersion":"2.2.1","_npmUser":{"name":"isaacs","email":"isaacs@npmjs.com"},"dist":{"shasum":"9fb3f4004f900d83c47968fe42f7583e05832cc9","size":20083,"noattachment":false,"tarball":"http://registry.npm.taobao.org/semver/download/semver-5.0.1.tgz"},"maintainers":[{"name":"isaacs","email":"i@izs.me"},{"name":"othiym23","email":"ogd@aoaioxxysz.net"}],"directories":{},"publish_time":1436817747516,"_cnpm_publish_time":1436817747516,"_hasShrinkwrap":false},"5.0.0":{"name":"semver","version":"5.0.0","description":"The semantic version parser used by npm.","main":"semver.js","scripts":{"test":"tap test/*.js"},"devDependencies":{"tap":"^1.2.0","uglify-js":"~2.3.6"},"license":"ISC","repository":{"type":"git","url":"git+https://github.com/npm/node-semver.git"},"bin":{"semver":"./bin/semver"},"gitHead":"01ac00c45efa423894b2da5b043ce6190c96ae96","bugs":{"url":"https://github.com/npm/node-semver/issues"},"homepage":"https://github.com/npm/node-semver#readme","_id":"semver@5.0.0","_shasum":"f96fd0f81ea71ec131aceac26725cef2a255dc01","_from":".","_npmVersion":"3.1.0","_nodeVersion":"2.2.1","_npmUser":{"name":"isaacs","email":"isaacs@npmjs.com"},"dist":{"shasum":"f96fd0f81ea71ec131aceac26725cef2a255dc01","size":43239,"noattachment":false,"tarball":"http://registry.npm.taobao.org/semver/download/semver-5.0.0.tgz"},"maintainers":[{"name":"isaacs","email":"i@izs.me"},{"name":"othiym23","email":"ogd@aoaioxxysz.net"}],"directories":{},"publish_time":1436635780652,"_cnpm_publish_time":1436635780652,"_hasShrinkwrap":false},"4.3.6":{"name":"semver","version":"4.3.6","description":"The semantic version parser used by npm.","main":"semver.js","browser":"semver.browser.js","min":"semver.min.js","scripts":{"test":"tap test/*.js","prepublish":"make"},"devDependencies":{"tap":"^1.2.0","uglify-js":"~2.3.6"},"license":"ISC","repository":{"type":"git","url":"git://github.com/npm/node-semver.git"},"bin":{"semver":"./bin/semver"},"gitHead":"63c48296ca5da3ba6a88c743bb8c92effc789811","bugs":{"url":"https://github.com/npm/node-semver/issues"},"homepage":"https://github.com/npm/node-semver#readme","_id":"semver@4.3.6","_shasum":"300bc6e0e86374f7ba61068b5b1ecd57fc6532da","_from":".","_npmVersion":"2.10.1","_nodeVersion":"2.0.1","_npmUser":{"name":"isaacs","email":"isaacs@npmjs.com"},"dist":{"shasum":"300bc6e0e86374f7ba61068b5b1ecd57fc6532da","size":45480,"noattachment":false,"tarball":"http://registry.npm.taobao.org/semver/download/semver-4.3.6.tgz"},"maintainers":[{"name":"isaacs","email":"i@izs.me"},{"name":"othiym23","email":"ogd@aoaioxxysz.net"}],"directories":{},"publish_time":1433132182945,"_cnpm_publish_time":1433132182945,"_hasShrinkwrap":false},"4.3.5":{"name":"semver","version":"4.3.5","description":"The semantic version parser used by npm.","main":"semver.js","browser":"semver.browser.js","min":"semver.min.js","scripts":{"test":"tap test/*.js","prepublish":"make"},"devDependencies":{"tap":"^1.2.0","uglify-js":"~2.3.6"},"license":"ISC","repository":{"type":"git","url":"git://github.com/npm/node-semver.git"},"bin":{"semver":"./bin/semver"},"gitHead":"75bb9e0692b562f296b0a353a7934e0510727566","bugs":{"url":"https://github.com/npm/node-semver/issues"},"homepage":"https://github.com/npm/node-semver#readme","_id":"semver@4.3.5","_shasum":"c20865a8bb8e1b6ac958a390c8e835538fa0c707","_from":".","_npmVersion":"2.10.1","_nodeVersion":"2.0.1","_npmUser":{"name":"isaacs","email":"isaacs@npmjs.com"},"dist":{"shasum":"c20865a8bb8e1b6ac958a390c8e835538fa0c707","size":273715,"noattachment":false,"tarball":"http://registry.npm.taobao.org/semver/download/semver-4.3.5.tgz"},"maintainers":[{"name":"isaacs","email":"i@izs.me"},{"name":"othiym23","email":"ogd@aoaioxxysz.net"}],"directories":{},"publish_time":1432938340918,"_cnpm_publish_time":1432938340918,"_hasShrinkwrap":false},"4.3.4":{"name":"semver","version":"4.3.4","description":"The semantic version parser used by npm.","main":"semver.js","browser":"semver.browser.js","min":"semver.min.js","scripts":{"test":"tap test/*.js","prepublish":"make"},"devDependencies":{"tap":"0.x >=0.0.4","uglify-js":"~2.3.6"},"license":"ISC","repository":{"type":"git","url":"git://github.com/npm/node-semver.git"},"bin":{"semver":"./bin/semver"},"gitHead":"d7d791dc9d321cb5f3211e39ce8857f6476922f9","bugs":{"url":"https://github.com/npm/node-semver/issues"},"homepage":"https://github.com/npm/node-semver#readme","_id":"semver@4.3.4","_shasum":"bf43a1aae304de040e12a13f84200ca7aeab7589","_from":".","_npmVersion":"2.9.1","_nodeVersion":"2.0.0","_npmUser":{"name":"isaacs","email":"isaacs@npmjs.com"},"dist":{"shasum":"bf43a1aae304de040e12a13f84200ca7aeab7589","size":43705,"noattachment":false,"tarball":"http://registry.npm.taobao.org/semver/download/semver-4.3.4.tgz"},"maintainers":[{"name":"isaacs","email":"i@izs.me"},{"name":"othiym23","email":"ogd@aoaioxxysz.net"}],"directories":{},"publish_time":1430799965035,"_cnpm_publish_time":1430799965035,"_hasShrinkwrap":false},"4.3.3":{"name":"semver","version":"4.3.3","description":"The semantic version parser used by npm.","main":"semver.js","browser":"semver.browser.js","min":"semver.min.js","scripts":{"test":"tap test/*.js","prepublish":"make"},"devDependencies":{"tap":"0.x >=0.0.4","uglify-js":"~2.3.6"},"license":"BSD","repository":{"type":"git","url":"git://github.com/npm/node-semver.git"},"bin":{"semver":"./bin/semver"},"gitHead":"bb32a43bdfa7223e4c450d181e5a2184b00f24d4","bugs":{"url":"https://github.com/npm/node-semver/issues"},"homepage":"https://github.com/npm/node-semver","_id":"semver@4.3.3","_shasum":"15466b61220bc371cd8f0e666a9f785329ea8228","_from":".","_npmVersion":"2.7.4","_nodeVersion":"1.4.2","_npmUser":{"name":"isaacs","email":"isaacs@npmjs.com"},"maintainers":[{"name":"isaacs","email":"i@izs.me"},{"name":"othiym23","email":"ogd@aoaioxxysz.net"}],"dist":{"shasum":"15466b61220bc371cd8f0e666a9f785329ea8228","size":44023,"noattachment":false,"tarball":"http://registry.npm.taobao.org/semver/download/semver-4.3.3.tgz"},"directories":{},"publish_time":1427475384729,"_cnpm_publish_time":1427475384729,"_hasShrinkwrap":false},"4.3.2":{"name":"semver","version":"4.3.2","description":"The semantic version parser used by npm.","main":"semver.js","browser":"semver.browser.js","min":"semver.min.js","scripts":{"test":"tap test/*.js","prepublish":"make"},"devDependencies":{"tap":"0.x >=0.0.4","uglify-js":"~2.3.6"},"license":"BSD","repository":{"type":"git","url":"git://github.com/npm/node-semver.git"},"bin":{"semver":"./bin/semver"},"gitHead":"22e583cc12d21b80bd7175b64ebe55890aa34e46","bugs":{"url":"https://github.com/npm/node-semver/issues"},"homepage":"https://github.com/npm/node-semver","_id":"semver@4.3.2","_shasum":"c7a07158a80bedd052355b770d82d6640f803be7","_from":".","_npmVersion":"2.7.4","_nodeVersion":"1.4.2","_npmUser":{"name":"isaacs","email":"isaacs@npmjs.com"},"maintainers":[{"name":"isaacs","email":"i@izs.me"},{"name":"othiym23","email":"ogd@aoaioxxysz.net"}],"dist":{"shasum":"c7a07158a80bedd052355b770d82d6640f803be7","size":43777,"noattachment":false,"tarball":"http://registry.npm.taobao.org/semver/download/semver-4.3.2.tgz"},"directories":{},"publish_time":1427419568892,"_cnpm_publish_time":1427419568892,"_hasShrinkwrap":false},"4.3.1":{"name":"semver","version":"4.3.1","description":"The semantic version parser used by npm.","main":"semver.js","browser":"semver.browser.js","min":"semver.min.js","scripts":{"test":"tap test/*.js","prepublish":"make"},"devDependencies":{"tap":"0.x >=0.0.4","uglify-js":"~2.3.6"},"license":"BSD","repository":{"type":"git","url":"git://github.com/npm/node-semver.git"},"bin":{"semver":"./bin/semver"},"gitHead":"fa9be2b231666f7485e832f84d2fe99afc033e22","bugs":{"url":"https://github.com/npm/node-semver/issues"},"homepage":"https://github.com/npm/node-semver","_id":"semver@4.3.1","_shasum":"beb0129575b95f76110b29af08d370fd9eeb34bf","_from":".","_npmVersion":"2.6.0","_nodeVersion":"1.1.0","_npmUser":{"name":"isaacs","email":"i@izs.me"},"maintainers":[{"name":"isaacs","email":"i@izs.me"},{"name":"othiym23","email":"ogd@aoaioxxysz.net"}],"dist":{"shasum":"beb0129575b95f76110b29af08d370fd9eeb34bf","size":38741,"noattachment":false,"tarball":"http://registry.npm.taobao.org/semver/download/semver-4.3.1.tgz"},"directories":{},"publish_time":1424807390416,"_cnpm_publish_time":1424807390416,"_hasShrinkwrap":false},"4.3.0":{"name":"semver","version":"4.3.0","description":"The semantic version parser used by npm.","main":"semver.js","browser":"semver.browser.js","min":"semver.min.js","scripts":{"test":"tap test/*.js","prepublish":"make"},"devDependencies":{"tap":"0.x >=0.0.4","uglify-js":"~2.3.6"},"license":"BSD","repository":{"type":"git","url":"git://github.com/isaacs/node-semver.git"},"bin":{"semver":"./bin/semver"},"gitHead":"12c0304de19c3d01ae2524b70592e9c49a76ff9d","bugs":{"url":"https://github.com/isaacs/node-semver/issues"},"homepage":"https://github.com/isaacs/node-semver","_id":"semver@4.3.0","_shasum":"3757ceed2b91afefe0ba2c3b6bda49c688b0257a","_from":".","_npmVersion":"2.5.1","_nodeVersion":"1.1.0","_npmUser":{"name":"isaacs","email":"i@izs.me"},"maintainers":[{"name":"isaacs","email":"i@izs.me"},{"name":"othiym23","email":"ogd@aoaioxxysz.net"}],"dist":{"shasum":"3757ceed2b91afefe0ba2c3b6bda49c688b0257a","size":38740,"noattachment":false,"tarball":"http://registry.npm.taobao.org/semver/download/semver-4.3.0.tgz"},"directories":{},"publish_time":1423771718236,"_cnpm_publish_time":1423771718236,"_hasShrinkwrap":false},"4.2.2":{"name":"semver","version":"4.2.2","description":"The semantic version parser used by npm.","main":"semver.js","browser":"semver.browser.js","min":"semver.min.js","scripts":{"test":"tap test/*.js","prepublish":"make"},"devDependencies":{"tap":"0.x >=0.0.4","uglify-js":"~2.3.6"},"license":"BSD","repository":{"type":"git","url":"git://github.com/isaacs/node-semver.git"},"bin":{"semver":"./bin/semver"},"gitHead":"d2806e62a28290c0bb4b552b741029baf9829226","bugs":{"url":"https://github.com/isaacs/node-semver/issues"},"homepage":"https://github.com/isaacs/node-semver","_id":"semver@4.2.2","_shasum":"a6aa6ac6a63c0dc7aff7ea48d5455ae2b93a3062","_from":".","_npmVersion":"2.5.1","_nodeVersion":"0.12.0","_npmUser":{"name":"othiym23","email":"ogd@aoaioxxysz.net"},"maintainers":[{"name":"isaacs","email":"i@izs.me"},{"name":"othiym23","email":"ogd@aoaioxxysz.net"}],"dist":{"shasum":"a6aa6ac6a63c0dc7aff7ea48d5455ae2b93a3062","size":37025,"noattachment":false,"tarball":"http://registry.npm.taobao.org/semver/download/semver-4.2.2.tgz"},"directories":{},"publish_time":1423550804370,"_cnpm_publish_time":1423550804370,"_hasShrinkwrap":false},"4.2.1":{"name":"semver","version":"4.2.1","description":"The semantic version parser used by npm.","main":"semver.js","browser":"semver.browser.js","min":"semver.min.js","scripts":{"test":"tap test/*.js","prepublish":"make"},"devDependencies":{"tap":"0.x >=0.0.4","uglify-js":"~2.3.6"},"license":"BSD","repository":{"type":"git","url":"git://github.com/isaacs/node-semver.git"},"bin":{"semver":"./bin/semver"},"gitHead":"bdfb19555ee0f2f46ca6694931ca476d8b8c35af","bugs":{"url":"https://github.com/isaacs/node-semver/issues"},"homepage":"https://github.com/isaacs/node-semver","_id":"semver@4.2.1","_shasum":"70828f545f40f49ffab91fef09c3cd3257937142","_from":".","_npmVersion":"2.5.1","_nodeVersion":"0.12.0","_npmUser":{"name":"othiym23","email":"ogd@aoaioxxysz.net"},"maintainers":[{"name":"isaacs","email":"i@izs.me"},{"name":"othiym23","email":"ogd@aoaioxxysz.net"}],"dist":{"shasum":"70828f545f40f49ffab91fef09c3cd3257937142","size":37023,"noattachment":false,"tarball":"http://registry.npm.taobao.org/semver/download/semver-4.2.1.tgz"},"directories":{},"publish_time":1423550666265,"_cnpm_publish_time":1423550666265,"_hasShrinkwrap":false},"4.2.0":{"name":"semver","version":"4.2.0","description":"The semantic version parser used by npm.","main":"semver.js","browser":"semver.browser.js","min":"semver.min.js","scripts":{"test":"tap test/*.js","prepublish":"make"},"devDependencies":{"tap":"0.x >=0.0.4","uglify-js":"~2.3.6"},"license":"BSD","repository":{"type":"git","url":"git://github.com/isaacs/node-semver.git"},"bin":{"semver":"./bin/semver"},"gitHead":"f353d3337dd9bef990b6873e281342260b4e63ae","bugs":{"url":"https://github.com/isaacs/node-semver/issues"},"homepage":"https://github.com/isaacs/node-semver","_id":"semver@4.2.0","_shasum":"a571fd4adbe974fe32bd9cb4c5e249606f498423","_from":".","_npmVersion":"2.1.14","_nodeVersion":"0.10.33","_npmUser":{"name":"isaacs","email":"i@izs.me"},"maintainers":[{"name":"isaacs","email":"i@izs.me"},{"name":"othiym23","email":"ogd@aoaioxxysz.net"}],"dist":{"shasum":"a571fd4adbe974fe32bd9cb4c5e249606f498423","size":37061,"noattachment":false,"tarball":"http://registry.npm.taobao.org/semver/download/semver-4.2.0.tgz"},"directories":{},"publish_time":1419327766263,"_cnpm_publish_time":1419327766263,"_hasShrinkwrap":false},"4.1.1":{"name":"semver","version":"4.1.1","description":"The semantic version parser used by npm.","main":"semver.js","browser":"semver.browser.js","min":"semver.min.js","scripts":{"test":"tap test/*.js","prepublish":"make"},"devDependencies":{"tap":"0.x >=0.0.4","uglify-js":"~2.3.6"},"license":"BSD","repository":{"type":"git","url":"git://github.com/isaacs/node-semver.git"},"bin":{"semver":"./bin/semver"},"gitHead":"f43cb35c96b05e33442e75b68c689cc026bf5ced","bugs":{"url":"https://github.com/isaacs/node-semver/issues"},"homepage":"https://github.com/isaacs/node-semver","_id":"semver@4.1.1","_shasum":"8d63e2e90df847e626d48ae068cd65786b0ed3d3","_from":".","_npmVersion":"2.1.14","_nodeVersion":"0.10.34","_npmUser":{"name":"othiym23","email":"ogd@aoaioxxysz.net"},"maintainers":[{"name":"isaacs","email":"i@izs.me"},{"name":"othiym23","email":"ogd@aoaioxxysz.net"}],"dist":{"shasum":"8d63e2e90df847e626d48ae068cd65786b0ed3d3","size":29416,"noattachment":false,"tarball":"http://registry.npm.taobao.org/semver/download/semver-4.1.1.tgz"},"directories":{},"publish_time":1418993834981,"_cnpm_publish_time":1418993834981,"_hasShrinkwrap":false},"4.1.0":{"name":"semver","version":"4.1.0","description":"The semantic version parser used by npm.","main":"semver.js","browser":"semver.browser.js","min":"semver.min.js","scripts":{"test":"tap test/*.js","prepublish":"make"},"devDependencies":{"tap":"0.x >=0.0.4","uglify-js":"~2.3.6"},"license":"BSD","repository":{"type":"git","url":"git://github.com/isaacs/node-semver.git"},"bin":{"semver":"./bin/semver"},"gitHead":"f8db569b9fd00788d14064aaf81854ed81e1337a","bugs":{"url":"https://github.com/isaacs/node-semver/issues"},"homepage":"https://github.com/isaacs/node-semver","_id":"semver@4.1.0","_shasum":"bc80a9ff68532814362cc3cfda3c7b75ed9c321c","_from":".","_npmVersion":"2.1.3","_nodeVersion":"0.10.31","_npmUser":{"name":"isaacs","email":"i@izs.me"},"maintainers":[{"name":"isaacs","email":"i@izs.me"},{"name":"othiym23","email":"ogd@aoaioxxysz.net"}],"dist":{"shasum":"bc80a9ff68532814362cc3cfda3c7b75ed9c321c","size":35620,"noattachment":false,"tarball":"http://registry.npm.taobao.org/semver/download/semver-4.1.0.tgz"},"directories":{},"publish_time":1413420935923,"_cnpm_publish_time":1413420935923,"_hasShrinkwrap":false},"4.0.3":{"name":"semver","version":"4.0.3","description":"The semantic version parser used by npm.","main":"semver.js","browser":"semver.browser.js","min":"semver.min.js","scripts":{"test":"tap test/*.js","prepublish":"make"},"devDependencies":{"tap":"0.x >=0.0.4","uglify-js":"~2.3.6"},"license":"BSD","repository":{"type":"git","url":"git://github.com/isaacs/node-semver.git"},"bin":{"semver":"./bin/semver"},"gitHead":"58c971461ade78bca6c1970109de4dc66cc2c13b","bugs":{"url":"https://github.com/isaacs/node-semver/issues"},"homepage":"https://github.com/isaacs/node-semver","_id":"semver@4.0.3","_shasum":"f79c9ba670efccc029d98a5017def64b0ce1644e","_from":".","_npmVersion":"2.1.2","_nodeVersion":"0.10.31","_npmUser":{"name":"isaacs","email":"i@izs.me"},"maintainers":[{"name":"isaacs","email":"i@izs.me"},{"name":"othiym23","email":"ogd@aoaioxxysz.net"}],"dist":{"shasum":"f79c9ba670efccc029d98a5017def64b0ce1644e","size":35002,"noattachment":false,"tarball":"http://registry.npm.taobao.org/semver/download/semver-4.0.3.tgz"},"directories":{},"publish_time":1412122717208,"_cnpm_publish_time":1412122717208,"_hasShrinkwrap":false},"4.0.2":{"name":"semver","version":"4.0.2","description":"The semantic version parser used by npm.","main":"semver.js","browser":"semver.browser.js","min":"semver.min.js","scripts":{"test":"tap test/*.js","prepublish":"make"},"devDependencies":{"tap":"0.x >=0.0.4","uglify-js":"~2.3.6"},"license":"BSD","repository":{"type":"git","url":"git://github.com/isaacs/node-semver.git"},"bin":{"semver":"./bin/semver"},"gitHead":"078061b03e7e10202f9d03fe447b528202cd7a06","bugs":{"url":"https://github.com/isaacs/node-semver/issues"},"homepage":"https://github.com/isaacs/node-semver","_id":"semver@4.0.2","_shasum":"13f7293ca7d42886123963ca0b947a03f83f60c3","_from":".","_npmVersion":"2.1.2","_nodeVersion":"0.10.31","_npmUser":{"name":"isaacs","email":"i@izs.me"},"maintainers":[{"name":"isaacs","email":"i@izs.me"},{"name":"othiym23","email":"ogd@aoaioxxysz.net"}],"dist":{"shasum":"13f7293ca7d42886123963ca0b947a03f83f60c3","size":35542,"noattachment":false,"tarball":"http://registry.npm.taobao.org/semver/download/semver-4.0.2.tgz"},"directories":{},"publish_time":1412121326916,"_cnpm_publish_time":1412121326916,"_hasShrinkwrap":false},"4.0.0":{"name":"semver","version":"4.0.0","description":"The semantic version parser used by npm.","main":"semver.js","browser":"semver.browser.js","min":"semver.min.js","scripts":{"test":"tap test/*.js","prepublish":"make"},"devDependencies":{"tap":"0.x >=0.0.4","uglify-js":"~2.3.6"},"license":"BSD","repository":{"type":"git","url":"git://github.com/isaacs/node-semver.git"},"bin":{"semver":"./bin/semver"},"gitHead":"f71a46b52f5d413aff1cb3afa7d2f940b23ab1a0","bugs":{"url":"https://github.com/isaacs/node-semver/issues"},"homepage":"https://github.com/isaacs/node-semver","_id":"semver@4.0.0","_shasum":"7be868416a5e669923a8e3af8bafa5faf62a151a","_from":".","_npmVersion":"2.0.0-beta.3","_npmUser":{"name":"isaacs","email":"i@izs.me"},"maintainers":[{"name":"isaacs","email":"i@izs.me"},{"name":"othiym23","email":"ogd@aoaioxxysz.net"}],"dist":{"shasum":"7be868416a5e669923a8e3af8bafa5faf62a151a","size":34753,"noattachment":false,"tarball":"http://registry.npm.taobao.org/semver/download/semver-4.0.0.tgz"},"directories":{},"publish_time":1410474987208,"_cnpm_publish_time":1410474987208,"_hasShrinkwrap":false},"3.0.1":{"name":"semver","version":"3.0.1","description":"The semantic version parser used by npm.","main":"semver.js","browser":"semver.browser.js","min":"semver.min.js","scripts":{"test":"tap test/*.js","prepublish":"make"},"devDependencies":{"tap":"0.x >=0.0.4","uglify-js":"~2.3.6"},"license":"BSD","repository":{"type":"git","url":"git://github.com/isaacs/node-semver.git"},"bin":{"semver":"./bin/semver"},"gitHead":"4b24aeb54dd23560f53b0df01e64e5f229e6172f","bugs":{"url":"https://github.com/isaacs/node-semver/issues"},"homepage":"https://github.com/isaacs/node-semver","_id":"semver@3.0.1","_shasum":"720ac012515a252f91fb0dd2e99a56a70d6cf078","_from":".","_npmVersion":"2.0.0-alpha-5","_npmUser":{"name":"isaacs","email":"i@izs.me"},"maintainers":[{"name":"isaacs","email":"i@izs.me"},{"name":"othiym23","email":"ogd@aoaioxxysz.net"}],"dist":{"shasum":"720ac012515a252f91fb0dd2e99a56a70d6cf078","size":33318,"noattachment":false,"tarball":"http://registry.npm.taobao.org/semver/download/semver-3.0.1.tgz"},"directories":{},"publish_time":1406222676175,"_cnpm_publish_time":1406222676175,"_hasShrinkwrap":false},"3.0.0":{"name":"semver","version":"3.0.0","description":"The semantic version parser used by npm.","main":"semver.js","browser":"semver.browser.js","min":"semver.min.js","scripts":{"test":"tap test/*.js","prepublish":"make"},"devDependencies":{"tap":"0.x >=0.0.4","uglify-js":"~2.3.6"},"license":"BSD","repository":{"type":"git","url":"git://github.com/isaacs/node-semver.git"},"bin":{"semver":"./bin/semver"},"gitHead":"e077f4e33e21b280a5cf6688d850dabf5f6e48e2","bugs":{"url":"https://github.com/isaacs/node-semver/issues"},"homepage":"https://github.com/isaacs/node-semver","_id":"semver@3.0.0","_shasum":"994f634b9535a36b07fde690faa811a9ed35b4f3","_from":".","_npmVersion":"2.0.0-alpha-5","_npmUser":{"name":"isaacs","email":"i@izs.me"},"maintainers":[{"name":"isaacs","email":"i@izs.me"},{"name":"othiym23","email":"ogd@aoaioxxysz.net"}],"dist":{"shasum":"994f634b9535a36b07fde690faa811a9ed35b4f3","size":33062,"noattachment":false,"tarball":"http://registry.npm.taobao.org/semver/download/semver-3.0.0.tgz"},"directories":{},"publish_time":1406150069806,"_cnpm_publish_time":1406150069806,"_hasShrinkwrap":false},"2.3.2":{"name":"semver","version":"2.3.2","description":"The semantic version parser used by npm.","main":"semver.js","browser":"semver.browser.js","min":"semver.min.js","scripts":{"test":"tap test/*.js","prepublish":"make"},"devDependencies":{"tap":"0.x >=0.0.4","uglify-js":"~2.3.6"},"license":"BSD","repository":{"type":"git","url":"git://github.com/isaacs/node-semver.git"},"bin":{"semver":"./bin/semver"},"gitHead":"87bcf749b18fd0ce32b1808f60a98eacecd84689","bugs":{"url":"https://github.com/isaacs/node-semver/issues"},"homepage":"https://github.com/isaacs/node-semver","_id":"semver@2.3.2","_shasum":"b9848f25d6cf36333073ec9ef8856d42f1233e52","_from":".","_npmVersion":"1.5.0-alpha-4","_npmUser":{"name":"isaacs","email":"i@izs.me"},"maintainers":[{"name":"isaacs","email":"i@izs.me"},{"name":"othiym23","email":"ogd@aoaioxxysz.net"}],"dist":{"shasum":"b9848f25d6cf36333073ec9ef8856d42f1233e52","size":33177,"noattachment":false,"tarball":"http://registry.npm.taobao.org/semver/download/semver-2.3.2.tgz"},"directories":{},"publish_time":1406057090090,"_cnpm_publish_time":1406057090090,"_hasShrinkwrap":false},"2.3.1":{"name":"semver","version":"2.3.1","description":"The semantic version parser used by npm.","main":"semver.js","browser":"semver.browser.js","min":"semver.min.js","scripts":{"test":"tap test/*.js","prepublish":"make"},"devDependencies":{"tap":"0.x >=0.0.4","uglify-js":"~2.3.6"},"license":"BSD","repository":{"type":"git","url":"git://github.com/isaacs/node-semver.git"},"bin":{"semver":"./bin/semver"},"gitHead":"e5b259a784b79895853aff1c6d5e23b07bdd4664","bugs":{"url":"https://github.com/isaacs/node-semver/issues"},"homepage":"https://github.com/isaacs/node-semver","_id":"semver@2.3.1","_shasum":"6f65ee7d1aed753cdf9dda70e5631a3fb42a5bee","_from":".","_npmVersion":"1.4.16","_npmUser":{"name":"isaacs","email":"i@izs.me"},"maintainers":[{"name":"isaacs","email":"i@izs.me"},{"name":"othiym23","email":"ogd@aoaioxxysz.net"}],"dist":{"shasum":"6f65ee7d1aed753cdf9dda70e5631a3fb42a5bee","size":33118,"noattachment":false,"tarball":"http://registry.npm.taobao.org/semver/download/semver-2.3.1.tgz"},"directories":{},"publish_time":1403131696706,"_cnpm_publish_time":1403131696706,"_hasShrinkwrap":false},"2.3.0":{"name":"semver","version":"2.3.0","description":"The semantic version parser used by npm.","main":"semver.js","browser":"semver.browser.js","min":"semver.min.js","scripts":{"test":"tap test/*.js","prepublish":"make"},"devDependencies":{"tap":"0.x >=0.0.4","uglify-js":"~2.3.6"},"license":"BSD","repository":{"type":"git","url":"git://github.com/isaacs/node-semver.git"},"bin":{"semver":"./bin/semver"},"bugs":{"url":"https://github.com/isaacs/node-semver/issues"},"homepage":"https://github.com/isaacs/node-semver","_id":"semver@2.3.0","_shasum":"d31b2903ebe2a1806c05b8e763916a7183108a15","_from":".","_npmVersion":"1.4.10","_npmUser":{"name":"isaacs","email":"i@izs.me"},"maintainers":[{"name":"isaacs","email":"i@izs.me"},{"name":"othiym23","email":"ogd@aoaioxxysz.net"}],"dist":{"shasum":"d31b2903ebe2a1806c05b8e763916a7183108a15","size":32933,"noattachment":false,"tarball":"http://registry.npm.taobao.org/semver/download/semver-2.3.0.tgz"},"directories":{},"publish_time":1399425302092,"_cnpm_publish_time":1399425302092,"_hasShrinkwrap":false},"2.2.1":{"name":"semver","version":"2.2.1","description":"The semantic version parser used by npm.","main":"semver.js","browser":"semver.browser.js","min":"semver.min.js","scripts":{"test":"tap test/*.js","prepublish":"make"},"devDependencies":{"tap":"0.x >=0.0.4","uglify-js":"~2.3.6"},"license":"BSD","repository":{"type":"git","url":"git://github.com/isaacs/node-semver.git"},"bin":{"semver":"./bin/semver"},"readmeFilename":"README.md","bugs":{"url":"https://github.com/isaacs/node-semver/issues"},"homepage":"https://github.com/isaacs/node-semver","_id":"semver@2.2.1","dist":{"shasum":"7941182b3ffcc580bff1c17942acdf7951c0d213","size":32060,"noattachment":false,"tarball":"http://registry.npm.taobao.org/semver/download/semver-2.2.1.tgz"},"_from":".","_npmVersion":"1.3.12","_npmUser":{"name":"isaacs","email":"i@izs.me"},"maintainers":[{"name":"isaacs","email":"i@izs.me"},{"name":"othiym23","email":"ogd@aoaioxxysz.net"}],"directories":{},"publish_time":1382984290005,"_hasShrinkwrap":false,"_cnpm_publish_time":1382984290005},"2.2.0":{"name":"semver","version":"2.2.0","description":"The semantic version parser used by npm.","main":"semver.js","browser":"semver.browser.js","min":"semver.min.js","scripts":{"test":"tap test/*.js","prepublish":"make"},"devDependencies":{"tap":"0.x >=0.0.4","uglify-js":"~2.3.6"},"license":"BSD","repository":{"type":"git","url":"git://github.com/isaacs/node-semver.git"},"bin":{"semver":"./bin/semver"},"readmeFilename":"README.md","bugs":{"url":"https://github.com/isaacs/node-semver/issues"},"_id":"semver@2.2.0","dist":{"shasum":"290ec979d731b3dc6c08a15dbcffdeae420f4473","size":32077,"noattachment":false,"tarball":"http://registry.npm.taobao.org/semver/download/semver-2.2.0.tgz"},"_from":".","_npmVersion":"1.3.11","_npmUser":{"name":"isaacs","email":"i@izs.me"},"maintainers":[{"name":"isaacs","email":"i@izs.me"},{"name":"othiym23","email":"ogd@aoaioxxysz.net"}],"directories":{},"publish_time":1382731364049,"_hasShrinkwrap":false,"_cnpm_publish_time":1382731364049},"2.1.0":{"name":"semver","version":"2.1.0","description":"The semantic version parser used by npm.","main":"semver.js","browser":"semver.browser.js","min":"semver.min.js","scripts":{"test":"tap test/*.js","prepublish":"make"},"devDependencies":{"tap":"0.x >=0.0.4","uglify-js":"~2.3.6"},"license":"BSD","repository":{"type":"git","url":"git://github.com/isaacs/node-semver.git"},"bin":{"semver":"./bin/semver"},"readmeFilename":"README.md","bugs":{"url":"https://github.com/isaacs/node-semver/issues"},"_id":"semver@2.1.0","dist":{"shasum":"356294a90690b698774d62cf35d7c91f983e728a","size":29078,"noattachment":false,"tarball":"http://registry.npm.taobao.org/semver/download/semver-2.1.0.tgz"},"_from":".","_npmVersion":"1.3.6","_npmUser":{"name":"isaacs","email":"i@izs.me"},"maintainers":[{"name":"isaacs","email":"i@izs.me"},{"name":"othiym23","email":"ogd@aoaioxxysz.net"}],"directories":{},"publish_time":1375401151371,"_hasShrinkwrap":false,"_cnpm_publish_time":1375401151371},"2.0.11":{"name":"semver","version":"2.0.11","description":"The semantic version parser used by npm.","main":"semver.js","browser":"semver.browser.js","min":"semver.min.js","scripts":{"test":"tap test/*.js","prepublish":"make"},"devDependencies":{"tap":"0.x >=0.0.4","uglify-js":"~2.3.6"},"license":"BSD","repository":{"type":"git","url":"git://github.com/isaacs/node-semver.git"},"bin":{"semver":"./bin/semver"},"readmeFilename":"README.md","bugs":{"url":"https://github.com/isaacs/node-semver/issues"},"_id":"semver@2.0.11","dist":{"shasum":"f51f07d03fa5af79beb537fc067a7e141786cced","size":27860,"noattachment":false,"tarball":"http://registry.npm.taobao.org/semver/download/semver-2.0.11.tgz"},"_from":".","_npmVersion":"1.3.4","_npmUser":{"name":"isaacs","email":"i@izs.me"},"maintainers":[{"name":"isaacs","email":"i@izs.me"},{"name":"othiym23","email":"ogd@aoaioxxysz.net"}],"directories":{},"publish_time":1374636199907,"_hasShrinkwrap":false,"_cnpm_publish_time":1374636199907},"2.0.10":{"name":"semver","version":"2.0.10","description":"The semantic version parser used by npm.","main":"semver.js","browser":"semver.browser.js","min":"semver.min.js","scripts":{"test":"tap test/*.js","prepublish":"make"},"devDependencies":{"tap":"0.x >=0.0.4","uglify-js":"~2.3.6"},"license":"BSD","repository":{"type":"git","url":"git://github.com/isaacs/node-semver.git"},"bin":{"semver":"./bin/semver"},"readmeFilename":"README.md","bugs":{"url":"https://github.com/isaacs/node-semver/issues"},"_id":"semver@2.0.10","dist":{"shasum":"e3199263b1e9f1913dbc91efb4af559e8e4d3d31","size":21810,"noattachment":false,"tarball":"http://registry.npm.taobao.org/semver/download/semver-2.0.10.tgz"},"_from":".","_npmVersion":"1.3.2","_npmUser":{"name":"isaacs","email":"i@izs.me"},"maintainers":[{"name":"isaacs","email":"i@izs.me"},{"name":"othiym23","email":"ogd@aoaioxxysz.net"}],"directories":{},"publish_time":1373409556895,"_hasShrinkwrap":false,"_cnpm_publish_time":1373409556895},"2.0.9":{"name":"semver","version":"2.0.9","description":"The semantic version parser used by npm.","main":"semver.js","browser":"semver.browser.js","min":"semver.min.js","scripts":{"test":"tap test/*.js","prepublish":"make"},"devDependencies":{"tap":"0.x >=0.0.4","uglify-js":"~2.3.6"},"license":"BSD","repository":{"type":"git","url":"git://github.com/isaacs/node-semver.git"},"bin":{"semver":"./bin/semver"},"readmeFilename":"README.md","bugs":{"url":"https://github.com/isaacs/node-semver/issues"},"_id":"semver@2.0.9","dist":{"shasum":"3c76b0f216bd62a95f5f03e9ec298da548632403","size":21235,"noattachment":false,"tarball":"http://registry.npm.taobao.org/semver/download/semver-2.0.9.tgz"},"_from":".","_npmVersion":"1.3.1","_npmUser":{"name":"isaacs","email":"i@izs.me"},"maintainers":[{"name":"isaacs","email":"i@izs.me"},{"name":"othiym23","email":"ogd@aoaioxxysz.net"}],"directories":{},"publish_time":1373082340578,"_hasShrinkwrap":false,"_cnpm_publish_time":1373082340578},"2.0.8":{"name":"semver","version":"2.0.8","description":"The semantic version parser used by npm.","main":"semver.js","browser":"semver.browser.js","min":"semver.min.js","scripts":{"test":"tap test/*.js","prepublish":"make"},"devDependencies":{"tap":"0.x >=0.0.4","uglify-js":"~2.3.6"},"license":"BSD","repository":{"type":"git","url":"git://github.com/isaacs/node-semver.git"},"bin":{"semver":"./bin/semver"},"readmeFilename":"README.md","bugs":{"url":"https://github.com/isaacs/node-semver/issues"},"_id":"semver@2.0.8","dist":{"shasum":"f5c28ba4a6d56bd1d9dbe34aed288d69366a73c6","size":27013,"noattachment":false,"tarball":"http://registry.npm.taobao.org/semver/download/semver-2.0.8.tgz"},"_from":".","_npmVersion":"1.3.0","_npmUser":{"name":"isaacs","email":"i@izs.me"},"maintainers":[{"name":"isaacs","email":"i@izs.me"},{"name":"othiym23","email":"ogd@aoaioxxysz.net"}],"directories":{},"publish_time":1372111957887,"_hasShrinkwrap":false,"_cnpm_publish_time":1372111957887},"2.0.7":{"name":"semver","version":"2.0.7","description":"The semantic version parser used by npm.","main":"semver.js","browser":"semver.browser.js","min":"semver.min.js","scripts":{"test":"tap test/*.js","prepublish":"make"},"devDependencies":{"tap":"0.x >=0.0.4","uglify-js":"~2.3.6"},"license":"BSD","repository":{"type":"git","url":"git://github.com/isaacs/node-semver.git"},"bin":{"semver":"./bin/semver"},"readmeFilename":"README.md","bugs":{"url":"https://github.com/isaacs/node-semver/issues"},"_id":"semver@2.0.7","dist":{"shasum":"7815c1a7ef647604646ecdabc95b90dfeb39174f","size":26912,"noattachment":false,"tarball":"http://registry.npm.taobao.org/semver/download/semver-2.0.7.tgz"},"_from":".","_npmVersion":"1.2.32","_npmUser":{"name":"isaacs","email":"i@izs.me"},"maintainers":[{"name":"isaacs","email":"i@izs.me"},{"name":"othiym23","email":"ogd@aoaioxxysz.net"}],"directories":{},"publish_time":1371754623281,"_hasShrinkwrap":false,"_cnpm_publish_time":1371754623281},"2.0.6":{"name":"semver","version":"2.0.6","description":"The semantic version parser used by npm.","main":"semver.js","browser":"semver.browser.js","min":"semver.min.js","scripts":{"test":"tap test/*.js","prepublish":"make"},"devDependencies":{"tap":"0.x >=0.0.4","uglify-js":"~2.3.6"},"license":"BSD","repository":{"type":"git","url":"git://github.com/isaacs/node-semver.git"},"bin":{"semver":"./bin/semver"},"readmeFilename":"README.md","bugs":{"url":"https://github.com/isaacs/node-semver/issues"},"_id":"semver@2.0.6","dist":{"shasum":"3febe96c89813fc299d8e67cbcd685101e07335a","size":26836,"noattachment":false,"tarball":"http://registry.npm.taobao.org/semver/download/semver-2.0.6.tgz"},"_from":".","_npmVersion":"1.2.32","_npmUser":{"name":"isaacs","email":"i@izs.me"},"maintainers":[{"name":"isaacs","email":"i@izs.me"},{"name":"othiym23","email":"ogd@aoaioxxysz.net"}],"directories":{},"publish_time":1371753680343,"_hasShrinkwrap":false,"_cnpm_publish_time":1371753680343},"2.0.5":{"name":"semver","version":"2.0.5","description":"The semantic version parser used by npm.","main":"semver.js","browser":"semver.browser.js","min":"semver.min.js","scripts":{"test":"tap test/*.js","prepublish":"make"},"devDependencies":{"tap":"0.x >=0.0.4","uglify-js":"~2.3.6"},"license":"BSD","repository":{"type":"git","url":"git://github.com/isaacs/node-semver.git"},"bin":{"semver":"./bin/semver"},"readmeFilename":"README.md","bugs":{"url":"https://github.com/isaacs/node-semver/issues"},"_id":"semver@2.0.5","dist":{"shasum":"601aebc1dbeedac222bb7e7b8882454f0c2a24c7","size":26324,"noattachment":false,"tarball":"http://registry.npm.taobao.org/semver/download/semver-2.0.5.tgz"},"_from":".","_npmVersion":"1.2.32","_npmUser":{"name":"isaacs","email":"i@izs.me"},"maintainers":[{"name":"isaacs","email":"i@izs.me"},{"name":"othiym23","email":"ogd@aoaioxxysz.net"}],"directories":{},"publish_time":1371742924599,"_hasShrinkwrap":false,"_cnpm_publish_time":1371742924599},"2.0.4":{"name":"semver","version":"2.0.4","description":"The semantic version parser used by npm.","main":"semver.js","browser":"semver.browser.js","min":"semver.min.js","scripts":{"test":"tap test/*.js","prepublish":"make"},"devDependencies":{"tap":"0.x >=0.0.4","uglify-js":"~2.3.6"},"license":"BSD","repository":{"type":"git","url":"git://github.com/isaacs/node-semver.git"},"bin":{"semver":"./bin/semver"},"readmeFilename":"README.md","bugs":{"url":"https://github.com/isaacs/node-semver/issues"},"_id":"semver@2.0.4","dist":{"shasum":"1bb8e25f9a445b55f2d2ea5bc06742790b6a5ba7","size":60479,"noattachment":false,"tarball":"http://registry.npm.taobao.org/semver/download/semver-2.0.4.tgz"},"_from":".","_npmVersion":"1.2.32","_npmUser":{"name":"isaacs","email":"i@izs.me"},"maintainers":[{"name":"isaacs","email":"i@izs.me"},{"name":"othiym23","email":"ogd@aoaioxxysz.net"}],"directories":{},"publish_time":1371742400522,"_hasShrinkwrap":false,"_cnpm_publish_time":1371742400522},"2.0.3":{"name":"semver","version":"2.0.3","description":"The semantic version parser used by npm.","main":"semver.js","browser":"semver.browser.js","min":"semver.min.js","scripts":{"test":"tap test/*.js","prepublish":"bash build.sh"},"devDependencies":{"tap":"0.x >=0.0.4","uglify-js":"~2.3.6"},"license":"BSD","repository":{"type":"git","url":"git://github.com/isaacs/node-semver.git"},"bin":{"semver":"./bin/semver"},"readmeFilename":"README.md","bugs":{"url":"https://github.com/isaacs/node-semver/issues"},"_id":"semver@2.0.3","dist":{"shasum":"1778ae3b7d5f5f457a48b164320bf6e29c8e8fe1","size":50901,"noattachment":false,"tarball":"http://registry.npm.taobao.org/semver/download/semver-2.0.3.tgz"},"_from":".","_npmVersion":"1.2.32","_npmUser":{"name":"isaacs","email":"i@izs.me"},"maintainers":[{"name":"isaacs","email":"i@izs.me"},{"name":"othiym23","email":"ogd@aoaioxxysz.net"}],"directories":{},"publish_time":1371741333034,"_hasShrinkwrap":false,"_cnpm_publish_time":1371741333034},"2.0.2":{"name":"semver","version":"2.0.2","description":"The semantic version parser used by npm.","main":"semver.js","browser":"semver.browser.js","min":"semver.min.js","scripts":{"test":"tap test/*.js","prepublish":"bash build.sh"},"devDependencies":{"tap":"0.x >=0.0.4","uglify-js":"~2.3.6"},"license":"BSD","repository":{"type":"git","url":"git://github.com/isaacs/node-semver.git"},"bin":{"semver":"./bin/semver"},"readmeFilename":"README.md","bugs":{"url":"https://github.com/isaacs/node-semver/issues"},"_id":"semver@2.0.2","dist":{"shasum":"6697b743dafc38a9ae24d4f0183eb53f460b662a","size":43266,"noattachment":false,"tarball":"http://registry.npm.taobao.org/semver/download/semver-2.0.2.tgz"},"_from":".","_npmVersion":"1.2.32","_npmUser":{"name":"isaacs","email":"i@izs.me"},"maintainers":[{"name":"isaacs","email":"i@izs.me"},{"name":"othiym23","email":"ogd@aoaioxxysz.net"}],"directories":{},"publish_time":1371740758554,"_hasShrinkwrap":false,"_cnpm_publish_time":1371740758554},"2.0.1":{"name":"semver","version":"2.0.1","description":"The semantic version parser used by npm.","main":"semver.js","browser":"semver.browser.js","min":"semver.min.js","scripts":{"test":"tap test/*.js","prepublish":"bash build.sh"},"devDependencies":{"tap":"0.x >=0.0.4","uglify-js":"~2.3.6"},"license":"BSD","repository":{"type":"git","url":"git://github.com/isaacs/node-semver.git"},"bin":{"semver":"./bin/semver"},"readmeFilename":"README.md","bugs":{"url":"https://github.com/isaacs/node-semver/issues"},"_id":"semver@2.0.1","dist":{"shasum":"92741b2bd09d9c53695cf116cd6de32cae925976","size":43254,"noattachment":false,"tarball":"http://registry.npm.taobao.org/semver/download/semver-2.0.1.tgz"},"_from":".","_npmVersion":"1.2.32","_npmUser":{"name":"isaacs","email":"i@izs.me"},"maintainers":[{"name":"isaacs","email":"i@izs.me"},{"name":"othiym23","email":"ogd@aoaioxxysz.net"}],"directories":{},"publish_time":1371703371354,"_hasShrinkwrap":false,"_cnpm_publish_time":1371703371354},"2.0.0-beta":{"name":"semver","version":"2.0.0-beta","description":"The semantic version parser used by npm.","main":"semver.js","browser":"semver.browser.js","min":"semver.min.js","scripts":{"test":"tap test/*.js","prepublish":"bash build.sh"},"devDependencies":{"tap":"0.x >=0.0.4","uglify-js":"~2.3.6"},"license":"BSD","repository":{"type":"git","url":"git://github.com/isaacs/node-semver.git"},"bin":{"semver":"./bin/semver"},"readmeFilename":"README.md","bugs":{"url":"https://github.com/isaacs/node-semver/issues"},"_id":"semver@2.0.0-beta","dist":{"shasum":"5c3585c4eaa97879cc07de06aa6e75a44f5b249f","size":43172,"noattachment":false,"tarball":"http://registry.npm.taobao.org/semver/download/semver-2.0.0-beta.tgz"},"_from":".","_npmVersion":"1.2.30","_npmUser":{"name":"isaacs","email":"i@izs.me"},"maintainers":[{"name":"isaacs","email":"i@izs.me"},{"name":"othiym23","email":"ogd@aoaioxxysz.net"}],"directories":{},"publish_time":1371513686679,"_hasShrinkwrap":false,"_cnpm_publish_time":1371513686679},"2.0.0-alpha":{"name":"semver","version":"2.0.0-alpha","description":"The semantic version parser used by npm.","main":"semver.js","scripts":{"test":"tap test.js"},"devDependencies":{"tap":"0.x >=0.0.4"},"license":"BSD","repository":{"type":"git","url":"git://github.com/isaacs/node-semver.git"},"bin":{"semver":"./bin/semver"},"readmeFilename":"README.md","bugs":{"url":"https://github.com/isaacs/node-semver/issues"},"_id":"semver@2.0.0-alpha","dist":{"shasum":"979de555a1bae1c781cc6b2907b576b59067706e","size":10279,"noattachment":false,"tarball":"http://registry.npm.taobao.org/semver/download/semver-2.0.0-alpha.tgz"},"_from":".","_npmVersion":"1.2.30","_npmUser":{"name":"isaacs","email":"i@izs.me"},"maintainers":[{"name":"isaacs","email":"i@izs.me"},{"name":"othiym23","email":"ogd@aoaioxxysz.net"}],"directories":{},"publish_time":1371266973540,"_hasShrinkwrap":false,"_cnpm_publish_time":1371266973540},"1.1.4":{"name":"semver","version":"1.1.4","description":"The semantic version parser used by npm.","main":"semver.js","scripts":{"test":"tap test.js"},"devDependencies":{"tap":"0.x >=0.0.4"},"license":{"type":"MIT","url":"https://github.com/isaacs/semver/raw/master/LICENSE"},"repository":{"type":"git","url":"git://github.com/isaacs/node-semver.git"},"bin":{"semver":"./bin/semver"},"readmeFilename":"README.md","_id":"semver@1.1.4","dist":{"shasum":"2e5a4e72bab03472cc97f72753b4508912ef5540","size":8275,"noattachment":false,"tarball":"http://registry.npm.taobao.org/semver/download/semver-1.1.4.tgz"},"_from":".","_npmVersion":"1.2.12","_npmUser":{"name":"isaacs","email":"i@izs.me"},"maintainers":[{"name":"isaacs","email":"i@izs.me"},{"name":"othiym23","email":"ogd@aoaioxxysz.net"}],"directories":{},"publish_time":1362161696811,"_hasShrinkwrap":false,"_cnpm_publish_time":1362161696811},"1.1.3":{"name":"semver","version":"1.1.3","description":"The semantic version parser used by npm.","main":"semver.js","scripts":{"test":"tap test.js"},"devDependencies":{"tap":"0.x >=0.0.4"},"license":{"type":"MIT","url":"https://github.com/isaacs/semver/raw/master/LICENSE"},"repository":{"type":"git","url":"git://github.com/isaacs/node-semver.git"},"bin":{"semver":"./bin/semver"},"readmeFilename":"README.md","_id":"semver@1.1.3","dist":{"shasum":"a0f06f2fb23b64ef9c0ff714fa079082e0532633","size":8230,"noattachment":false,"tarball":"http://registry.npm.taobao.org/semver/download/semver-1.1.3.tgz"},"_from":".","_npmVersion":"1.2.8","_npmUser":{"name":"isaacs","email":"i@izs.me"},"maintainers":[{"name":"isaacs","email":"i@izs.me"},{"name":"othiym23","email":"ogd@aoaioxxysz.net"}],"directories":{},"publish_time":1360165359566,"_hasShrinkwrap":false,"_cnpm_publish_time":1360165359566},"1.1.2":{"name":"semver","version":"1.1.2","description":"The semantic version parser used by npm.","main":"semver.js","scripts":{"test":"tap test.js"},"devDependencies":{"tap":"0.x >=0.0.4"},"license":{"type":"MIT","url":"https://github.com/isaacs/semver/raw/master/LICENSE"},"repository":{"type":"git","url":"git://github.com/isaacs/node-semver.git"},"bin":{"semver":"./bin/semver"},"readmeFilename":"README.md","_id":"semver@1.1.2","dist":{"shasum":"f6c851dcb2776b0aa7af2294dadaf6ce20de897e","size":8038,"noattachment":false,"tarball":"http://registry.npm.taobao.org/semver/download/semver-1.1.2.tgz"},"_npmVersion":"1.1.70","_npmUser":{"name":"isaacs","email":"i@izs.me"},"maintainers":[{"name":"isaacs","email":"i@izs.me"},{"name":"othiym23","email":"ogd@aoaioxxysz.net"}],"directories":{},"publish_time":1357489556424,"_hasShrinkwrap":false,"_cnpm_publish_time":1357489556424},"1.1.1":{"name":"semver","version":"1.1.1","description":"The semantic version parser used by npm.","main":"semver.js","scripts":{"test":"tap test.js"},"devDependencies":{"tap":"0.x >=0.0.4"},"license":{"type":"MIT","url":"https://github.com/isaacs/semver/raw/master/LICENSE"},"repository":{"type":"git","url":"git://github.com/isaacs/node-semver.git"},"bin":{"semver":"./bin/semver"},"readmeFilename":"README.md","_id":"semver@1.1.1","dist":{"shasum":"de7faba203f7cbb59ac16da64198df0c6cebca30","size":8040,"noattachment":false,"tarball":"http://registry.npm.taobao.org/semver/download/semver-1.1.1.tgz"},"_npmVersion":"1.1.66","_npmUser":{"name":"isaacs","email":"i@izs.me"},"maintainers":[{"name":"isaacs","email":"i@izs.me"},{"name":"othiym23","email":"ogd@aoaioxxysz.net"}],"directories":{},"publish_time":1354149981597,"_hasShrinkwrap":false,"_cnpm_publish_time":1354149981597},"1.1.0":{"name":"semver","version":"1.1.0","description":"The semantic version parser used by npm.","main":"semver.js","scripts":{"test":"tap test.js"},"devDependencies":{"tap":"0.x >=0.0.4"},"license":{"type":"MIT","url":"https://github.com/isaacs/semver/raw/master/LICENSE"},"repository":{"type":"git","url":"git://github.com/isaacs/node-semver.git"},"bin":{"semver":"./bin/semver"},"_id":"semver@1.1.0","dist":{"shasum":"da9b9c837e31550a7c928622bc2381de7dd7a53e","size":8038,"noattachment":false,"tarball":"http://registry.npm.taobao.org/semver/download/semver-1.1.0.tgz"},"_npmVersion":"1.1.62","_npmUser":{"name":"isaacs","email":"i@izs.me"},"maintainers":[{"name":"isaacs","email":"i@izs.me"},{"name":"othiym23","email":"ogd@aoaioxxysz.net"}],"directories":{},"publish_time":1349197354309,"_hasShrinkwrap":false,"_cnpm_publish_time":1349197354309},"1.0.14":{"name":"semver","version":"1.0.14","description":"The semantic version parser used by npm.","main":"semver.js","scripts":{"test":"tap test.js"},"devDependencies":{"tap":"0.x >=0.0.4"},"license":{"type":"MIT","url":"https://github.com/isaacs/semver/raw/master/LICENSE"},"repository":{"type":"git","url":"git://github.com/isaacs/node-semver.git"},"bin":{"semver":"./bin/semver"},"_npmUser":{"name":"isaacs","email":"i@izs.me"},"_id":"semver@1.0.14","dependencies":{},"optionalDependencies":{},"engines":{"node":"*"},"_engineSupported":true,"_npmVersion":"1.1.22","_nodeVersion":"v0.7.9","_defaultsLoaded":true,"dist":{"shasum":"cac5e2d55a6fbf958cb220ae844045071c78f676","size":8029,"noattachment":false,"tarball":"http://registry.npm.taobao.org/semver/download/semver-1.0.14.tgz"},"maintainers":[{"name":"isaacs","email":"i@izs.me"},{"name":"othiym23","email":"ogd@aoaioxxysz.net"}],"directories":{},"publish_time":1338079652831,"_hasShrinkwrap":false,"_cnpm_publish_time":1338079652831},"1.0.13":{"name":"semver","version":"1.0.13","description":"The semantic version parser used by npm.","main":"semver.js","scripts":{"test":"tap test.js"},"devDependencies":{"tap":"0.x >=0.0.4"},"license":{"type":"MIT","url":"https://github.com/isaacs/semver/raw/master/LICENSE"},"repository":{"type":"git","url":"git://github.com/isaacs/node-semver.git"},"bin":{"semver":"./bin/semver"},"_npmUser":{"name":"isaacs","email":"i@izs.me"},"_id":"semver@1.0.13","dependencies":{},"engines":{"node":"*"},"_engineSupported":true,"_npmVersion":"1.1.0-beta-7","_nodeVersion":"v0.6.7-pre","_defaultsLoaded":true,"dist":{"shasum":"9512ce1392105e72a0b739b27f39e0242913d07e","size":7986,"noattachment":false,"tarball":"http://registry.npm.taobao.org/semver/download/semver-1.0.13.tgz"},"maintainers":[{"name":"isaacs","email":"i@izs.me"},{"name":"othiym23","email":"ogd@aoaioxxysz.net"}],"directories":{},"publish_time":1324487234144,"_hasShrinkwrap":false,"_cnpm_publish_time":1324487234144},"1.0.12":{"name":"semver","version":"1.0.12","description":"The semantic version parser used by npm.","main":"semver.js","scripts":{"test":"tap test.js"},"devDependencies":{"tap":"0.x >=0.0.4"},"license":{"type":"MIT","url":"https://github.com/isaacs/semver/raw/master/LICENSE"},"repository":{"type":"git","url":"git://github.com/isaacs/node-semver.git"},"bin":{"semver":"./bin/semver"},"_npmUser":{"name":"isaacs","email":"i@izs.me"},"_id":"semver@1.0.12","dependencies":{},"engines":{"node":"*"},"_engineSupported":true,"_npmVersion":"1.0.106","_nodeVersion":"v0.6.2-pre","_defaultsLoaded":true,"dist":{"shasum":"4686f056e5894a9cba708adeabc2c49dada90778","size":10240,"noattachment":false,"tarball":"http://registry.npm.taobao.org/semver/download/semver-1.0.12.tgz"},"maintainers":[{"name":"isaacs","email":"i@izs.me"},{"name":"othiym23","email":"ogd@aoaioxxysz.net"}],"directories":{},"publish_time":1321643042511,"_hasShrinkwrap":false,"_cnpm_publish_time":1321643042511},"1.0.11":{"name":"semver","version":"1.0.11","description":"The semantic version parser used by npm.","main":"semver.js","scripts":{"test":"tap test.js"},"devDependencies":{"tap":"0.x >=0.0.4"},"license":{"type":"MIT","url":"https://github.com/isaacs/semver/raw/master/LICENSE"},"repository":{"type":"git","url":"git://github.com/isaacs/node-semver.git"},"bin":{"semver":"./bin/semver"},"_npmUser":{"name":"isaacs","email":"i@izs.me"},"_id":"semver@1.0.11","dependencies":{},"engines":{"node":"*"},"_engineSupported":true,"_npmVersion":"1.0.105","_nodeVersion":"v0.6.1-pre","_defaultsLoaded":true,"dist":{"shasum":"1bd01c550d477cbf9a839b02269c4011ce147992","size":10240,"noattachment":false,"tarball":"http://registry.npm.taobao.org/semver/download/semver-1.0.11.tgz"},"maintainers":[{"name":"isaacs","email":"i@izs.me"},{"name":"othiym23","email":"ogd@aoaioxxysz.net"}],"directories":{},"publish_time":1321375204239,"_hasShrinkwrap":false,"_cnpm_publish_time":1321375204239},"1.0.10":{"name":"semver","version":"1.0.10","description":"The semantic version parser used by npm.","main":"semver.js","scripts":{"test":"tap semver.js"},"devDependencies":{"tap":"0.x >=0.0.4"},"license":{"type":"MIT","url":"https://github.com/isaacs/semver/raw/master/LICENSE"},"repository":{"type":"git","url":"git://github.com/isaacs/node-semver.git"},"bin":{"semver":"./bin/semver"},"_npmUser":{"name":"isaacs","email":"i@izs.me"},"_id":"semver@1.0.10","dependencies":{},"engines":{"node":"*"},"_engineSupported":true,"_npmVersion":"1.0.92","_nodeVersion":"v0.5.9-pre","_defaultsLoaded":true,"dist":{"shasum":"cfa5a85d95888c75b4a9275bda7491568d8cfd20","size":10240,"noattachment":false,"tarball":"http://registry.npm.taobao.org/semver/download/semver-1.0.10.tgz"},"maintainers":[{"name":"isaacs","email":"i@izs.me"},{"name":"othiym23","email":"ogd@aoaioxxysz.net"}],"directories":{},"publish_time":1317693097206,"_hasShrinkwrap":false,"_cnpm_publish_time":1317693097206},"1.0.9":{"name":"semver","version":"1.0.9","description":"The semantic version parser used by npm.","main":"semver.js","scripts":{"test":"tap semver.js"},"devDependencies":{"tap":"0.x >=0.0.4"},"license":{"type":"MIT","url":"https://github.com/isaacs/semver/raw/master/LICENSE"},"repository":{"type":"git","url":"git://github.com/isaacs/node-semver.git"},"bin":{"semver":"./bin/semver"},"_npmJsonOpts":{"file":"/Users/isaacs/.npm/semver/1.0.9/package/package.json","wscript":false,"contributors":false,"serverjs":false},"_id":"semver@1.0.9","dependencies":{},"engines":{"node":"*"},"_engineSupported":true,"_npmVersion":"1.0.18","_nodeVersion":"v0.4.10-pre","_defaultsLoaded":true,"dist":{"shasum":"d053046aea88e25b488ecbc0a8c9deda03db8a9c","size":7001,"noattachment":false,"tarball":"http://registry.npm.taobao.org/semver/download/semver-1.0.9.tgz"},"directories":{},"publish_time":1311197893081,"maintainers":[{"name":"isaacs","email":"i@izs.me"},{"name":"othiym23","email":"ogd@aoaioxxysz.net"}],"_hasShrinkwrap":false,"_cnpm_publish_time":1311197893081},"1.0.8":{"name":"semver","version":"1.0.8","description":"The semantic version parser used by npm.","main":"semver.js","scripts":{"test":"tap semver.js"},"devDependencies":{"tap":"0.x >=0.0.4"},"license":{"type":"MIT","url":"https://github.com/isaacs/semver/raw/master/LICENSE"},"repository":{"type":"git","url":"git://github.com/isaacs/node-semver.git"},"bin":{"semver":"./bin/semver"},"_npmJsonOpts":{"file":"/Users/isaacs/.npm/semver/1.0.8/package/package.json","wscript":false,"contributors":false,"serverjs":false},"_id":"semver@1.0.8","dependencies":{},"engines":{"node":"*"},"_engineSupported":true,"_npmVersion":"1.0.15","_nodeVersion":"v0.4.9-pre","_defaultsLoaded":true,"dist":{"shasum":"8a78a9bfad863a0660683c33c91f08b6cd2cfa98","size":7000,"noattachment":false,"tarball":"http://registry.npm.taobao.org/semver/download/semver-1.0.8.tgz"},"directories":{},"publish_time":1309211931266,"maintainers":[{"name":"isaacs","email":"i@izs.me"},{"name":"othiym23","email":"ogd@aoaioxxysz.net"}],"_hasShrinkwrap":false,"_cnpm_publish_time":1309211931266},"1.0.7":{"name":"semver","version":"1.0.7","description":"The semantic version parser used by npm.","main":"semver.js","scripts":{"test":"node semver.js"},"devDependencies":{"tap":"0.x"},"license":{"type":"MIT","url":"https://github.com/isaacs/semver/raw/master/LICENSE"},"repository":{"type":"git","url":"git://github.com/isaacs/node-semver.git"},"bin":{"semver":"./bin/semver"},"_npmJsonOpts":{"file":"/Users/isaacs/.npm/semver/1.0.7/package/package.json","wscript":false,"contributors":false,"serverjs":false},"_id":"semver@1.0.7","dependencies":{},"engines":{"node":"*"},"_engineSupported":true,"_npmVersion":"1.0.13","_nodeVersion":"v0.5.0-pre","_defaultsLoaded":true,"dist":{"shasum":"668e127e81e81e0954d25a6d2c1cb20a1538b2e3","size":6997,"noattachment":false,"tarball":"http://registry.npm.taobao.org/semver/download/semver-1.0.7.tgz"},"directories":{},"publish_time":1308327967324,"maintainers":[{"name":"isaacs","email":"i@izs.me"},{"name":"othiym23","email":"ogd@aoaioxxysz.net"}],"_hasShrinkwrap":false,"_cnpm_publish_time":1308327967324},"1.0.6":{"name":"semver","version":"1.0.6","description":"The semantic version parser used by npm.","main":"semver.js","scripts":{"test":"node semver.js"},"devDependencies":{"tap":"0.x"},"license":{"type":"MIT","url":"https://github.com/isaacs/semver/raw/master/LICENSE"},"repository":{"type":"git","url":"git://github.com/isaacs/node-semver.git"},"bin":{"semver":"./bin/semver"},"dependencies":{},"_id":"semver@1.0.6","engines":{"node":"*"},"_engineSupported":true,"_npmVersion":"1.0.6","_nodeVersion":"v0.4.8-pre","_defaultsLoaded":true,"dist":{"shasum":"697b6bff4b3eca86f35dc037c9ab2f1eb7af1a9e","size":6987,"noattachment":false,"tarball":"http://registry.npm.taobao.org/semver/download/semver-1.0.6.tgz"},"directories":{},"publish_time":1305936587724,"maintainers":[{"name":"isaacs","email":"i@izs.me"},{"name":"othiym23","email":"ogd@aoaioxxysz.net"}],"_hasShrinkwrap":false,"_cnpm_publish_time":1305936587724},"1.0.5":{"name":"semver","version":"1.0.5","description":"The semantic version parser used by npm.","main":"semver.js","scripts":{"test":"node semver.js"},"devDependencies":{"tap":"0.x"},"repository":{"type":"git","url":"git://github.com/isaacs/node-semver.git"},"bin":{"semver":"./bin/semver"},"dependencies":{},"_id":"semver@1.0.5","engines":{"node":"*"},"_engineSupported":true,"_npmVersion":"1.0.4","_nodeVersion":"v0.4.8-pre","_defaultsLoaded":true,"dist":{"shasum":"7abca9337d64408ec2d42ffd974858c04dca3bdb","size":5917,"noattachment":false,"tarball":"http://registry.npm.taobao.org/semver/download/semver-1.0.5.tgz"},"directories":{},"publish_time":1304464314939,"maintainers":[{"name":"isaacs","email":"i@izs.me"},{"name":"othiym23","email":"ogd@aoaioxxysz.net"}],"_hasShrinkwrap":false,"_cnpm_publish_time":1304464314939},"1.0.4":{"name":"semver","version":"1.0.4","description":"The semantic version parser used by npm.","main":"semver.js","scripts":{"test":"node semver.js"},"devDependencies":{"tap":"0.x"},"repository":{"type":"git","url":"git://github.com/isaacs/node-semver.git"},"bin":{"semver":"./bin/semver"},"dependencies":{},"_id":"semver@1.0.4","engines":{"node":"*"},"_engineSupported":true,"_npmVersion":"1.0.1rc9","_nodeVersion":"v0.5.0-pre","_defaultsLoaded":true,"dist":{"shasum":"41c0da40706d0defe763998281fc616a2a5d1e46","size":5852,"noattachment":false,"tarball":"http://registry.npm.taobao.org/semver/download/semver-1.0.4.tgz"},"directories":{},"publish_time":1303371131512,"maintainers":[{"name":"isaacs","email":"i@izs.me"},{"name":"othiym23","email":"ogd@aoaioxxysz.net"}],"_hasShrinkwrap":false,"_cnpm_publish_time":1303371131512},"1.0.3":{"name":"semver","version":"1.0.3","description":"The semantic version parser used by npm.","main":"semver.js","scripts":{"test":"node semver.js"},"repository":{"type":"git","url":"git://github.com/isaacs/node-semver.git"},"bin":{"semver":"./bin/semver"},"dependencies":{},"devDependencies":{},"_id":"semver@1.0.3","engines":{"node":"*"},"_engineSupported":true,"_npmVersion":"1.0.1rc9","_nodeVersion":"v0.5.0-pre","_defaultsLoaded":true,"dist":{"shasum":"453f40adadf8ce23ff4eb937972c6a007d52ef0d","size":4743,"noattachment":false,"tarball":"http://registry.npm.taobao.org/semver/download/semver-1.0.3.tgz"},"directories":{},"publish_time":1303255753670,"maintainers":[{"name":"isaacs","email":"i@izs.me"},{"name":"othiym23","email":"ogd@aoaioxxysz.net"}],"_hasShrinkwrap":false,"_cnpm_publish_time":1303255753670},"1.0.2":{"name":"semver","version":"1.0.2","description":"The semantic version parser used by npm.","main":"semver.js","scripts":{"test":"node semver.js"},"repository":{"type":"git","url":"git://github.com/isaacs/node-semver.git"},"bin":{"semver":"./bin/semver"},"_id":"semver@1.0.2","engines":{"node":"*"},"_engineSupported":true,"_npmVersion":"1.0.0rc3","_nodeVersion":"v0.5.0-pre","directories":{"bin":"./bin"},"_defaultsLoaded":true,"dist":{"shasum":"57e4e1460c0f1abc2c2c6273457abc04e309706c","size":4587,"noattachment":false,"tarball":"http://registry.npm.taobao.org/semver/download/semver-1.0.2.tgz"},"publish_time":1300829255218,"maintainers":[{"name":"isaacs","email":"i@izs.me"},{"name":"othiym23","email":"ogd@aoaioxxysz.net"}],"_hasShrinkwrap":false,"_cnpm_publish_time":1300829255218},"1.0.1":{"name":"semver","version":"1.0.1","description":"The semantic version parser used by npm.","main":"semver.js","scripts":{"test":"node semver.js"},"repository":{"type":"git","url":"git://github.com/isaacs/node-semver.git"},"bin":{"semver":"./bin/semver"},"_id":"semver@1.0.1","engines":{"node":"*"},"_engineSupported":true,"_npmVersion":"0.3.0-8","_nodeVersion":"v0.5.0-pre","directories":{"bin":"./bin"},"files":[""],"_defaultsLoaded":true,"dist":{"shasum":"93b90b9a3e00c7a143f2e49f6e2b32fd72237cdb","size":4587,"noattachment":false,"tarball":"http://registry.npm.taobao.org/semver/download/semver-1.0.1.tgz"},"publish_time":1298049349775,"maintainers":[{"name":"isaacs","email":"i@izs.me"},{"name":"othiym23","email":"ogd@aoaioxxysz.net"}],"_hasShrinkwrap":false,"_cnpm_publish_time":1298049349775},"1.0.0":{"name":"semver","version":"1.0.0","description":"The semantic version parser used by npm.","main":"semver","scripts":{"test":"node semver.js"},"bin":{"semver":"./bin/semver"},"_id":"semver@1.0.0","engines":{"node":"*"},"_engineSupported":true,"_npmVersion":"0.3.0-beta","_nodeVersion":"v0.4.0","directories":{"bin":"./bin"},"files":[""],"_defaultsLoaded":true,"dist":{"shasum":"11f18a0c08ed21c988fc2b0257f1951969816615","size":3946,"noattachment":false,"tarball":"http://registry.npm.taobao.org/semver/download/semver-1.0.0.tgz"},"publish_time":1297470026037,"maintainers":[{"name":"isaacs","email":"i@izs.me"},{"name":"othiym23","email":"ogd@aoaioxxysz.net"}],"_hasShrinkwrap":false,"_cnpm_publish_time":1297470026037}},"readme":"semver(1) -- The semantic versioner for npm\n===========================================\n\n## Usage\n\n    $ npm install semver\n    $ node\n    var semver = require('semver')\n\n    semver.valid('1.2.3') // '1.2.3'\n    semver.valid('a.b.c') // null\n    semver.clean('  =v1.2.3   ') // '1.2.3'\n    semver.satisfies('1.2.3', '1.x || >=2.5.0 || 5.0.0 - 7.2.3') // true\n    semver.gt('1.2.3', '9.8.7') // false\n    semver.lt('1.2.3', '9.8.7') // true\n\nAs a command-line utility:\n\n    $ semver -h\n\n    SemVer 5.1.0\n\n    A JavaScript implementation of the http://semver.org/ specification\n    Copyright Isaac Z. Schlueter\n\n    Usage: semver [options] <version> [<version> [...]]\n    Prints valid versions sorted by SemVer precedence\n\n    Options:\n    -r --range <range>\n            Print versions that match the specified range.\n\n    -i --increment [<level>]\n            Increment a version by the specified level.  Level can\n            be one of: major, minor, patch, premajor, preminor,\n            prepatch, or prerelease.  Default level is 'patch'.\n            Only one version may be specified.\n\n    --preid <identifier>\n            Identifier to be used to prefix premajor, preminor,\n            prepatch or prerelease version increments.\n\n    -l --loose\n            Interpret versions and ranges loosely\n\n    Program exits successfully if any valid version satisfies\n    all supplied ranges, and prints all satisfying versions.\n\n    If no satisfying versions are found, then exits failure.\n\n    Versions are printed in ascending order, so supplying\n    multiple versions to the utility will just sort them.\n\n## Versions\n\nA \"version\" is described by the `v2.0.0` specification found at\n<http://semver.org/>.\n\nA leading `\"=\"` or `\"v\"` character is stripped off and ignored.\n\n## Ranges\n\nA `version range` is a set of `comparators` which specify versions\nthat satisfy the range.\n\nA `comparator` is composed of an `operator` and a `version`.  The set\nof primitive `operators` is:\n\n* `<` Less than\n* `<=` Less than or equal to\n* `>` Greater than\n* `>=` Greater than or equal to\n* `=` Equal.  If no operator is specified, then equality is assumed,\n  so this operator is optional, but MAY be included.\n\nFor example, the comparator `>=1.2.7` would match the versions\n`1.2.7`, `1.2.8`, `2.5.3`, and `1.3.9`, but not the versions `1.2.6`\nor `1.1.0`.\n\nComparators can be joined by whitespace to form a `comparator set`,\nwhich is satisfied by the **intersection** of all of the comparators\nit includes.\n\nA range is composed of one or more comparator sets, joined by `||`.  A\nversion matches a range if and only if every comparator in at least\none of the `||`-separated comparator sets is satisfied by the version.\n\nFor example, the range `>=1.2.7 <1.3.0` would match the versions\n`1.2.7`, `1.2.8`, and `1.2.99`, but not the versions `1.2.6`, `1.3.0`,\nor `1.1.0`.\n\nThe range `1.2.7 || >=1.2.9 <2.0.0` would match the versions `1.2.7`,\n`1.2.9`, and `1.4.6`, but not the versions `1.2.8` or `2.0.0`.\n\n### Prerelease Tags\n\nIf a version has a prerelease tag (for example, `1.2.3-alpha.3`) then\nit will only be allowed to satisfy comparator sets if at least one\ncomparator with the same `[major, minor, patch]` tuple also has a\nprerelease tag.\n\nFor example, the range `>1.2.3-alpha.3` would be allowed to match the\nversion `1.2.3-alpha.7`, but it would *not* be satisfied by\n`3.4.5-alpha.9`, even though `3.4.5-alpha.9` is technically \"greater\nthan\" `1.2.3-alpha.3` according to the SemVer sort rules.  The version\nrange only accepts prerelease tags on the `1.2.3` version.  The\nversion `3.4.5` *would* satisfy the range, because it does not have a\nprerelease flag, and `3.4.5` is greater than `1.2.3-alpha.7`.\n\nThe purpose for this behavior is twofold.  First, prerelease versions\nfrequently are updated very quickly, and contain many breaking changes\nthat are (by the author's design) not yet fit for public consumption.\nTherefore, by default, they are excluded from range matching\nsemantics.\n\nSecond, a user who has opted into using a prerelease version has\nclearly indicated the intent to use *that specific* set of\nalpha/beta/rc versions.  By including a prerelease tag in the range,\nthe user is indicating that they are aware of the risk.  However, it\nis still not appropriate to assume that they have opted into taking a\nsimilar risk on the *next* set of prerelease versions.\n\n#### Prerelease Identifiers\n\nThe method `.inc` takes an additional `identifier` string argument that\nwill append the value of the string as a prerelease identifier:\n\n```javascript\n> semver.inc('1.2.3', 'prerelease', 'beta')\n'1.2.4-beta.0'\n```\n\ncommand-line example:\n\n```shell\n$ semver 1.2.3 -i prerelease --preid beta\n1.2.4-beta.0\n```\n\nWhich then can be used to increment further:\n\n```shell\n$ semver 1.2.4-beta.0 -i prerelease\n1.2.4-beta.1\n```\n\n### Advanced Range Syntax\n\nAdvanced range syntax desugars to primitive comparators in\ndeterministic ways.\n\nAdvanced ranges may be combined in the same way as primitive\ncomparators using white space or `||`.\n\n#### Hyphen Ranges `X.Y.Z - A.B.C`\n\nSpecifies an inclusive set.\n\n* `1.2.3 - 2.3.4` := `>=1.2.3 <=2.3.4`\n\nIf a partial version is provided as the first version in the inclusive\nrange, then the missing pieces are replaced with zeroes.\n\n* `1.2 - 2.3.4` := `>=1.2.0 <=2.3.4`\n\nIf a partial version is provided as the second version in the\ninclusive range, then all versions that start with the supplied parts\nof the tuple are accepted, but nothing that would be greater than the\nprovided tuple parts.\n\n* `1.2.3 - 2.3` := `>=1.2.3 <2.4.0`\n* `1.2.3 - 2` := `>=1.2.3 <3.0.0`\n\n#### X-Ranges `1.2.x` `1.X` `1.2.*` `*`\n\nAny of `X`, `x`, or `*` may be used to \"stand in\" for one of the\nnumeric values in the `[major, minor, patch]` tuple.\n\n* `*` := `>=0.0.0` (Any version satisfies)\n* `1.x` := `>=1.0.0 <2.0.0` (Matching major version)\n* `1.2.x` := `>=1.2.0 <1.3.0` (Matching major and minor versions)\n\nA partial version range is treated as an X-Range, so the special\ncharacter is in fact optional.\n\n* `\"\"` (empty string) := `*` := `>=0.0.0`\n* `1` := `1.x.x` := `>=1.0.0 <2.0.0`\n* `1.2` := `1.2.x` := `>=1.2.0 <1.3.0`\n\n#### Tilde Ranges `~1.2.3` `~1.2` `~1`\n\nAllows patch-level changes if a minor version is specified on the\ncomparator.  Allows minor-level changes if not.\n\n* `~1.2.3` := `>=1.2.3 <1.(2+1).0` := `>=1.2.3 <1.3.0`\n* `~1.2` := `>=1.2.0 <1.(2+1).0` := `>=1.2.0 <1.3.0` (Same as `1.2.x`)\n* `~1` := `>=1.0.0 <(1+1).0.0` := `>=1.0.0 <2.0.0` (Same as `1.x`)\n* `~0.2.3` := `>=0.2.3 <0.(2+1).0` := `>=0.2.3 <0.3.0`\n* `~0.2` := `>=0.2.0 <0.(2+1).0` := `>=0.2.0 <0.3.0` (Same as `0.2.x`)\n* `~0` := `>=0.0.0 <(0+1).0.0` := `>=0.0.0 <1.0.0` (Same as `0.x`)\n* `~1.2.3-beta.2` := `>=1.2.3-beta.2 <1.3.0` Note that prereleases in\n  the `1.2.3` version will be allowed, if they are greater than or\n  equal to `beta.2`.  So, `1.2.3-beta.4` would be allowed, but\n  `1.2.4-beta.2` would not, because it is a prerelease of a\n  different `[major, minor, patch]` tuple.\n\n#### Caret Ranges `^1.2.3` `^0.2.5` `^0.0.4`\n\nAllows changes that do not modify the left-most non-zero digit in the\n`[major, minor, patch]` tuple.  In other words, this allows patch and\nminor updates for versions `1.0.0` and above, patch updates for\nversions `0.X >=0.1.0`, and *no* updates for versions `0.0.X`.\n\nMany authors treat a `0.x` version as if the `x` were the major\n\"breaking-change\" indicator.\n\nCaret ranges are ideal when an author may make breaking changes\nbetween `0.2.4` and `0.3.0` releases, which is a common practice.\nHowever, it presumes that there will *not* be breaking changes between\n`0.2.4` and `0.2.5`.  It allows for changes that are presumed to be\nadditive (but non-breaking), according to commonly observed practices.\n\n* `^1.2.3` := `>=1.2.3 <2.0.0`\n* `^0.2.3` := `>=0.2.3 <0.3.0`\n* `^0.0.3` := `>=0.0.3 <0.0.4`\n* `^1.2.3-beta.2` := `>=1.2.3-beta.2 <2.0.0` Note that prereleases in\n  the `1.2.3` version will be allowed, if they are greater than or\n  equal to `beta.2`.  So, `1.2.3-beta.4` would be allowed, but\n  `1.2.4-beta.2` would not, because it is a prerelease of a\n  different `[major, minor, patch]` tuple.\n* `^0.0.3-beta` := `>=0.0.3-beta <0.0.4`  Note that prereleases in the\n  `0.0.3` version *only* will be allowed, if they are greater than or\n  equal to `beta`.  So, `0.0.3-pr.2` would be allowed.\n\nWhen parsing caret ranges, a missing `patch` value desugars to the\nnumber `0`, but will allow flexibility within that value, even if the\nmajor and minor versions are both `0`.\n\n* `^1.2.x` := `>=1.2.0 <2.0.0`\n* `^0.0.x` := `>=0.0.0 <0.1.0`\n* `^0.0` := `>=0.0.0 <0.1.0`\n\nA missing `minor` and `patch` values will desugar to zero, but also\nallow flexibility within those values, even if the major version is\nzero.\n\n* `^1.x` := `>=1.0.0 <2.0.0`\n* `^0.x` := `>=0.0.0 <1.0.0`\n\n### Range Grammar\n\nPutting all this together, here is a Backus-Naur grammar for ranges,\nfor the benefit of parser authors:\n\n```bnf\nrange-set  ::= range ( logical-or range ) *\nlogical-or ::= ( ' ' ) * '||' ( ' ' ) *\nrange      ::= hyphen | simple ( ' ' simple ) * | ''\nhyphen     ::= partial ' - ' partial\nsimple     ::= primitive | partial | tilde | caret\nprimitive  ::= ( '<' | '>' | '>=' | '<=' | '=' | ) partial\npartial    ::= xr ( '.' xr ( '.' xr qualifier ? )? )?\nxr         ::= 'x' | 'X' | '*' | nr\nnr         ::= '0' | ['1'-'9'] ( ['0'-'9'] ) *\ntilde      ::= '~' partial\ncaret      ::= '^' partial\nqualifier  ::= ( '-' pre )? ( '+' build )?\npre        ::= parts\nbuild      ::= parts\nparts      ::= part ( '.' part ) *\npart       ::= nr | [-0-9A-Za-z]+\n```\n\n## Functions\n\nAll methods and classes take a final `loose` boolean argument that, if\ntrue, will be more forgiving about not-quite-valid semver strings.\nThe resulting output will always be 100% strict, of course.\n\nStrict-mode Comparators and Ranges will be strict about the SemVer\nstrings that they parse.\n\n* `valid(v)`: Return the parsed version, or null if it's not valid.\n* `inc(v, release)`: Return the version incremented by the release\n  type (`major`,   `premajor`, `minor`, `preminor`, `patch`,\n  `prepatch`, or `prerelease`), or null if it's not valid\n  * `premajor` in one call will bump the version up to the next major\n    version and down to a prerelease of that major version.\n    `preminor`, and `prepatch` work the same way.\n  * If called from a non-prerelease version, the `prerelease` will work the\n    same as `prepatch`. It increments the patch version, then makes a\n    prerelease. If the input version is already a prerelease it simply\n    increments it.\n* `prerelease(v)`: Returns an array of prerelease components, or null\n  if none exist. Example: `prerelease('1.2.3-alpha.1') -> ['alpha', 1]`\n* `major(v)`: Return the major version number.\n* `minor(v)`: Return the minor version number.\n* `patch(v)`: Return the patch version number.\n\n### Comparison\n\n* `gt(v1, v2)`: `v1 > v2`\n* `gte(v1, v2)`: `v1 >= v2`\n* `lt(v1, v2)`: `v1 < v2`\n* `lte(v1, v2)`: `v1 <= v2`\n* `eq(v1, v2)`: `v1 == v2` This is true if they're logically equivalent,\n  even if they're not the exact same string.  You already know how to\n  compare strings.\n* `neq(v1, v2)`: `v1 != v2` The opposite of `eq`.\n* `cmp(v1, comparator, v2)`: Pass in a comparison string, and it'll call\n  the corresponding function above.  `\"===\"` and `\"!==\"` do simple\n  string comparison, but are included for completeness.  Throws if an\n  invalid comparison string is provided.\n* `compare(v1, v2)`: Return `0` if `v1 == v2`, or `1` if `v1` is greater, or `-1` if\n  `v2` is greater.  Sorts in ascending order if passed to `Array.sort()`.\n* `rcompare(v1, v2)`: The reverse of compare.  Sorts an array of versions\n  in descending order when passed to `Array.sort()`.\n* `diff(v1, v2)`: Returns difference between two versions by the release type\n  (`major`, `premajor`, `minor`, `preminor`, `patch`, `prepatch`, or `prerelease`),\n  or null if the versions are the same.\n\n\n### Ranges\n\n* `validRange(range)`: Return the valid range or null if it's not valid\n* `satisfies(version, range)`: Return true if the version satisfies the\n  range.\n* `maxSatisfying(versions, range)`: Return the highest version in the list\n  that satisfies the range, or `null` if none of them do.\n* `minSatisfying(versions, range)`: Return the lowest version in the list\n  that satisfies the range, or `null` if none of them do.\n* `gtr(version, range)`: Return `true` if version is greater than all the\n  versions possible in the range.\n* `ltr(version, range)`: Return `true` if version is less than all the\n  versions possible in the range.\n* `outside(version, range, hilo)`: Return true if the version is outside\n  the bounds of the range in either the high or low direction.  The\n  `hilo` argument must be either the string `'>'` or `'<'`.  (This is\n  the function called by `gtr` and `ltr`.)\n\nNote that, since ranges may be non-contiguous, a version might not be\ngreater than a range, less than a range, *or* satisfy a range!  For\nexample, the range `1.2 <1.2.9 || >2.0.0` would have a hole from `1.2.9`\nuntil `2.0.0`, so the version `1.2.10` would not be greater than the\nrange (because `2.0.1` satisfies, which is higher), nor less than the\nrange (since `1.2.8` satisfies, which is lower), and it also does not\nsatisfy the range.\n\nIf you want to know if a version satisfies or does not satisfy a\nrange, use the `satisfies(version, range)` function.\n","_attachments":{},"homepage":"https://github.com/npm/node-semver#readme","bugs":{"url":"https://github.com/npm/node-semver/issues"},"license":"ISC","_etag":"\"1492b-kmvaOfjX2P43jue/gxtmkMWjScM\""}