{"_id":"is-type-of","_rev":"1246341","name":"is-type-of","description":"complete type checking for node","dist-tags":{"latest":"1.0.0"},"maintainers":[{"name":"dead_horse","email":"dead_horse@qq.com"}],"time":{"modified":"2017-03-30T01:17:29.000Z","created":"2014-03-11T17:25:12.878Z","1.0.0":"2015-11-09T06:21:30.741Z","0.3.1":"2014-06-20T01:22:59.804Z","0.3.0":"2014-05-10T03:33:58.322Z","0.2.1":"2014-04-22T10:14:40.574Z","0.2.0":"2014-04-07T03:36:59.567Z","0.1.0":"2014-04-02T18:39:15.307Z","0.0.2":"2014-03-31T17:33:11.454Z","0.0.1":"2014-03-12T03:32:01.681Z","0.0.0":"2014-03-11T17:25:12.878Z"},"users":{"ninozhang":true,"shangsinian":true,"xudaolong":true},"author":{"name":"dead_horse","email":"dead_horse@qq.com"},"repository":{"type":"git","url":"git://github.com/node-modules/is-type-of.git"},"versions":{"1.0.0":{"name":"is-type-of","version":"1.0.0","description":"complete type checking for node","main":"index.js","scripts":{"test":"make test"},"repository":{"type":"git","url":"git://github.com/node-modules/is-type-of.git"},"files":["index.js"],"keywords":["typeof","checker","type","is"],"author":{"name":"dead_horse","email":"dead_horse@qq.com"},"license":"MIT","bugs":{"url":"https://github.com/node-modules/is-type-of/issues"},"homepage":"https://github.com/node-modules/is-type-of","devDependencies":{"autod":"~2.1.3","contributors":"*","istanbul":"~0.4.0","long":"~3.0.1","mocha":"~2.3.3","semver":"~5.0.3","should":"~7.1.1"},"dependencies":{"core-util-is":"~1.0.1","is-class":"~0.0.3","isstream":"~0.1.2"},"gitHead":"04920b1f4e1811d29606c9cc7674978e35a5560c","_id":"is-type-of@1.0.0","_shasum":"a506652e352751de88aeb41f20c1691de385e38c","_from":".","_npmVersion":"2.12.0","_nodeVersion":"4.0.0","_npmUser":{"name":"dead_horse","email":"dead_horse@qq.com"},"maintainers":[{"name":"dead_horse","email":"dead_horse@qq.com"}],"dist":{"shasum":"a506652e352751de88aeb41f20c1691de385e38c","size":2633,"noattachment":false,"tarball":"http://registry.npm.taobao.org/is-type-of/download/is-type-of-1.0.0.tgz"},"directories":{},"publish_time":1447050090741,"_cnpm_publish_time":1447050090741,"_hasShrinkwrap":false},"0.3.1":{"name":"is-type-of","version":"0.3.1","description":"complete type checking for node","main":"index.js","scripts":{"test":"make test"},"repository":{"type":"git","url":"git://github.com/node-modules/is-type-of.git"},"files":["index.js"],"keywords":["typeof","checker","type","is"],"author":{"name":"dead_horse","email":"dead_horse@qq.com"},"license":"MIT","bugs":{"url":"https://github.com/node-modules/is-type-of/issues"},"homepage":"https://github.com/node-modules/is-type-of","devDependencies":{"autod":"^0.1.1","contributors":"*","istanbul-harmony":"*","long":"1.1.2","mocha":"^1.17.1","should":"3.3.1"},"dependencies":{"core-util-is":"^1.0.1","isstream":"^0.1.0"},"_id":"is-type-of@0.3.1","dist":{"shasum":"bfabd0730cd3f718e48d2140d7548ddedd36055f","size":1583,"noattachment":false,"tarball":"http://registry.npm.taobao.org/is-type-of/download/is-type-of-0.3.1.tgz"},"_from":".","_npmVersion":"1.4.3","_npmUser":{"name":"dead_horse","email":"dead_horse@qq.com"},"maintainers":[{"name":"dead_horse","email":"dead_horse@qq.com"}],"directories":{},"publish_time":1403227379804,"_cnpm_publish_time":1403227379804,"_hasShrinkwrap":false},"0.3.0":{"name":"is-type-of","version":"0.3.0","description":"complete type checking for node","main":"index.js","scripts":{"test":"make test"},"repository":{"type":"git","url":"git://github.com/node-modules/is-type-of.git"},"files":["index.js"],"keywords":["typeof","checker","type","is"],"author":{"name":"dead_horse","email":"dead_horse@qq.com"},"license":"MIT","bugs":{"url":"https://github.com/node-modules/is-type-of/issues"},"homepage":"https://github.com/node-modules/is-type-of","devDependencies":{"autod":"^0.1.1","contributors":"*","istanbul-harmony":"*","long":"1.1.2","mocha":"^1.17.1","should":"3.3.1"},"dependencies":{"core-util-is":"^1.0.1","isstream":"^0.1.0"},"_id":"is-type-of@0.3.0","dist":{"shasum":"33d4e46868c6d1b4dded708e062df1ed9edc31c9","size":1567,"noattachment":false,"tarball":"http://registry.npm.taobao.org/is-type-of/download/is-type-of-0.3.0.tgz"},"_from":".","_npmVersion":"1.4.3","_npmUser":{"name":"dead_horse","email":"dead_horse@qq.com"},"maintainers":[{"name":"dead_horse","email":"dead_horse@qq.com"}],"directories":{},"publish_time":1399692838322,"_cnpm_publish_time":1399692838322,"_hasShrinkwrap":false},"0.2.1":{"name":"is-type-of","version":"0.2.1","description":"complete type checking for node","main":"index.js","scripts":{"test":"make test"},"repository":{"type":"git","url":"git://github.com/node-modules/is-type-of.git"},"files":["index.js"],"keywords":["typeof","checker","type","is"],"author":{"name":"dead_horse","email":"dead_horse@qq.com"},"license":"MIT","bugs":{"url":"https://github.com/node-modules/is-type-of/issues"},"homepage":"https://github.com/node-modules/is-type-of","devDependencies":{"autod":"^0.1.1","contributors":"*","istanbul-harmony":"*","long":"1.1.2","mocha":"^1.17.1","should":"3.3.1"},"dependencies":{"core-util-is":"^1.0.1","isstream":"^0.1.0"},"_id":"is-type-of@0.2.1","dist":{"shasum":"eda4770e7811ffeb9be869d7f34f421b36318f0d","size":1595,"noattachment":false,"tarball":"http://registry.npm.taobao.org/is-type-of/download/is-type-of-0.2.1.tgz"},"_from":".","_npmVersion":"1.4.3","_npmUser":{"name":"dead_horse","email":"dead_horse@qq.com"},"maintainers":[{"name":"dead_horse","email":"dead_horse@qq.com"}],"directories":{},"publish_time":1398161680574,"_cnpm_publish_time":1398161680574,"_hasShrinkwrap":false},"0.2.0":{"name":"is-type-of","version":"0.2.0","description":"complete type checking for node","main":"index.js","scripts":{"test":"make test"},"repository":{"type":"git","url":"git://github.com/dead-horse/is-type-of.git"},"files":["index.js"],"keywords":["typeof","checker","type","is"],"author":{"name":"dead_horse","email":"dead_horse@qq.com"},"license":"MIT","bugs":{"url":"https://github.com/dead-horse/is-type-of/issues"},"homepage":"https://github.com/dead-horse/is-type-of","devDependencies":{"autod":"^0.1.1","istanbul":"git://github.com/gotwarlost/istanbul.git#harmony","mocha":"^1.17.1","should":"3.2.0"},"dependencies":{"core-util-is":"1.0.1","isstream":"0.1.0"},"_id":"is-type-of@0.2.0","dist":{"shasum":"1e61eece8c6b9db2c304e3da3641862cb65684ab","size":1499,"noattachment":false,"tarball":"http://registry.npm.taobao.org/is-type-of/download/is-type-of-0.2.0.tgz"},"_from":".","_npmVersion":"1.4.3","_npmUser":{"name":"dead_horse","email":"dead_horse@qq.com"},"maintainers":[{"name":"dead_horse","email":"dead_horse@qq.com"}],"directories":{},"publish_time":1396841819567,"_hasShrinkwrap":false,"_cnpm_publish_time":1396841819567},"0.1.0":{"name":"is-type-of","version":"0.1.0","description":"complete type checking for node","main":"index.js","scripts":{"test":"make test"},"repository":{"type":"git","url":"git://github.com/dead-horse/is-type-of.git"},"files":["index.js"],"keywords":["typeof","checker","type","is"],"author":{"name":"dead_horse","email":"dead_horse@qq.com"},"license":"MIT","bugs":{"url":"https://github.com/dead-horse/is-type-of/issues"},"homepage":"https://github.com/dead-horse/is-type-of","devDependencies":{"autod":"^0.1.1","istanbul":"git://github.com/gotwarlost/istanbul.git#harmony","should":"^3.1.3","mocha":"^1.17.1"},"dependencies":{"core-util-is":"1.0.1"},"_id":"is-type-of@0.1.0","dist":{"shasum":"94b7568d90330495700570b551b5231125cbb0fc","size":1293,"noattachment":false,"tarball":"http://registry.npm.taobao.org/is-type-of/download/is-type-of-0.1.0.tgz"},"_from":".","_npmVersion":"1.4.3","_npmUser":{"name":"dead_horse","email":"dead_horse@qq.com"},"maintainers":[{"name":"dead_horse","email":"dead_horse@qq.com"}],"directories":{},"publish_time":1396463955307,"_hasShrinkwrap":false,"_cnpm_publish_time":1396463955307},"0.0.2":{"name":"is-type-of","version":"0.0.2","description":"complete type checking for node","main":"index.js","scripts":{"test":"make test"},"repository":{"type":"git","url":"git://github.com/dead-horse/is-type-of.git"},"files":["index.js"],"keywords":["typeof","checker","type","is"],"author":{"name":"dead_horse","email":"dead_horse@qq.com"},"license":"MIT","bugs":{"url":"https://github.com/dead-horse/is-type-of/issues"},"homepage":"https://github.com/dead-horse/is-type-of","devDependencies":{"autod":"^0.1.1","co-wait":"0.0.0","istanbul":"git://github.com/gotwarlost/istanbul.git#harmony","should":"^3.1.3","mocha":"^1.17.1"},"dependencies":{"core-util-is":"1.0.1"},"_id":"is-type-of@0.0.2","dist":{"shasum":"43ae863639d88c4ae44be5183b06b99b5a918dbe","size":1281,"noattachment":false,"tarball":"http://registry.npm.taobao.org/is-type-of/download/is-type-of-0.0.2.tgz"},"_from":".","_npmVersion":"1.4.3","_npmUser":{"name":"dead_horse","email":"dead_horse@qq.com"},"maintainers":[{"name":"dead_horse","email":"dead_horse@qq.com"}],"directories":{},"publish_time":1396287191454,"_hasShrinkwrap":false,"_cnpm_publish_time":1396287191454},"0.0.1":{"name":"is-type-of","version":"0.0.1","description":"complete type checking for node","main":"index.js","scripts":{"test":"make test"},"repository":{"type":"git","url":"git://github.com/dead-horse/is-type-of.git"},"files":["index.js"],"keywords":["typeof","checker","type","is"],"author":{"name":"dead_horse","email":"dead_horse@qq.com"},"license":"MIT","bugs":{"url":"https://github.com/dead-horse/is-type-of/issues"},"homepage":"https://github.com/dead-horse/is-type-of","devDependencies":{"autod":"^0.1.1","co-wait":"0.0.0","istanbul":"git://github.com/gotwarlost/istanbul.git#harmony","should":"^3.1.3","mocha":"^1.17.1"},"dependencies":{"core-util-is":"1.0.1"},"_id":"is-type-of@0.0.1","dist":{"shasum":"949360eb47bd9ec23b0352f9e1d89de8fc2335b1","size":1265,"noattachment":false,"tarball":"http://registry.npm.taobao.org/is-type-of/download/is-type-of-0.0.1.tgz"},"_from":".","_npmVersion":"1.4.4","_npmUser":{"name":"dead_horse","email":"dead_horse@qq.com"},"maintainers":[{"name":"dead_horse","email":"dead_horse@qq.com"}],"directories":{},"publish_time":1394595121681,"_hasShrinkwrap":false,"_cnpm_publish_time":1394595121681},"0.0.0":{"name":"is-type-of","version":"0.0.0","description":"complete type checking for node","main":"index.js","scripts":{"test":"make test"},"repository":{"type":"git","url":"git://github.com/dead-horse/is-type-of.git"},"files":["index.js"],"keywords":["typeof","checker","type","is"],"author":{"name":"dead_horse","email":"dead_horse@qq.com"},"license":"MIT","bugs":{"url":"https://github.com/dead-horse/is-type-of/issues"},"homepage":"https://github.com/dead-horse/is-type-of","devDependencies":{"autod":"^0.1.1"},"dependencies":{"core-util-is":"1.0.1"},"_id":"is-type-of@0.0.0","dist":{"shasum":"68ac20089775e2b448935bf0025cd4bcc57191c2","size":800,"noattachment":false,"tarball":"http://registry.npm.taobao.org/is-type-of/download/is-type-of-0.0.0.tgz"},"_from":".","_npmVersion":"1.4.4","_npmUser":{"name":"dead_horse","email":"dead_horse@qq.com"},"maintainers":[{"name":"dead_horse","email":"dead_horse@qq.com"}],"directories":{},"publish_time":1394558712878,"_hasShrinkwrap":false,"_cnpm_publish_time":1394558712878}},"readme":"is-type-of\n==========\n\ncomplete type checking for node, extend [core-util-is](https://github.com/isaacs/core-util-is)\n\ndependencies:\n\n- [core-util-is](https://github.com/isaacs/core-util-is)\n- [is-stream](https://github.com/rvagg/isstream)\n\n## Install\n\n```\nnpm install is-type-of\n```\n\n## Example\n\n```\nvar is = require('is-type-of');\n\nis.array([1]); // => true\nis.primitive(true); // => true\nis.primitive({}); // => false\nis.generatorFunction(function * () {}); // => true\nis.long(Math.pow(2, 33)); // => true\nis.double(0); // => false\n```\n\n## API\n\n### From [core-util-is](https://github.com/isaacs/core-util-is)\n\n#### is.array(arr)\n\n#### is.boolean(bool)\n\n#### is.null(null)\n\n#### is.nullOrUndefined(null)\n\n#### is.number(num)\n\n#### is.string(str)\n\n#### is.symbol(sym)\n\n#### is.undefined(undef)\n\n#### is.regExp(reg)\n\n#### is.object(obj)\n\n#### is.date(date)\n\n#### is.error(err)\n\n#### is.function(fn)\n\n#### is.primitive(prim)\n\n#### is.buffer(buf)\n\n### from [is-stream](https://github.com/rvagg/isstream)\n\n#### is.stream(stream)\n\n#### is.readableStream(readable)\n\n#### is.writableStream(writable)\n\n#### is.duplexStream(duplex)\n\n### from [is-class](https://github.com/miguelmota/is-class)\n\n#### is.class(obj)\n\n### Extend API\n\n#### is.finite(num)\n\n#### is.NaN(NaN)\n\n#### is.generator(gen)\n\n#### is.generatorFunction(fn)\n\n#### is.promise(fn)\n\n#### is.int(int)\n\n#### is.double(double)\n\n#### is.int32(int)\n\n#### is.long(long)\n\n#### is.Long(Long)\n\n  * Support [Long](https://github.com/dcodeIO/Long.js) instance.\n\n## License\n\nMIT\n","_attachments":{},"homepage":"https://github.com/node-modules/is-type-of","bugs":{"url":"https://github.com/node-modules/is-type-of/issues"},"license":"MIT","_etag":"\"3296-h/nK2l3SDa/f1edTwTbX0ySoCak\""}