{"_id":"digest-header","_rev":"74043","name":"digest-header","description":"Digest access authentication header helper","dist-tags":{"latest":"0.0.1"},"maintainers":[{"name":"fengmk2","email":"fengmk2@gmail.com"}],"time":{"modified":"2017-03-28T19:05:39.000Z","created":"2014-03-29T02:44:22.555Z","0.0.1":"2014-03-31T03:21:53.035Z","0.0.0":"2014-03-29T02:44:22.555Z"},"users":{},"author":{"name":"fengmk2","email":"fengmk2@gmail.com","url":"http://fengmk2.github.com"},"repository":{"type":"git","url":"git://github.com/fengmk2/digest-header.git","web":"https://github.com/fengmk2/digest-header"},"versions":{"0.0.1":{"name":"digest-header","version":"0.0.1","description":"Digest access authentication header helper","main":"index.js","scripts":{"test":"make test-all"},"config":{"cov":{"threshold":100}},"dependencies":{"utility":"0.1.11"},"devDependencies":{"autod":"*","contributors":"*","cov":"*","istanbul-harmony":"*","jshint":"*","mocha":"*","should":"3.2.0"},"homepage":"https://github.com/fengmk2/digest-header","repository":{"type":"git","url":"git://github.com/fengmk2/digest-header.git","web":"https://github.com/fengmk2/digest-header"},"bugs":{"url":"https://github.com/fengmk2/digest-header/issues","email":"fengmk2@gmail.com"},"keywords":["digest","http-digest","baseauth","www-authenticate","authentication","http-authentication","digestauth","digest-auth","digest-header"],"engines":{"node":">= 0.10.0"},"author":{"name":"fengmk2","email":"fengmk2@gmail.com","url":"http://fengmk2.github.com"},"license":"MIT","contributors":[{"name":"fengmk2","email":"fengmk2@gmail.com","url":"https://github.com/fengmk2"}],"_id":"digest-header@0.0.1","dist":{"shasum":"11ccf6deec5766ac379744d901c12cba49514be6","size":3052,"noattachment":false,"tarball":"http://registry.npm.taobao.org/digest-header/download/digest-header-0.0.1.tgz"},"_from":".","_npmVersion":"1.4.6","_npmUser":{"name":"fengmk2","email":"fengmk2@gmail.com"},"maintainers":[{"name":"fengmk2","email":"fengmk2@gmail.com"}],"directories":{},"publish_time":1396236113035,"_cnpm_publish_time":1396236113035,"_hasShrinkwrap":false},"0.0.0":{"name":"digest-header","version":"0.0.0","description":"digest-header","main":"index.js","scripts":{"test":"make test-all"},"config":{"cov":{"threshold":100}},"dependencies":{},"devDependencies":{"autod":"*","contributors":"*","should":"*","jshint":"*","cov":"*","istanbul-harmony":"*","mocha":"*"},"homepage":"https://github.com/fengmk2/digest-header","repository":{"type":"git","url":"git://github.com/fengmk2/digest-header.git","web":"https://github.com/fengmk2/digest-header"},"bugs":{"url":"https://github.com/fengmk2/digest-header/issues","email":"fengmk2@gmail.com"},"keywords":["digest-header"],"engines":{"node":">= 0.10.0"},"author":{"name":"fengmk2","email":"fengmk2@gmail.com","url":"http://fengmk2.github.com"},"license":"MIT","contributors":[],"_id":"digest-header@0.0.0","dist":{"shasum":"b18e0cfc6408a328af3a52a0b41b831d859133f8","size":1827,"noattachment":false,"tarball":"http://registry.npm.taobao.org/digest-header/download/digest-header-0.0.0.tgz"},"_from":".","_npmVersion":"1.4.6","_npmUser":{"name":"fengmk2","email":"fengmk2@gmail.com"},"maintainers":[{"name":"fengmk2","email":"fengmk2@gmail.com"}],"directories":{},"publish_time":1396061062555,"_cnpm_publish_time":1396061062555,"_hasShrinkwrap":false}},"readme":"digest-header\n=======\n\n[![Build Status](https://secure.travis-ci.org/fengmk2/digest-header.png)](http://travis-ci.org/fengmk2/digest-header) [![Dependency Status](https://gemnasium.com/fengmk2/digest-header.png)](https://gemnasium.com/fengmk2/digest-header)\n\n[![NPM](https://nodei.co/npm/digest-header.png?downloads=true&stars=true)](https://nodei.co/npm/digest-header/)\n\n![logo](https://raw.github.com/fengmk2/digest-header/master/logo.png)\n\nDigest access authentication header helper.\n\nCoverage [100%](http://qtestbucket.qiniudn.com/cov/html/node-v0.11.12/digest-header/0.0.0/index.html)\n\n## Install\n\n```bash\n$ npm install digest-header\n```\n\n## Usage\n\n```js\nvar digest = require('digest-header');\n\nvar method = 'GET';\nvar uri = '/admin';\nvar wwwAuthenticate = res.headers['WWW-Authenticate'];\nvar userpass = 'user:pass';\nvar auth = digest(method, uri, wwwAuthenticate, userpass);\n```\n\n## License\n\n(The MIT License)\n\nCopyright (c) 2014 fengmk2 &lt;fengmk2@gmail.com&gt; and other contributors\n\nPermission is hereby granted, free of charge, to any person obtaining\na copy of this software and associated documentation files (the\n'Software'), to deal in the Software without restriction, including\nwithout limitation the rights to use, copy, modify, merge, publish,\ndistribute, sublicense, and/or sell copies of the Software, and to\npermit persons to whom the Software is furnished to do so, subject to\nthe following conditions:\n\nThe above copyright notice and this permission notice shall be\nincluded in all copies or substantial portions of the Software.\n\nTHE SOFTWARE IS PROVIDED 'AS IS', WITHOUT WARRANTY OF ANY KIND,\nEXPRESS OR IMPLIED, INCLUDING BUT NOT LIMITED TO THE WARRANTIES OF\nMERCHANTABILITY, FITNESS FOR A PARTICULAR PURPOSE AND NONINFRINGEMENT.\nIN NO EVENT SHALL THE AUTHORS OR COPYRIGHT HOLDERS BE LIABLE FOR ANY\nCLAIM, DAMAGES OR OTHER LIABILITY, WHETHER IN AN ACTION OF CONTRACT,\nTORT OR OTHERWISE, ARISING FROM, OUT OF OR IN CONNECTION WITH THE\nSOFTWARE OR THE USE OR OTHER DEALINGS IN THE SOFTWARE.\n","_attachments":{},"homepage":"https://github.com/fengmk2/digest-header","bugs":{"url":"https://github.com/fengmk2/digest-header/issues","email":"fengmk2@gmail.com"},"license":"MIT","_etag":"\"15e5-hlD7qHvpSyaWx4r8EqHZqMLLMy4\""}