{"_id":"giturl","_rev":"7-3bc5e998a9312589221de88b43eb3e9b","name":"giturl","description":"Transfer git url to web url","dist-tags":{"latest":"1.0.0"},"versions":{"0.0.1":{"name":"giturl","version":"0.0.1","description":"Transfer git url to web url","main":"index.js","scripts":{"test":"make test-all"},"config":{"blanket":{"pattern":"giturl/lib"},"travis-cov":{"threshold":100}},"dependencies":{},"devDependencies":{"autod":"*","contributors":"*","should":"*","blanket":"*","travis-cov":"*","cov":"*","coveralls":"*","mocha-lcov-reporter":"*","mocha":"*"},"homepage":"https://github.com/fengmk2/giturl","repository":{"type":"git","url":"git://github.com/fengmk2/giturl.git","web":"https://github.com/fengmk2/giturl"},"bugs":{"url":"https://github.com/fengmk2/giturl/issues","email":"fengmk2@gmail.com"},"keywords":["giturl","git","github","gitlab","url"],"engines":{"node":">= 0.10.0"},"author":{"name":"fengmk2","email":"fengmk2@gmail.com","url":"http://fengmk2.github.com"},"license":"MIT","contributors":[{"name":"fengmk2","email":"fengmk2@gmail.com","url":"https://github.com/fengmk2"}],"_id":"giturl@0.0.1","dist":{"shasum":"9a8fbac55b76c58d02211233240584606ef6ecb2","tarball":"https://registry.npmjs.org/giturl/-/giturl-0.0.1.tgz"},"_from":".","_npmVersion":"1.3.21","_npmUser":{"name":"fengmk2","email":"fengmk2@gmail.com"},"maintainers":[{"name":"fengmk2","email":"fengmk2@gmail.com"}],"directories":{}},"0.0.2":{"name":"giturl","version":"0.0.2","description":"Transfer git url to web url","main":"index.js","scripts":{"test":"make test-all"},"config":{"blanket":{"pattern":"giturl/lib"},"travis-cov":{"threshold":100}},"dependencies":{},"devDependencies":{"autod":"*","contributors":"*","should":"*","blanket":"*","travis-cov":"*","cov":"*","coveralls":"*","mocha-lcov-reporter":"*","mocha":"*"},"homepage":"https://github.com/fengmk2/giturl","repository":{"type":"git","url":"git://github.com/fengmk2/giturl.git","web":"https://github.com/fengmk2/giturl"},"bugs":{"url":"https://github.com/fengmk2/giturl/issues","email":"fengmk2@gmail.com"},"keywords":["giturl","git","github","gitlab","url"],"engines":{"node":">= 0.10.0"},"author":{"name":"fengmk2","email":"fengmk2@gmail.com","url":"http://fengmk2.github.com"},"license":"MIT","contributors":[{"name":"fengmk2","email":"fengmk2@gmail.com","url":"https://github.com/fengmk2"}],"_id":"giturl@0.0.2","dist":{"shasum":"8db12be3a3380696aa86220302c8990f337bd4d1","tarball":"https://registry.npmjs.org/giturl/-/giturl-0.0.2.tgz"},"_from":".","_npmVersion":"1.3.25","_npmUser":{"name":"fengmk2","email":"fengmk2@gmail.com"},"maintainers":[{"name":"fengmk2","email":"fengmk2@gmail.com"}],"directories":{}},"0.0.3":{"name":"giturl","version":"0.0.3","description":"Transfer git url to web url","main":"index.js","scripts":{"test":"make test-all"},"config":{"blanket":{"pattern":"giturl/lib"},"travis-cov":{"threshold":100}},"dependencies":{},"devDependencies":{"autod":"*","blanket":"*","contributors":"*","cov":"*","coveralls":"*","jshint":"*","mocha":"*","mocha-lcov-reporter":"*","should":"3.3.1","travis-cov":"*"},"homepage":"https://github.com/repo-utils/giturl","repository":{"type":"git","url":"git://github.com/repo-utils/giturl.git","web":"https://github.com/repo-utils/giturl"},"bugs":{"url":"https://github.com/repo-utils/giturl/issues","email":"fengmk2@gmail.com"},"keywords":["giturl","git","github","gitlab","url"],"engines":{"node":">= 0.10.0"},"author":{"name":"fengmk2","email":"fengmk2@gmail.com","url":"http://fengmk2.github.com"},"license":"MIT","contributors":[{"name":"fengmk2","email":"fengmk2@gmail.com","url":"https://github.com/fengmk2"}],"_id":"giturl@0.0.3","dist":{"shasum":"0454fdffe517dac0d422a689de11adf924ee737a","tarball":"https://registry.npmjs.org/giturl/-/giturl-0.0.3.tgz"},"_from":".","_npmVersion":"1.4.6","_npmUser":{"name":"fengmk2","email":"fengmk2@gmail.com"},"maintainers":[{"name":"fengmk2","email":"fengmk2@gmail.com"}],"directories":{}},"1.0.0":{"name":"giturl","version":"1.0.0","description":"Transfer git url to web url","main":"index.js","scripts":{"test":"mocha test/*.test.js"},"config":{"blanket":{"pattern":"giturl/lib"},"travis-cov":{"threshold":100}},"dependencies":{},"devDependencies":{"autod":"*","blanket":"*","contributors":"*","cov":"*","coveralls":"*","jshint":"*","mocha":"*","mocha-lcov-reporter":"*","should":"3.3.1","travis-cov":"*"},"homepage":"https://github.com/repo-utils/giturl","repository":{"type":"git","url":"git://github.com/repo-utils/giturl.git","web":"https://github.com/repo-utils/giturl"},"bugs":{"url":"https://github.com/repo-utils/giturl/issues","email":"fengmk2@gmail.com"},"keywords":["giturl","git","github","gitlab","url"],"engines":{"node":">= 0.10.0"},"author":{"name":"fengmk2","email":"fengmk2@gmail.com","url":"http://fengmk2.github.com"},"license":"MIT","contributors":[{"name":"fengmk2","email":"fengmk2@gmail.com","url":"https://github.com/fengmk2"},{"name":"popomore","email":"sakura9515@gmail.com","url":"https://github.com/popomore"}],"gitHead":"a71915e8609cf232021531c8c10723cb8cb57501","_id":"giturl@1.0.0","_shasum":"9732a81e9e25c457a22f0e2ca1c9c51dbbb5325f","_from":".","_npmVersion":"3.3.6","_nodeVersion":"4.2.1","_npmUser":{"name":"fengmk2","email":"fengmk2@gmail.com"},"maintainers":[{"name":"fengmk2","email":"fengmk2@gmail.com"}],"dist":{"shasum":"9732a81e9e25c457a22f0e2ca1c9c51dbbb5325f","tarball":"https://registry.npmjs.org/giturl/-/giturl-1.0.0.tgz"},"directories":{}}},"readme":"giturl\n=======\n\n[![Build Status](https://secure.travis-ci.org/repo-utils/giturl.png)](http://travis-ci.org/repo-utils/giturl)\n\n[![Coverage Status](https://coveralls.io/repos/repo-utils/giturl/badge.png)](https://coveralls.io/r/repo-utils/giturl)\n\n[![Dependency Status](https://gemnasium.com/repo-utils/giturl.png)](https://gemnasium.com/repo-utils/giturl)\n\n[![NPM](https://nodei.co/npm/giturl.png?downloads=true&stars=true)](https://nodei.co/npm/giturl/)\n\n![logo](https://raw.github.com/repo-utils/giturl/master/logo.png)\n\nTransfer git url to web url.\n\n## Install\n\n```bash\n$ npm install giturl\n```\n\n## Usage\n\n```js\nvar giturl = require('giturl');\n\ngiturl.parse('git://gitlab.com/edp/logger.git');\n// => http://gitlab.com/edp/logger\n\ngiturl.parse('git@gitlab.com:edp/logger.git');\n// => http://gitlab.com/edp/logger\n\ngiturl.parse('git://github.com/treygriffith/cellar.git');\n// => https://github.com/treygriffith/cellar\n\ngiturl.parse('https://jpillora@github.com/banchee/tranquil.git');\n// => https://github.com/banchee/tranquil\n\ngiturl.parse('https://jpillora@github.com/banchee/tranquil.git');\n// => https://github.com/banchee/tranquil\n\ngiturl.parse('git@github.com:cnpm/cnpm.git');\n// => https://github.com/cnpm/cnpm\n\ngiturl.parse('git@gitcafe.com:fengmk2/cnpm.git');\n// => http://gitcafe.com/fengmk2/cnpm\n\ngiturl.parse('http://github.com/component/emitter/archive/1.0.1.tar.gz')\n// => https://github.com/component/emitter\n```\n\n## License\n\n(The MIT License)\n\nCopyright (c) 2014 fengmk2 &lt;fengmk2@gmail.com&gt; and other contributors\n\nPermission is hereby granted, free of charge, to any person obtaining\na copy of this software and associated documentation files (the\n'Software'), to deal in the Software without restriction, including\nwithout limitation the rights to use, copy, modify, merge, publish,\ndistribute, sublicense, and/or sell copies of the Software, and to\npermit persons to whom the Software is furnished to do so, subject to\nthe following conditions:\n\nThe above copyright notice and this permission notice shall be\nincluded in all copies or substantial portions of the Software.\n\nTHE SOFTWARE IS PROVIDED 'AS IS', WITHOUT WARRANTY OF ANY KIND,\nEXPRESS OR IMPLIED, INCLUDING BUT NOT LIMITED TO THE WARRANTIES OF\nMERCHANTABILITY, FITNESS FOR A PARTICULAR PURPOSE AND NONINFRINGEMENT.\nIN NO EVENT SHALL THE AUTHORS OR COPYRIGHT HOLDERS BE LIABLE FOR ANY\nCLAIM, DAMAGES OR OTHER LIABILITY, WHETHER IN AN ACTION OF CONTRACT,\nTORT OR OTHERWISE, ARISING FROM, OUT OF OR IN CONNECTION WITH THE\nSOFTWARE OR THE USE OR OTHER DEALINGS IN THE SOFTWARE.\n","maintainers":[{"name":"fengmk2","email":"fengmk2@gmail.com"}],"time":{"modified":"2015-10-15T11:31:12.661Z","created":"2014-01-20T12:46:06.141Z","0.0.1":"2014-01-20T12:46:06.141Z","0.0.2":"2014-02-27T12:49:50.770Z","0.0.3":"2014-04-24T03:50:56.337Z","1.0.0":"2015-10-15T11:31:12.661Z"},"readmeFilename":"README.md","homepage":"https://github.com/repo-utils/giturl","keywords":["giturl","git","github","gitlab","url"],"repository":{"type":"git","url":"git://github.com/repo-utils/giturl.git","web":"https://github.com/repo-utils/giturl"},"contributors":[{"name":"fengmk2","email":"fengmk2@gmail.com","url":"https://github.com/fengmk2"},{"name":"popomore","email":"sakura9515@gmail.com","url":"https://github.com/popomore"}],"author":{"name":"fengmk2","email":"fengmk2@gmail.com","url":"http://fengmk2.github.com"},"bugs":{"url":"https://github.com/repo-utils/giturl/issues","email":"fengmk2@gmail.com"},"license":"MIT","users":{"afc163":true},"_attachments":{},"_etag":"W/\"561f8e80-235c\"","_lastModified":"Thu, 15 Oct 2015 11:31:12 GMT","_cached":true}